page	https://www.dosje.gov.in/
page	https://www.dosje.gov.in/footer-carousel/
page	https://www.dosje.gov.in/samavesh-citizen-portals/
page	https://www.dosje.gov.in/about-us/
page	https://www.dosje.gov.in/miscellaneous/
page	https://www.dosje.gov.in/meta-data/
page	https://www.dosje.gov.in/mosje-directory/
page	https://www.dosje.gov.in/contact-us-2/
page	https://www.dosje.gov.in/cookies/
page	https://www.dosje.gov.in/guidelines-for-assisting-ngos-voluntary-organisations/
page	https://www.dosje.gov.in/list-of-scheduled-castes/
page	https://www.dosje.gov.in/advertisement/
page	https://www.dosje.gov.in/visitor-analytics/
page	https://www.dosje.gov.in/whos-who/
page	https://www.dosje.gov.in/bjrnf-directory/
page	https://www.dosje.gov.in/home-page/help/
page	https://www.dosje.gov.in/home-page/copyright-policy/
page	https://www.dosje.gov.in/home-page/hyperlinking-policy/
page	https://www.dosje.gov.in/daic-directory/
page	https://www.dosje.gov.in/nisd-directory/
page	https://www.dosje.gov.in/samavesh-admin-portals/
page	https://www.dosje.gov.in/pm-ajay-directory/
page	https://www.dosje.gov.in/resources/
page	https://www.dosje.gov.in/nsfdc-directory/
page	https://www.dosje.gov.in/nhaa-directory/
page	https://www.dosje.gov.in/official-language-act/
page	https://www.dosje.gov.in/home-page/terms-conditions/
page	https://www.dosje.gov.in/updates/
page	https://www.dosje.gov.in/vacancies/
page	https://www.dosje.gov.in/tenders/
page	https://www.dosje.gov.in/supreme-court-judgement/
page	https://www.dosje.gov.in/schemes-services/
page	https://www.dosje.gov.in/suo-moto-disclosure/
page	https://www.dosje.gov.in/policies/
page	https://www.dosje.gov.in/newsletter/
page	https://www.dosje.gov.in/publications/
page	https://www.dosje.gov.in/notices/
page	https://www.dosje.gov.in/rti/
page	https://www.dosje.gov.in/mou/
page	https://www.dosje.gov.in/lok-sabha-question-answer/
page	https://www.dosje.gov.in/home-page/for-student/
page	https://www.dosje.gov.in/home-page/privacy-policy/
page	https://www.dosje.gov.in/home-page/sitemap/
page	https://www.dosje.gov.in/home-page/for-beneficiary/
page	https://www.dosje.gov.in/home-page/for-government-official/
page	https://www.dosje.gov.in/home-page/for-researchers/
page	https://www.dosje.gov.in/events/
page	https://www.dosje.gov.in/forms-templates/
page	https://www.dosje.gov.in/gallery/
page	https://www.dosje.gov.in/contact-us/
page	https://www.dosje.gov.in/dashboard/
page	https://www.dosje.gov.in/cpio/
page	https://www.dosje.gov.in/circulars-notifications/
page	https://www.dosje.gov.in/annual-reports/
page	https://www.dosje.gov.in/advices/
page	https://www.dosje.gov.in/acts-rules/
page	https://www.dosje.gov.in/social-defence-faqs/
page	https://www.dosje.gov.in/about-the-division-social-defence/
page	https://www.dosje.gov.in/daf-directory/
page	https://www.dosje.gov.in/chairpersons-office/
page	https://www.dosje.gov.in/nskfdc-directory/
page	https://www.dosje.gov.in/ncsk-directory/
page	https://www.dosje.gov.in/scw-directory/
page	https://www.dosje.gov.in/ncbc-directory/
page	https://www.dosje.gov.in/nbcfdc-directory/
page	https://www.dosje.gov.in/dwbdnc-directory/
page	https://www.dosje.gov.in/handbook-on-social-welfare-statistics/
page	https://www.dosje.gov.in/list-of-research-evaluation-studies/
page	https://www.dosje.gov.in/about-the-division-statistics-division/
page	https://www.dosje.gov.in/about-the-division-2/
page	https://www.dosje.gov.in/special-mention-matters-raised-under-377/
page	https://www.dosje.gov.in/assurances/
page	https://www.dosje.gov.in/grants-in-aid-to-ngos-faqs/
page	https://www.dosje.gov.in/list-of-de-blacklisted-ngos/
page	https://www.dosje.gov.in/grants-suspended-list-blacklisted-ngos/
page	https://www.dosje.gov.in/minutes-of-screening-committees-2/
page	https://www.dosje.gov.in/activities-of-the-ministry-official-language/
page	https://www.dosje.gov.in/official-language-background/
page	https://www.dosje.gov.in/policies-acts-rules-codes-circular-social-defence/
page	https://www.dosje.gov.in/organisation-under-division-social-division/
page	https://www.dosje.gov.in/drug-division/
page	https://www.dosje.gov.in/welfare-of-the-other-backward-classes/
page	https://www.dosje.gov.in/cessation-of-voluntary-organisation-activities/
page	https://www.dosje.gov.in/penalties-in-case-of-misutilization-of-grands/
page	https://www.dosje.gov.in/inspection-and-monitoring-procedure/
page	https://www.dosje.gov.in/contact-person/
page	https://www.dosje.gov.in/detailed-demand-for-grant/
page	https://www.dosje.gov.in/minutes-of-screening-committees/
page	https://www.dosje.gov.in/procedure-for-processing-grant-in-aid-cases-in-respect-of-voluntary-organisations/
page	https://www.dosje.gov.in/prioritization-guidelines-for-funding-projects-by-vuluntary-organisations/
page	https://www.dosje.gov.in/policies-acts-rules-codes-circular/
page	https://www.dosje.gov.in/about-the-division-welfare-of-the-other-backward-classes/
page	https://www.dosje.gov.in/policies-acts-rules-circular/
page	https://www.dosje.gov.in/about-the-division/
booking	https://www.dosje.gov.in/booking/conference-3/
booking	https://www.dosje.gov.in/booking/vaishali/
booking	https://www.dosje.gov.in/booking/shravasti-1st-floor/
booking	https://www.dosje.gov.in/booking/nalanda/
booking	https://www.dosje.gov.in/booking/samrasta/
booking	https://www.dosje.gov.in/booking/conference-2/
booking	https://www.dosje.gov.in/booking/first-floor-foyer-area/
booking	https://www.dosje.gov.in/booking/open-space-for-dining-purpose/
booking	https://www.dosje.gov.in/booking/open-space-not-for-dining-purpose/
booking	https://www.dosje.gov.in/booking/bhim/
booking	https://www.dosje.gov.in/booking/atrium-area/
booking	https://www.dosje.gov.in/booking/conference-1/
cpio	https://www.dosje.gov.in/cpio/shri-sumit-kumar/
cpio	https://www.dosje.gov.in/cpio/shri-vinesh-pachnanda/
cpio	https://www.dosje.gov.in/cpio/shri-rajan-meena/
cpio	https://www.dosje.gov.in/cpio/shri-pankaj-kumar-prabhat/
cpio	https://www.dosje.gov.in/cpio/nodal-officer-first-appellate-authority-faa/
cpio	https://www.dosje.gov.in/cpio/shri-mahendra-kumar-meena/
cpio	https://www.dosje.gov.in/cpio/shri-vikas-kumar/
cpio	https://www.dosje.gov.in/cpio/shri-sharwan-kumar-benwal/
cpio	https://www.dosje.gov.in/cpio/sh-sudhir-hilsayan/
cpio	https://www.dosje.gov.in/cpio/ms-ruchi-sharma/
cpio	https://www.dosje.gov.in/cpio/sh-suresh-kumar/
cpio	https://www.dosje.gov.in/cpio/dr-r-giri-raj/
cpio	https://www.dosje.gov.in/cpio/ms-tanya-sengupta/
documents	https://www.dosje.gov.in/documents/corrigendum-to-pm-daksh-scheme-guidelines/
documents	https://www.dosje.gov.in/documents/expression-of-interest-eoi-for-rate-of-interest-for-investment-of-an-amount-of-rs-105-00-crore-in-fixed-deposit-from-public-and-private-sector-banks/
documents	https://www.dosje.gov.in/documents/cancellation-notice-regarding-the-advertisement-for-engagement-of-pmu-state-coordinators-under-the-pmu/
documents	https://www.dosje.gov.in/documents/expression-of-interest-eoi-for-rate-of-interest-for-investment-of-an-amount-of-rs-10-00-crore-in-fixed-deposit-from-public-and-private-sector-banks/
documents	https://www.dosje.gov.in/documents/inviting-expression-of-interest-cum-proposal-from-the-eligible-organizations-for-setting-up-of-district-de-addiction-centres-ddacs-under-the-scheme-of-national-action-plan-for-drug-demand-reduction/
documents	https://www.dosje.gov.in/documents/important-notice-for-shreshta-scheme/
documents	https://www.dosje.gov.in/documents/notice-for-appointment-of-statutory-auditor-2/
documents	https://www.dosje.gov.in/documents/notice-for-appointment-of-statutory-auditor-3/
documents	https://www.dosje.gov.in/documents/notice-for-investment-of-an-amount-of-rs-14-00-rs-16-00-crore-in-fixed-deposit/
documents	https://www.dosje.gov.in/documents/cancellation-of-empanelment-of-training-partners-tps-for-the-year-2024-25-under-pm-daksh/
documents	https://www.dosje.gov.in/documents/policy-regarding-equal-opportunity-policy-for-transgender-persons/
documents	https://www.dosje.gov.in/documents/utilization-of-funds-by-departments-ministries-earmarked-for-scs-under-dapsc/
documents	https://www.dosje.gov.in/documents/expression-of-interesteoi-for-empanelment-of-training-centrestcs-for-imparting-training-under-pm-daksh/
documents	https://www.dosje.gov.in/documents/extension-of-date-of-calling-of-proposal-for-garima-greh/
documents	https://www.dosje.gov.in/documents/conducting-plantation-drive-in-the-old-age-homes-and-sharing-of-photograph/
documents	https://www.dosje.gov.in/documents/notice-to-psu-bank-for-bulk-investment-of-an-amount-of-rs-60-00-rs-65-00-crore-in-fixed-deposit/
documents	https://www.dosje.gov.in/documents/notice-to-psu-bank-for-bulk-investment-of-an-amount-of-rs-100-00-rs-110-00-crore-in-fixed-deposit/
documents	https://www.dosje.gov.in/documents/check-list-for-furnishing-complete-documents-while-forwarding-proposal-for-release-of-funds-on-e-anudaan-portal-by-ngos-and-other-organizations-such-as-irca-ddac-odic-cpli/
documents	https://www.dosje.gov.in/documents/notice-to-psu-bank-for-investment-of-an-amount-of-rs-65-00-crore-to-rs-70-00-crore-in-fixed-deposit-dr-ambedkar-foundation/
documents	https://www.dosje.gov.in/documents/pm-daksh-scheme-notice-for-postponing-the-said-camp/
documents	https://www.dosje.gov.in/documents/inviting-online-application-national-entrance-test-for-shreshta-nets/
documents	https://www.dosje.gov.in/documents/suo-motu-cognizance-taken-by-the-ncsk-in-sewer-death-cases-with-compensation-payment-status-january-2025-to-august-2026/
documents	https://www.dosje.gov.in/documents/status-of-constitution-of-district-sub-divisional-vigilance-committees-in-states-as-on-31-08-2026/
documents	https://www.dosje.gov.in/documents/status-of-constitution-of-state-monitoring-committees-as-on-31-08-2026/
documents	https://www.dosje.gov.in/documents/list-of-state-commissions-for-safai-karamcharis-designated-agencies-as-on-31-08-2026/
documents	https://www.dosje.gov.in/documents/list-of-cases-where-of-sewer-deaths-legal-heirs-could-not-be-traced-despite-best-efforts-up-to-31st-sugust-2026/
documents	https://www.dosje.gov.in/documents/list-of-cases-where-of-sewer-deaths-legal-heirs-could-not-be-traced-despite-best-efforts-up-to-30th-july-2026/
documents	https://www.dosje.gov.in/documents/total-number-of-sewer-septic-tank-death-cases-from-1993-up-to-31st-august-2026/
documents	https://www.dosje.gov.in/documents/vacancy-circular-for-the-post-of-consultant-digital-media-on-contract-basis-at-daic-walk-in-interview-on-20-11-2024/
documents	https://www.dosje.gov.in/documents/notice-inviting-expression-of-interest/
documents	https://www.dosje.gov.in/documents/short-term-internship-program-daic-corrigendum-last-date-20-02-2024-1/
documents	https://www.dosje.gov.in/documents/inviting-quotations-from-chartered-accountant-auditors-for-preparation-of-balance-sheet-f-y-2021-22-to-2023-24-of-dwbdnc-board/
documents	https://www.dosje.gov.in/documents/inviting-expression-of-interest-cum-proposal-from-the-eligible-organizations-for-setting-up-of-district-de-addiction-centres-ddacs-under-the-scheme-of-national-action-plan-for-drug-demand-reduction-3/
documents	https://www.dosje.gov.in/documents/inviting-expression-of-interest-cum-proposal-from-the-eligible-ngos-and-organisations-for-undertaking-focused-intervention-programmes-under-national-action-plan-for-drug-demand-reduction-during-the-fi/
documents	https://www.dosje.gov.in/documents/invite-quotations-from-chartered-accountant-firms-copy/
documents	https://www.dosje.gov.in/documents/invitation-to-training-partners-for-imparting-training-in-geriatric-caregiving/
documents	https://www.dosje.gov.in/documents/invitation-of-nominations-for-national-awards-for-senior-citizens-vayoshreshtha-samman-2020/
documents	https://www.dosje.gov.in/documents/invitation-of-bids-for-empanelment-as-outdoor-catering-services-providers-at-dr-ambedkar-international-centre-15-janpath-new-delhi/
documents	https://www.dosje.gov.in/documents/extension-of-date-application-for-the-post-of-je-electrical-electronics-at-daic/
documents	https://www.dosje.gov.in/documents/extension-of-date-invitation-of-bids-for-running-canteen-cafeteria-at-ground-floor-of-dr-ambedkar-national-memorial-26-alipur-road-delhi/
documents	https://www.dosje.gov.in/documents/expression-of-interest-eoi-for-rate-of-interest-for-investment-of-an-amount-of-rs-70-00-crore-in-fixed-deposit-from-public-and-private-sector-banks-schedule-commercial-banks-2/
documents	https://www.dosje.gov.in/documents/dr-ambedkar-international-centre-daic-new-delhi-invitesapplication-for-post-doctoral-fellowships-from-applicants-with-outstanding-research-credentials-experience-in-related-areas/
documents	https://www.dosje.gov.in/documents/comments-are-invited-by-the-stakeholders-for-the-revision-in-recruitment-rules-of-multi-tasking-staff-in-national-commission-for-scheduled-castes/
documents	https://www.dosje.gov.in/documents/comments-are-invited-by-the-general-public-and-ncsc-for-the-rrs-of-deputy-inspector-general-of-police-in-ncsc/
documents	https://www.dosje.gov.in/documents/comments-are-invited-by-the-general-public-and-ncsc-for-the-rrs-of-assistant-public-relation-officer-in-ncsc/
documents	https://www.dosje.gov.in/documents/yasasvi-entrance-test-yet-for-top-class-schools-obc-ebc-and-dnt-students/
documents	https://www.dosje.gov.in/documents/walk-in-interview-for-the-post-of-consultant-admin-at-dr-ambedkar-international-centre-daic/
documents	https://www.dosje.gov.in/documents/vacancy-announcement-for-programme-management-unit-pmu-state-coordinators-2023/
documents	https://www.dosje.gov.in/documents/opportunity-for-scheduled-castes-sc-and-backward-classes-bc-entrepreneures-to-avail-concessional-finances/
documents	https://www.dosje.gov.in/documents/notice-to-psu-bank-for-investment-of-an-amount-of-rs-235-240-crore-in-fixed-deposit-dr-ambedkar-foundation/
documents	https://www.dosje.gov.in/documents/notice-to-psu-bank-for-investment-of-an-amount-of-9-10-crores-in-fixed-deposit-dr-ambedkar-foundation/
documents	https://www.dosje.gov.in/documents/national-overseas-scholarship-passage-grant-for-sc-etc-candidates-for-the-selection-year-2017-18/
documents	https://www.dosje.gov.in/documents/ministry-of-social-justice-empowerment-msje-invites-sealed-expression-of-interest-eoi-from-indian-consulting-agencies-for-handling-social-media-platforms-of-d-o-sje/
documents	https://www.dosje.gov.in/documents/list-of-candidate-shortlisted-for-participation-in-the-written-exam-of-pmu-batch-2023/
documents	https://www.dosje.gov.in/documents/invitation-of-applications-for-the-national-awards-for-outstanding-services-in-the-field-of-prevention-of-alcoholism-and-substance-drug-abuse-2020/
documents	https://www.dosje.gov.in/documents/invitation-of-applications-for-best-panchayati-raj-or-municipal-body-working-for-prevention-of-alcoholism-and-substance-drug-abuse-under-institutional-category-for-national-awards-in-the-fields/
documents	https://www.dosje.gov.in/documents/invitation-for-expression-of-interest-from-bureau-of-outreach-communication-boc-empanelled-advertising-agencies-for-copy-writing-concept-designing-of-creative-advertisement-for-multimedia-elect/
documents	https://www.dosje.gov.in/documents/filling-up-the-post-of-sr-investigator-in-the-national-commission-for-scheduled-castes-by-deputation/
documents	https://www.dosje.gov.in/documents/filling-up-the-post-of-research-officer-in-the-national-commission-for-scheduled-castes-by-deputation-basis/
documents	https://www.dosje.gov.in/documents/filling-up-the-post-of-accountant-in-the-national-commission-for-scheduled-castes-by-deputation-basis/
documents	https://www.dosje.gov.in/documents/extenstion-of-date-invitation-of-bids-for-running-canteencafeteria-at-ground-floor-of-dr-ambedkar-national-memorial-danm/
documents	https://www.dosje.gov.in/documents/extenstion-of-date-invitation-of-bids-for-empanelment-as-outdoor-catering-services-providers-at-dr-ambedkar-international-centre-15-janpath-new-delhi/
documents	https://www.dosje.gov.in/documents/extension-of-last-date-for-submission-of-eoi-cum-proposal-from-the-eligible-organizations-for-setting-up-of-district-de-addiction-centres-under-napddr/
documents	https://www.dosje.gov.in/documents/clarification-regarding-doubts-queries-raised-by-the-applicants-who-have-applied-for-the-post-of-pmu-coordinators-for-the-year-2023/
documents	https://www.dosje.gov.in/documents/citizen-charter/
documents	https://www.dosje.gov.in/documents/appointment-of-statutory-auditor-for-i-dr-ambedkar-international-centre-for-f-y-2020-21-2021-22-ii-dr-ambedkar-foundation-for-the-f-y-2021-22/
documents	https://www.dosje.gov.in/documents/applications-are-invited-from-eligible-candidates-for-filling-up-the-post-in-nisd/
documents	https://www.dosje.gov.in/documents/application-for-the-post-of-member-secretary-daf-on-contract-basis/
documents	https://www.dosje.gov.in/documents/application-are-invited-for-the-various-posts-of-law-officer-assistant-director-programming-assistant-library-and-information-officer-in-the-national-commission-for-scheduled-castes-ncsc-by-deput/
documents	https://www.dosje.gov.in/documents/advertisement-for-inviting-applications-for-2022-23-under-free-coaching-scheme-for-sc-and-obc-students/
documents	https://www.dosje.gov.in/documents/expression-of-interest-eoi-for-rate-of-interest-for-investment-of-an-amount-of-rs-5-00-crore-in-fixed-deposit-from-public-and-private-sector-banks-schedule-commercial-banks/
documents	https://www.dosje.gov.in/documents/expression-of-interest-eoi-for-rate-of-interest-for-investment-of-an-amount-of-rs-70-00-crore-in-fixed-deposit-from-public-and-private-sector-banks-schedule-commercial-banks/
documents	https://www.dosje.gov.in/documents/expression-of-interest-eoi-for-rate-of-interest-for-investment-of-an-amount-of-rs-64-00-crore-in-fixed-deposit-from-public-and-private-sector-banks-scheduled-commercial-banks/
documents	https://www.dosje.gov.in/documents/circular-appointment-to-the-two-posts-of-research-officer-in-the-national-commission-for-backward-classes-on-deputation-basis-2/
documents	https://www.dosje.gov.in/documents/circular-appointment-to-the-two-posts-of-research-officer-in-the-national-commission-for-backward-classes-on-deputation-basis/
documents	https://www.dosje.gov.in/documents/circular-appointment-to-the-one-post-of-accounts-officer-in-the-national-commission-for-backward-classes-on-deputation-basis/
documents	https://www.dosje.gov.in/documents/notice-inviting-applications-from-retired-central-government-officers-for-engagement-as-consultant-on-contract-basis-in-the-department-of-social-justice-and-empowerment/
documents	https://www.dosje.gov.in/documents/counselling-events-schedule-for-shreshta-nets-2024/
documents	https://www.dosje.gov.in/documents/vacancy-announcement-for-consultants-on-contract-basis-in-nisd-2024/
documents	https://www.dosje.gov.in/documents/schedule-for-3rd-round-of-e-counselling-nets-2024/
documents	https://www.dosje.gov.in/documents/schedule-for-4th-round-of-e-counselling-nets-2024/
documents	https://www.dosje.gov.in/documents/invitation-of-bids-for-running-canteen-cafeteria-at-first-floor-at-dr-ambedkar-international-centre-daic-through-e-procuremnet-online/
documents	https://www.dosje.gov.in/documents/vacancy-circular-for-the-post-of-consultant-digital-media-on-contract-basis-at-daic-walk-in-interview-on-20-11-2024-2/
documents	https://www.dosje.gov.in/documents/expression-of-interest-eoi-for-rate-of-interest-for-investment-of-an-amount-of-rs-70-00-crore-in-fixed-deposit-from-public-and-private-sector-banks-scheduled-commercial-banks/
documents	https://www.dosje.gov.in/documents/expression-of-interest-eoi-for-rate-of-interest-for-investment-of-an-amount-of-rs-32-00-35-00-crore-in-fixed-deposit-from-public-and-private-sector-banks-schedule-commercial-banks/
documents	https://www.dosje.gov.in/documents/the-scheme-guidelines/
documents	https://www.dosje.gov.in/documents/the-sc-and-st-poa-rules-2018/
documents	https://www.dosje.gov.in/documents/the-sc-and-st-poa-rules-2016/
documents	https://www.dosje.gov.in/documents/the-sc-and-st-poa-rules-1995/
documents	https://www.dosje.gov.in/documents/the-sc-and-st-poa-act-1989/
documents	https://www.dosje.gov.in/documents/the-pcr-act-1955-2/
documents	https://www.dosje.gov.in/documents/sop/
documents	https://www.dosje.gov.in/documents/faqs/
documents	https://www.dosje.gov.in/documents/samajik-nyay-sandesh-october-to-december-2022/
documents	https://www.dosje.gov.in/documents/lnviting-expression-of-lnterest-cum-proposal-from-the-eligible-organizations-for-setting-up-of-district-de-addiction-centres-undor-the-scheme-of-national-action-plan-for-drug-demand-reduction-napddr/
documents	https://www.dosje.gov.in/documents/samajik-nyay-sandesh-january-to-march-2026/
documents	https://www.dosje.gov.in/documents/samajik-nyay-sandesh-6/
documents	https://www.dosje.gov.in/documents/samajik-nyay-sandesh-5/
documents	https://www.dosje.gov.in/documents/samajik-nyay-sandesh-4/
documents	https://www.dosje.gov.in/documents/samajik-nyay-sandesh-october-to-december-2024/
documents	https://www.dosje.gov.in/documents/samajik-nyay-sandesh-january-to-march-2025/
documents	https://www.dosje.gov.in/documents/samajik-nyay-sandesh-april-to-june-2025/
documents	https://www.dosje.gov.in/documents/new-registered-book-suppliers-for-daic-library-for-the-fy-2022-23-3/
documents	https://www.dosje.gov.in/documents/dr-ambedkar-international-award-2022/
documents	https://www.dosje.gov.in/documents/vacancy-circular-for-the-post-of-director-in-dr-ambedkar-foundation-erstwhile-director-daic-by-deputation-including-short-term-contract/
documents	https://www.dosje.gov.in/documents/vacancy-circular-for-engagement-as-young-professional-for-post-of-assistant-accounts-walk-in-interview/
documents	https://www.dosje.gov.in/documents/tentative-notional-allocation-for-the-states-uts-under-the-grants-in-aid-for-district-state-level-projects-for-socio-economic-betterment-of-scs-component-under-pradhan-mantri-anusuc/
documents	https://www.dosje.gov.in/documents/tentative-notional-allocation-for-the-states-uts-under-the-grants-in-aid-for-district-statelevel-projects-for-socio-economic-betterment-of-scs-component-under-pradhan-mantri-anusuchit-jaati-abhyu/
documents	https://www.dosje.gov.in/documents/short-term-internship-programme-at-dr-ambedkar-international-centre-15-janpath-new-delhi-110001/
documents	https://www.dosje.gov.in/documents/notice-for-appointment-of-statutory-auditor/
documents	https://www.dosje.gov.in/documents/%e0%a4%a4%e0%a5%8b%e0%a4%b0%e0%a4%a3%e0%a4%a6%e0%a5%8d%e0%a4%b5%e0%a4%be%e0%a4%b0-daic/
documents	https://www.dosje.gov.in/documents/notice-opening-of-quotation-for-appointment-of-statutory-auditor-for-daf-daic/
documents	https://www.dosje.gov.in/documents/inviting-quotations-for-auction-of-old-newspapers/
documents	https://www.dosje.gov.in/documents/short-term-internship-programme-at-daic-last-date-30-10-2024/
documents	https://www.dosje.gov.in/documents/security-audit-certificate/
documents	https://www.dosje.gov.in/documents/e-magazine-unnati-10th-edition/
documents	https://www.dosje.gov.in/documents/submission-of-annual-plan-under-gia-component-of-pm-ajay-for-2026-27-reg/
documents	https://www.dosje.gov.in/documents/annual-report-2024-25-4/
documents	https://www.dosje.gov.in/documents/annual-report-2023-24-5/
documents	https://www.dosje.gov.in/documents/new-registered-book-suppliers-for-daic-library-for-the-fy-2022-23-2/
documents	https://www.dosje.gov.in/documents/news-updates-mosje-20th-026th-march-2023/
documents	https://www.dosje.gov.in/documents/notice-to-banks-for-an-investment-of-35-crores-in-fixed-deposit-2/
documents	https://www.dosje.gov.in/documents/news-updates-mosje-26th-1-april-2023/
documents	https://www.dosje.gov.in/documents/dr-ambedkar-international-centres-internship-program/
documents	https://www.dosje.gov.in/documents/dr-ambedkar-international-centres-internship-programme-daic-corrigendum-last-date-20-02-2024/
documents	https://www.dosje.gov.in/documents/short-term-internship-programme-at-daic-last-date-30-10-2024-2/
documents	https://www.dosje.gov.in/documents/vacancy-circular-for-various-posts-at-daic-on-deputation-basis/
documents	https://www.dosje.gov.in/documents/dr-ambedkar-national-and-international-award-cancelled/
documents	https://www.dosje.gov.in/documents/call-for-contributions-commemorating-75-years-of-the-indian-constitution/
documents	https://www.dosje.gov.in/documents/dr-ambedkar-national-award-2022/
documents	https://www.dosje.gov.in/documents/the-prohibition-of-employment-as-manual-scavengers-and-their-rehabilitation-act-2013/
documents	https://www.dosje.gov.in/documents/the-national-commission-for-safai-karamcharis-amendment-act1997/
documents	https://www.dosje.gov.in/documents/notification-for-enforcement-of-the-act-the-prohibition-of-employment-as-manual-scavengers-and-their-rehabilitation-act-2013/
documents	https://www.dosje.gov.in/documents/the-prohibition-of-employment-as-manual-scavengers-and-their-rehabilitation-rules-2013/
documents	https://www.dosje.gov.in/documents/national-commission-for-safai-karamchari-act-1993/
documents	https://www.dosje.gov.in/documents/the-employment-of-manual-scavengers-and-construction-of-dry-latrines-prohibition-act-1993/
documents	https://www.dosje.gov.in/documents/suo-motu-cognizance-taken-by-the-ncsk-in-sewer-death-cases-with-compensation-payment-status-january-2025-to-july-2026/
documents	https://www.dosje.gov.in/documents/total-number-of-sewer-septic-tank-death-cases-from-1993-up-to-31st-july-2026/
documents	https://www.dosje.gov.in/documents/status-of-constitution-of-district-sub-divisional-vigilance-committees-in-states-as-on-31-07-2026/
documents	https://www.dosje.gov.in/documents/status-of-constitution-of-state-monitoring-committees-as-on-31-07-2026/
documents	https://www.dosje.gov.in/documents/list-of-state-commissions-for-safai-karamcharis-designated-agencies-as-on-31-07-2026/
documents	https://www.dosje.gov.in/documents/governing-body-members-of-daf/
documents	https://www.dosje.gov.in/documents/general-boby-members-of-daf/
documents	https://www.dosje.gov.in/documents/extension-of-tenure-of-the-15-general-body-members-of-dr-ambedkar-foundation/
documents	https://www.dosje.gov.in/documents/result-of-national-overseas-scholarship-nos-for-the-selection-year-2026-27/
documents	https://www.dosje.gov.in/documents/namshudra/
documents	https://www.dosje.gov.in/documents/8-habits-of-successful-retirees/
documents	https://www.dosje.gov.in/documents/committee-formation-do-to-all-state-alongwith-enclosure/
documents	https://www.dosje.gov.in/documents/memorandum-of-understanding-mou-between-ministry-of-ayush-dosje-mosje/
documents	https://www.dosje.gov.in/documents/memorandum-of-understanding-mou-between-dosje-mosje-brahma-kumaris-for-undertaking-activities-to-conduct-upliftment-programmes-for-senior-citizens/
documents	https://www.dosje.gov.in/documents/memorandum-of-understanding-mou-between-dosjemosje-and-all-world-gayatri-pariwar/
documents	https://www.dosje.gov.in/documents/memorandum-of-understanding-mou-between-dosjemosje-and-birla-open-minds-education-pvt-ltd/
documents	https://www.dosje.gov.in/documents/minimum-standards-for-dementia-care-homes/
documents	https://www.dosje.gov.in/documents/memorandum-of-understanding-for-academic-advocacy-training-collaboration-between-mosje-and-dementia-india-alliance-bengaluru/
documents	https://www.dosje.gov.in/documents/memorandum-of-understanding-mou-between-mosje-and-vyay-vikas/
documents	https://www.dosje.gov.in/documents/annual-report-2021-2022-2/
documents	https://www.dosje.gov.in/documents/nessi-or-kurni-2/
documents	https://www.dosje.gov.in/documents/panniandi/
documents	https://www.dosje.gov.in/documents/teli-nayata-pindari-pindara-kankar/
documents	https://www.dosje.gov.in/documents/gaddi-3/
documents	https://www.dosje.gov.in/documents/niyargar-niyargar-multani-niyaria-2/
documents	https://www.dosje.gov.in/documents/specification-of-obcs-in-respect-of-andhra-pradesh-assam-bihar-goa-gujarat-haryana-himachal-pradesh-karnataka-kerala-madhya-pradesh-maharashtra-punjab-tamil-nadu-and-utter-pradesh-no-120-4/
documents	https://www.dosje.gov.in/documents/addition-in-the-list-of-utter-pradesh-no-12011-13-97-bcc-2/
documents	https://www.dosje.gov.in/documents/specification-of-obcs-in-respect-of-chandigarh-no-12011-99-94-bcc-2/
documents	https://www.dosje.gov.in/documents/amendment-in-the-central-lists-of-obcs-respect-of-the-state-of-tripura-delhi-and-karnataka-no-12011-7-2017-bc-ii-2/
documents	https://www.dosje.gov.in/documents/redefining-retirement-how-indias-seniors-are-embracing-second-careers-entrepreneurship-and-digital-reinvention/
documents	https://www.dosje.gov.in/documents/union-minister-dr-virendra-kumar-chaired-the-4th-meeting-of-national-council-of-senior-citizens-ncsrc-and-charted-forward-path-for-elderly-welfare-and-empowerment/
documents	https://www.dosje.gov.in/documents/minimum-standards-for-senior-citizen-homes/
documents	https://www.dosje.gov.in/documents/lol-new-japan-law-orders-citizens-to-laugh-once-a-day/
documents	https://www.dosje.gov.in/documents/grandparents-involvement-to-help-children-break-mobile-addiction/
documents	https://www.dosje.gov.in/documents/the-countries-with-the-most-centenarians-in-the-world/
documents	https://www.dosje.gov.in/documents/the-indian-senior-citizen-dying-rich-but-not-living-rich/
documents	https://www.dosje.gov.in/documents/why-older-indians-are-more-prone-to-dangerous-falls/
documents	https://www.dosje.gov.in/documents/a-new-journey-with-technology-at-the-age-of-105/
documents	https://www.dosje.gov.in/documents/how-food-as-medicine-is-transforming-senior-health-in-india/
documents	https://www.dosje.gov.in/documents/many-elderly-indians-are-ill-and-not-aware-of-it-finds-study/
documents	https://www.dosje.gov.in/documents/listen-up-how-your-ears-are-connected-to-your-brain-health/
documents	https://www.dosje.gov.in/documents/senior-citizens-act-kerala-hc-expands-definition-of-children-to-include-daughter-in-law-allows-mother-in-law-to-live-in-shared-house/
documents	https://www.dosje.gov.in/documents/in-gujarat-there-is-a-unique-village-where-everyone-dines-together-heres-all-about-it/
documents	https://www.dosje.gov.in/documents/suo-motu-cognizance-taken-by-the-ncsk-in-sewer-death-cases-with-compensation-payment-status-january-2025-to-june-2026/
documents	https://www.dosje.gov.in/documents/list-of-cases-where-of-sewer-deaths-legal-heirs-could-not-be-traced-despite-best-efforts-up-to-30th-june-2026/
documents	https://www.dosje.gov.in/documents/total-number-of-sewer-septic-tank-death-cases-from-1993-up-to-30th-june-2026/
documents	https://www.dosje.gov.in/documents/status-of-constitution-of-district-sub-divisional-vigilance-committees-in-states-as-on-30-06-2026/
documents	https://www.dosje.gov.in/documents/status-of-constitution-of-state-monitoring-committees-as-on-30-06-2026/
documents	https://www.dosje.gov.in/documents/list-of-state-commissions-for-safai-karamcharis-designated-agencies-as-on-30-06-2026/
documents	https://www.dosje.gov.in/documents/uppara-or-sagara-3/
documents	https://www.dosje.gov.in/documents/passi-3/
documents	https://www.dosje.gov.in/documents/kamariya-2/
documents	https://www.dosje.gov.in/documents/bhatial-bhattia/
documents	https://www.dosje.gov.in/documents/kasai-katik-khatik-katuka-katuga-aray-are-kasai-ari-katikelu-kalal-khatik-kasab-maratti-suryavamsha-kshatriya-2/
documents	https://www.dosje.gov.in/documents/shivachara-nagartha/
documents	https://www.dosje.gov.in/documents/kumbri-maratha-belolnging-to-uttara-kannada-district-kulvadi-sudra-marati-belonging-to-uttara-kannada-district/
documents	https://www.dosje.gov.in/documents/sappaliga/
documents	https://www.dosje.gov.in/documents/maha-brahaman-achraj-charaj-acharaya/
documents	https://www.dosje.gov.in/documents/chakali-vannar-devaravandlu-yellammavandlu-mutyalammavandlu-veerabhadreeya-kalinga-2/
documents	https://www.dosje.gov.in/documents/atirasa-of-polavaram-gopalapuram-koyylagudem-buttayagudem-chagallu-mandals-of-west-godavari-district-and-devipattanam-korukonda-and-gokavaram-mandals-of-east-godavari-district/
documents	https://www.dosje.gov.in/documents/perika-balija/
documents	https://www.dosje.gov.in/documents/kaikolan-2/
documents	https://www.dosje.gov.in/documents/nokkar-5/
documents	https://www.dosje.gov.in/documents/chuduvallu/
documents	https://www.dosje.gov.in/documents/shershabadia-badia-bhatia/
documents	https://www.dosje.gov.in/documents/nashya-sekh-2/
documents	https://www.dosje.gov.in/documents/khandait/
documents	https://www.dosje.gov.in/documents/thami-2/
documents	https://www.dosje.gov.in/documents/uppara-uppar-upperalingayat-uppaa-sunnagara-uppaliyan/
documents	https://www.dosje.gov.in/documents/vadabalija-2/
documents	https://www.dosje.gov.in/documents/ramgarhia-turkhan-2/
documents	https://www.dosje.gov.in/documents/vishwakarma-chari-mesta-2/
documents	https://www.dosje.gov.in/documents/tamang-2/
documents	https://www.dosje.gov.in/documents/rangwa/
documents	https://www.dosje.gov.in/documents/first-list/
documents	https://www.dosje.gov.in/documents/rai-sikh-mahatam-4/
documents	https://www.dosje.gov.in/documents/herufi-as-a-synonym-of-halalkhor/
documents	https://www.dosje.gov.in/documents/hela-lalbegi-other-than-those-who-are-included-in-the-list-of-scs-of-u-p/
documents	https://www.dosje.gov.in/documents/people-of-uttarakhand-area-of-u-p/
documents	https://www.dosje.gov.in/documents/muslim-tawaif-and-hammal/
documents	https://www.dosje.gov.in/documents/dohar-3/
documents	https://www.dosje.gov.in/documents/tanwar-singhariya/
documents	https://www.dosje.gov.in/documents/aheria-ahriya/
documents	https://www.dosje.gov.in/documents/ramgarhia-2/
documents	https://www.dosje.gov.in/documents/churihar-lakhera/
documents	https://www.dosje.gov.in/documents/lodhi-lodhi-rapur/
documents	https://www.dosje.gov.in/documents/arakhvanshiya-samani-roganagar-saifi-2/
documents	https://www.dosje.gov.in/documents/chak-kandu-rangwa-salmani/
documents	https://www.dosje.gov.in/documents/mansoori-ghosi/
documents	https://www.dosje.gov.in/documents/rangrez-kunjara-or-rayeen-teli-banjara-gaddi-gujar-bhathiara-manihar-lohar-halwai-barhai/
documents	https://www.dosje.gov.in/documents/saini-6/
documents	https://www.dosje.gov.in/documents/acharjee-ganak/
documents	https://www.dosje.gov.in/documents/bangshi-kumar-rudrapal/
documents	https://www.dosje.gov.in/documents/heledas-halladas-haluadas/
documents	https://www.dosje.gov.in/documents/barujibi-aheer-natta/
documents	https://www.dosje.gov.in/documents/rajannala-rajannalu-2/
documents	https://www.dosje.gov.in/documents/qureshi-muslim-butchers-3/
documents	https://www.dosje.gov.in/documents/mehtar-muslim-6/
documents	https://www.dosje.gov.in/documents/siddula-4/
documents	https://www.dosje.gov.in/documents/kurmi-10/
documents	https://www.dosje.gov.in/documents/nagaralu-3/
documents	https://www.dosje.gov.in/documents/vanjara-vanjari-4/
documents	https://www.dosje.gov.in/documents/mali-where-they-are-not-scheduled-tribe-3/
documents	https://www.dosje.gov.in/documents/surya-balija-kalavanthula-ganika-4/
documents	https://www.dosje.gov.in/documents/bhatraju-5/
documents	https://www.dosje.gov.in/documents/swakulasali-3/
documents	https://www.dosje.gov.in/documents/nessi-or-kurni-3/
documents	https://www.dosje.gov.in/documents/patkar-khatri-3/
documents	https://www.dosje.gov.in/documents/kuruba-or-kuruma-3/
documents	https://www.dosje.gov.in/documents/karikalabhakthulu-kaikolan-or-kaikala-sengundam-or-sengunther-3/
documents	https://www.dosje.gov.in/documents/jandra-3/
documents	https://www.dosje.gov.in/documents/goud-ediga-gouda-gamalla-kalalee-goundla-and-srisayana-segidi-2/
documents	https://www.dosje.gov.in/documents/mandula-3/
documents	https://www.dosje.gov.in/documents/joshinandiwala-3/
documents	https://www.dosje.gov.in/documents/pariki-muggula-3/
documents	https://www.dosje.gov.in/documents/mondepatta-2/
documents	https://www.dosje.gov.in/documents/veeramushti-nettikotala-veerabhadreeya-3/
documents	https://www.dosje.gov.in/documents/pambala-2/
documents	https://www.dosje.gov.in/documents/vamsha-raj-2/
documents	https://www.dosje.gov.in/documents/mondivaru-mondibanda-banda-3/
documents	https://www.dosje.gov.in/documents/jogi-10/
documents	https://www.dosje.gov.in/documents/dasari-formerly-engaged-in-bikshatana-i-e-beggary-2/
documents	https://www.dosje.gov.in/documents/budabukkala-3/
documents	https://www.dosje.gov.in/documents/agnikulakshatriya-palli-vadabalija-bestha-jalari-gangavar-gangaputra-goondla-vanyakulakshatriya-vannekapuvannereddi-pallikapu-pallireddi-neyyala-pattapu-3/
documents	https://www.dosje.gov.in/documents/mehtar-muslim-5/
documents	https://www.dosje.gov.in/documents/mehtar-muslim-4/
documents	https://www.dosje.gov.in/documents/reddy-ganjam-4/
documents	https://www.dosje.gov.in/documents/servai-2/
documents	https://www.dosje.gov.in/documents/thoraiyar-plains/
documents	https://www.dosje.gov.in/documents/thiyya-jain-nainar/
documents	https://www.dosje.gov.in/documents/kongu-vaishnavar-padmanabar-mukkulava-synonym-of-christian-meenavar-chowdry/
documents	https://www.dosje.gov.in/documents/rowthar-as-a-synonym-of-labbai-kuga-vellalar/
documents	https://www.dosje.gov.in/documents/podikara-vellalar-2/
documents	https://www.dosje.gov.in/documents/sunar-swarnakar-dhaula-soni-mair-rajput/
documents	https://www.dosje.gov.in/documents/saini-5/
documents	https://www.dosje.gov.in/documents/ramgarhia-turkhan/
documents	https://www.dosje.gov.in/documents/muslim-2/
documents	https://www.dosje.gov.in/documents/vokkaligar/
documents	https://www.dosje.gov.in/documents/kammara-kamara-kamar-kammaro-muli-lohuru-loharo-astolohi-kamar-2/
documents	https://www.dosje.gov.in/documents/segidi-srisayan-2/
documents	https://www.dosje.gov.in/documents/jyotish-abadhan-jyotish-nayak/
documents	https://www.dosje.gov.in/documents/chasa-mahanty-mahanty/
documents	https://www.dosje.gov.in/documents/chasa-paiko/
documents	https://www.dosje.gov.in/documents/kumbhakar-2/
documents	https://www.dosje.gov.in/documents/mathurapuria-gouda-gopapuria-gouda-nanda-gouda-kanja-gouda/
documents	https://www.dosje.gov.in/documents/kurum/
documents	https://www.dosje.gov.in/documents/rangini-hansi/
documents	https://www.dosje.gov.in/documents/kalal-kalar-as-synonyms-of-kalwar/
documents	https://www.dosje.gov.in/documents/rajasri-balasi-balasi/
documents	https://www.dosje.gov.in/documents/kalanji-kalinji-kalingi-2/
documents	https://www.dosje.gov.in/documents/odachasa-banayat-odiya-as-sub-caste-of-chasa/
documents	https://www.dosje.gov.in/documents/mali-sub-castes-phul-mali-phule-halade-kacha-kadu-bawane-ad-prabhu-ad-shethi-jire-unde-lingayat-mali-banka-mali-gase-mali-kosare-mali-marar-maral-savta-mali-van-mali-bagban-rayeen-2/
documents	https://www.dosje.gov.in/documents/nathpanthi-gosavi/
documents	https://www.dosje.gov.in/documents/gosai-gusai/
documents	https://www.dosje.gov.in/documents/vedu-waaghari-2/
documents	https://www.dosje.gov.in/documents/gosavi-bava-bairagi-bharati-girigosavi-bharati-gosavi-saraswati-parbat-sagar-ban-or-van-teerth-ashram-gosavi-puri-gusai-gosai-nathpanthi-gosavi-2/
documents	https://www.dosje.gov.in/documents/ladasi/
documents	https://www.dosje.gov.in/documents/goller/
documents	https://www.dosje.gov.in/documents/devdig-dewadiga-2/
documents	https://www.dosje.gov.in/documents/dorik/
documents	https://www.dosje.gov.in/documents/audhiya-audgeliya/
documents	https://www.dosje.gov.in/documents/wadder-kalawader-muslim-manyar-bangadeewala-maniyaar-or-maneri-kunkuwale-nirhali-savkalar-hanbar-pahad-pahadi-gadariy/
documents	https://www.dosje.gov.in/documents/vatkar-vatkari-votankar-votakar-otkari-otokar-vatokaar-kasar-nili-fakir-bhandrawala-shilkalgar-dhangari-besta-besti-bestal/
documents	https://www.dosje.gov.in/documents/gujarati-dhobi/
documents	https://www.dosje.gov.in/documents/agarhari-vaishya-asati-vaishya-vaishya-wani-kulwant-wani/
documents	https://www.dosje.gov.in/documents/patidar-kurmi-kulmi-kulambi-gavel-gabhel/
documents	https://www.dosje.gov.in/documents/chaliya-chaliyan-whose-caste-profession-is-cotton-weaving/
documents	https://www.dosje.gov.in/documents/kongu-vellala-gounder-including-vellala-gounder-nattu-gounder-pala-gounder-poosari-gounder-and-pala-vellala-gounder-2/
documents	https://www.dosje.gov.in/documents/nadar/
documents	https://www.dosje.gov.in/documents/kumar-akshatriya-maran-maranmar/
documents	https://www.dosje.gov.in/documents/ezhuva/
documents	https://www.dosje.gov.in/documents/saraswat-non-brahmin-2/
documents	https://www.dosje.gov.in/documents/kalanmooppan-or-kallan-mooppar-mukhari-alias-modvari/
documents	https://www.dosje.gov.in/documents/odde-boyan/
documents	https://www.dosje.gov.in/documents/vettuva-navithan-kongu-navithan-aduthon/
documents	https://www.dosje.gov.in/documents/peroorkada-cheety-saduchetty-24-manai-telugu-chetty/
documents	https://www.dosje.gov.in/documents/valan-bovi-mukayar-nulayan-valinijar-and-paniakkal-2/
documents	https://www.dosje.gov.in/documents/koteyar-3/
documents	https://www.dosje.gov.in/documents/devadiga-2/
documents	https://www.dosje.gov.in/documents/banjari-brinjari-vanjara-eanjari-lambaid-gore-or-goria/
documents	https://www.dosje.gov.in/documents/medara-2/
documents	https://www.dosje.gov.in/documents/agni-vamsha-kshatriya/
documents	https://www.dosje.gov.in/documents/gamalla-2/
documents	https://www.dosje.gov.in/documents/somavamsha-sahasrarjuna-kshatriya/
documents	https://www.dosje.gov.in/documents/andi-andipandaram-2/
documents	https://www.dosje.gov.in/documents/daveri-2/
documents	https://www.dosje.gov.in/documents/kodagaru/
documents	https://www.dosje.gov.in/documents/darzi-bhavasar-kshatriya-chippi-chippiga-simpi-shimpi-lingayat-simpy-sivasimpy-sai-mirai-rangari-rangrez-nilari-namdev-mandev-simpy-rangare-neelagar-lingayat-neelagar/
documents	https://www.dosje.gov.in/documents/begadi-bagali-budubuduki-bududki-chhetri-garadi-nairi-jeeregar-najabund-padithi-talawara-talwar-mysa-nayaka-urs-nayaka-byada-bargi/
documents	https://www.dosje.gov.in/documents/medara-medari-lingayat-medhar-batter-burned-gauriga-gouriga-gowri-gowrimaratha-gowriga-burud/
documents	https://www.dosje.gov.in/documents/kasai-katik-khatik-katuka-katuga-aray-are-kasai-ari-katikelu-kalal-khatik-kasab-maratti-suryavamsha-kshatriya/
documents	https://www.dosje.gov.in/documents/pagi/
documents	https://www.dosje.gov.in/documents/aryakshatriya-sarige-somavamsha-arya-kshatriya/
documents	https://www.dosje.gov.in/documents/kunchitiga-2/
documents	https://www.dosje.gov.in/documents/telugu-gowda/
documents	https://www.dosje.gov.in/documents/goud-saraswat-brahmin/
documents	https://www.dosje.gov.in/documents/baghban-pandara-muslim/
documents	https://www.dosje.gov.in/documents/somakshatriya/
documents	https://www.dosje.gov.in/documents/banajiga-setty-banajiga-telugu-banajiga-bale-banajiga-dasa-banajiga/
documents	https://www.dosje.gov.in/documents/reddy-munnur-kapu-uppar-teluru/
documents	https://www.dosje.gov.in/documents/koyava-2/
documents	https://www.dosje.gov.in/documents/nairy/
documents	https://www.dosje.gov.in/documents/synonyms-of-goniga-sadu-setty-24-mane-telugu-chetty-24-more-telugu-chettiar-sanapparu-janapparu-dasai-chetty-deshadhipathi-telugu-chetty-a/
documents	https://www.dosje.gov.in/documents/pariyala-pattasale-pinjara-pinjari-nadaf-ladaf-dhunia-mansoori-dedukula/
documents	https://www.dosje.gov.in/documents/nikalmakkalu-talwar-modikar-full-mali-bhavin-and-binapatta-bogodi-chunchar-digwan-jingar-giddidki/
documents	https://www.dosje.gov.in/documents/mukkavah/
documents	https://www.dosje.gov.in/documents/kuruba-3/
documents	https://www.dosje.gov.in/documents/kunchi/
documents	https://www.dosje.gov.in/documents/jhora-2/
documents	https://www.dosje.gov.in/documents/pushpanamit-2/
documents	https://www.dosje.gov.in/documents/late-2/
documents	https://www.dosje.gov.in/documents/bagti/
documents	https://www.dosje.gov.in/documents/mayra-maira-modak/
documents	https://www.dosje.gov.in/documents/sudi-halwai-roniyar-pansari-modi-kasera-kaserwani-thathera-patwa-sinduriya-bania-mahuri-vaishya-awadh-bania-adrakhi-agrahari-vaishya/
documents	https://www.dosje.gov.in/documents/chippi-julaha-ansari-ghasi-mehar-sadgop-bairagi/
documents	https://www.dosje.gov.in/documents/gaddi-in-merged-areas-only/
documents	https://www.dosje.gov.in/documents/maha-brahman-acharj-chari-acharya/
documents	https://www.dosje.gov.in/documents/83756-2/
documents	https://www.dosje.gov.in/documents/saini-4/
documents	https://www.dosje.gov.in/documents/hadi-2/
documents	https://www.dosje.gov.in/documents/pinja-or-penja-panja-nadaf-nadaaf-2/
documents	https://www.dosje.gov.in/documents/khatri-2/
documents	https://www.dosje.gov.in/documents/batehda-2/
documents	https://www.dosje.gov.in/documents/hari-sakka-bhisti-sheikh-abbasi-nai-joginath-yogi-kachera-and-banzara/
documents	https://www.dosje.gov.in/documents/dawala-soni-dawala-nyaria/
documents	https://www.dosje.gov.in/documents/ror/
documents	https://www.dosje.gov.in/documents/gosain-goswami-2/
documents	https://www.dosje.gov.in/documents/jat-part-1-4/
documents	https://www.dosje.gov.in/documents/rangrez-nilgar-leelagar-lallari/
documents	https://www.dosje.gov.in/documents/sain-khewat-mehra-nishad/
documents	https://www.dosje.gov.in/documents/jat-5/
documents	https://www.dosje.gov.in/documents/arab-muslim-nizama-hindu-sumra-muslim-tamboli-charan-gadhvi-charan-bajania-mistri-suthar-sutar-suthar-mistri-gurjar-suthar-sutar-gujjar-suthar-sutar/
documents	https://www.dosje.gov.in/documents/sagar-4/
documents	https://www.dosje.gov.in/documents/khavas-2/
documents	https://www.dosje.gov.in/documents/kathi-3/
documents	https://www.dosje.gov.in/documents/bhadbhunja-2/
documents	https://www.dosje.gov.in/documents/kachhia-kachhi-kachhi-kushwaha-maurya-koiri-2/
documents	https://www.dosje.gov.in/documents/patani-kamaliya-vagholiya-halari-chunwaliya-jhalori-kankudia-salatia-pomna-vadhiyari-uttamiya-ghanghaliya-sansoriya-lakadiya-kachhi-bavari-modhakiya-vansadiya-bhoiya-madiya/
documents	https://www.dosje.gov.in/documents/rajbhar-bhar-chhipa/
documents	https://www.dosje.gov.in/documents/kalal-2/
documents	https://www.dosje.gov.in/documents/koshti-swakeel-sali-sahi/
documents	https://www.dosje.gov.in/documents/bardai-brahmin/
documents	https://www.dosje.gov.in/documents/sathwara/
documents	https://www.dosje.gov.in/documents/christian-renders-who-are-actually-in-the-profession-of-toddy-tapping-komarpant-thakar-2/
documents	https://www.dosje.gov.in/documents/barber-including-christians-kumbhar-including-christians-mahar-including-tchristians-gabit-blacksmith-tinsmith/
documents	https://www.dosje.gov.in/documents/bhandari-naik/
documents	https://www.dosje.gov.in/documents/bhandari-5/
documents	https://www.dosje.gov.in/documents/klaikar/
documents	https://www.dosje.gov.in/documents/beri-muslim-beri-khan-farooque-kan-muslim/
documents	https://www.dosje.gov.in/documents/velip/
documents	https://www.dosje.gov.in/documents/satarkar-2/
documents	https://www.dosje.gov.in/documents/kumbhar-teli-shimpi/
documents	https://www.dosje.gov.in/documents/nathjogi-gosavi/
documents	https://www.dosje.gov.in/documents/teli-teli-malik-2/
documents	https://www.dosje.gov.in/documents/jat-9/
documents	https://www.dosje.gov.in/documents/nath-yogi-gosain/
documents	https://www.dosje.gov.in/documents/ramgarhia-sikh/
documents	https://www.dosje.gov.in/documents/ghrit-bhati-chahng/
documents	https://www.dosje.gov.in/documents/dhangar-kurba/
documents	https://www.dosje.gov.in/documents/julaha-ansari-whose-traditional-occupation-is-weaving-excluding-those-in-scs-2/
documents	https://www.dosje.gov.in/documents/rayakwar-raikwar/
documents	https://www.dosje.gov.in/documents/idrishi-as-synonyms-of-darzi/
documents	https://www.dosje.gov.in/documents/ansari-as-synonyms-of-julaha/
documents	https://www.dosje.gov.in/documents/raya-tanwar/
documents	https://www.dosje.gov.in/documents/kamlapuri-vaishya-2/
documents	https://www.dosje.gov.in/documents/rauniyar-vaishya-poddar-kesarvani-vaishya/
documents	https://www.dosje.gov.in/documents/rajkumar-kshatriya-or-rajkumar/
documents	https://www.dosje.gov.in/documents/kanu-bharbhooja-qassar-dhobi/
documents	https://www.dosje.gov.in/documents/ramgarhia-panchal-dheeman-luhar-bhubhalhia-saifi/
documents	https://www.dosje.gov.in/documents/rana-2/
documents	https://www.dosje.gov.in/documents/dhariya-dhosi-gadariya-gadariya-pal-baghele-panwar-hunga-lohar-garola-lohar-vishwakarma-kurmvanshi-chandrakar-chandra-nahu-kumbhi-gaval-gamel-si/
documents	https://www.dosje.gov.in/documents/lohar-hindu-muslim-sikh-christian/
documents	https://www.dosje.gov.in/documents/singhikar-singhwala/
documents	https://www.dosje.gov.in/documents/pemja-hindu-muslim-christian-sikh/
documents	https://www.dosje.gov.in/documents/kummi/
documents	https://www.dosje.gov.in/documents/gadderia/
documents	https://www.dosje.gov.in/documents/darji-darj-tank-chimpa-chiba-hindu-muslim-sikh-christian/
documents	https://www.dosje.gov.in/documents/bharbhuria/
documents	https://www.dosje.gov.in/documents/soni-sunar-swarnakar/
documents	https://www.dosje.gov.in/documents/gosain-goswami/
documents	https://www.dosje.gov.in/documents/chhipi-3/
documents	https://www.dosje.gov.in/documents/adrakhi-2/
documents	https://www.dosje.gov.in/documents/bakho-muslim-3/
documents	https://www.dosje.gov.in/documents/saikalgar-sikligar-muslim-3/
documents	https://www.dosje.gov.in/documents/gandh-banik/
documents	https://www.dosje.gov.in/documents/nagar-2/
documents	https://www.dosje.gov.in/documents/kewat-murawari/
documents	https://www.dosje.gov.in/documents/saifi-3/
documents	https://www.dosje.gov.in/documents/kalal-eraqui-jaiswal/
documents	https://www.dosje.gov.in/documents/munnurkapu-telangana/
documents	https://www.dosje.gov.in/documents/siddula-3/
documents	https://www.dosje.gov.in/documents/samanthula-samantha-sounita-saunita-confined-to-srikakulam-district/
documents	https://www.dosje.gov.in/documents/surya-balija-kalavanthula-ganika-3/
documents	https://www.dosje.gov.in/documents/kurmi-confined-to-krishna-district-only-2/
documents	https://www.dosje.gov.in/documents/tammali-non-brahmins-shudra-caste-2/
documents	https://www.dosje.gov.in/documents/satani-chattadasrivaishnava-4/
documents	https://www.dosje.gov.in/documents/krishnabhalija-dasari-bukka-2/
documents	https://www.dosje.gov.in/documents/bhatraju-4/
documents	https://www.dosje.gov.in/documents/lodh-lodha-lodhi-2/
documents	https://www.dosje.gov.in/documents/thogata-thogati-or-thogataveerakshariya/
documents	https://www.dosje.gov.in/documents/padmasali-sali-salivan-pattusali-senapathulu-thogata-sali-5/
documents	https://www.dosje.gov.in/documents/perika-perika-balija-puragiri-kshatriya-4/
documents	https://www.dosje.gov.in/documents/karikalabhakthulu-kaikolan-of-kaikala-sengundam-of-sengunther/
documents	https://www.dosje.gov.in/documents/kasi-kapadi-3/
documents	https://www.dosje.gov.in/documents/pondara-confined-to-srikakulam-vizianagaram-visakhapatnam-districts/
documents	https://www.dosje.gov.in/documents/odde-oddilu-vaddi-vaddelu-vaddera-waddera-4/
documents	https://www.dosje.gov.in/documents/veeramushti-nettikotala-veerabhadreeya-2/
documents	https://www.dosje.gov.in/documents/rajaka-chakali-vannarchakali-vannar/
documents	https://www.dosje.gov.in/documents/pambala/
documents	https://www.dosje.gov.in/documents/kucchiti-vakkaliga-vakkaligara-kunchitiga/
documents	https://www.dosje.gov.in/documents/lakkamari-kapu-confined-to-telangana-region-only/
documents	https://www.dosje.gov.in/documents/kurmi-confined-to-telangana-region-and-also-krishna-district-only/
documents	https://www.dosje.gov.in/documents/chakali-vannar-devaravandlu-yellammavandlu-mutyalammavandlu-veerabhadreeya-kalinga/
documents	https://www.dosje.gov.in/documents/siddula-2/
documents	https://www.dosje.gov.in/documents/muslim-mavafarosh-muslim-katika-quresh-muslim-butchers/
documents	https://www.dosje.gov.in/documents/sondi-sundi/
documents	https://www.dosje.gov.in/documents/ekili-ekila-ekari-vyakari-vyakula-palegar-tolagari-nayaka-and-nayanivaru-as-synonyms-of-pala-ekari/
documents	https://www.dosje.gov.in/documents/all-sections-of-balija-specifically-setti-balijas-and-thota-balijas-of-rayalaseema-and-other-balija-groups-other-than-those-who-are-already-included-in-the-central-list-of-backward-classes/
documents	https://www.dosje.gov.in/documents/are-kshatriya-are-vallu-arollu/
documents	https://www.dosje.gov.in/documents/are-maratha-maratha-are-vellu-are-kapu-are-kshatriya-as-synonyms-of-arekatika/
documents	https://www.dosje.gov.in/documents/bondili-rajput/
documents	https://www.dosje.gov.in/documents/karuneegar-sistakaranam/
documents	https://www.dosje.gov.in/documents/kalinga/
documents	https://www.dosje.gov.in/documents/surya-balija/
documents	https://www.dosje.gov.in/documents/krishnabalija/
documents	https://www.dosje.gov.in/documents/celebration-of-200th-birth-anniversary-of-mahatma-jyotiba-phule-ji/
documents	https://www.dosje.gov.in/documents/thogati/
documents	https://www.dosje.gov.in/documents/local-borns-bhatus-moplas/
documents	https://www.dosje.gov.in/documents/annual-report-1980/
documents	https://www.dosje.gov.in/documents/annual-report-1983/
documents	https://www.dosje.gov.in/documents/annual-report-1985/
documents	https://www.dosje.gov.in/documents/annual-report-1986/
documents	https://www.dosje.gov.in/documents/the-scheduled-castes-and-the-scheduled-tribes-prevention-of-atrocities-act-1989/
documents	https://www.dosje.gov.in/documents/annual-report-1988/
documents	https://www.dosje.gov.in/documents/annual-report-1992/
documents	https://www.dosje.gov.in/documents/specification-of-obcs-in-respect-of-andhra-pradesh-assam-bihar-goa-gujarat-haryana-himachal-pradesh-karnataka-kerala-madhya-pradesh-maharashtra-punjab-tamil-nadu-and-utter-pradesh-no-120-3/
documents	https://www.dosje.gov.in/documents/annual-report-1994-1995/
documents	https://www.dosje.gov.in/documents/notification-dated-12-08-1994-for-constitution-of-the-commission/
documents	https://www.dosje.gov.in/documents/annual-report-1993/
documents	https://www.dosje.gov.in/documents/corrigendum-in-respect-of-andhra-pradesh-bihar-gujarat-harayana-himachal-pradesh-karnataka-kerala-madhya-pradesh-maharashtra-punjab-tamil-nadu-and-uttar-pradesh-no-12011-21-95-bcc-2/
documents	https://www.dosje.gov.in/documents/annual-report-1995-1996/
documents	https://www.dosje.gov.in/documents/corrigendum-in-respect-of-sikkim-manipur-and-delhi-no-12011-7-1995-bcc-2/
documents	https://www.dosje.gov.in/documents/specification-of-obcs-in-respect-of-jk-manipur-sikkim-delhi-no-12011-7-95-bcc-2/
documents	https://www.dosje.gov.in/documents/annual-report-1996-1997-1997-1998-combined/
documents	https://www.dosje.gov.in/documents/addition-in-the-lists-of-bihar-goa-gujarat-haryana-orissa-uttar-pradesh-and-west-bengal-no-12011-44-96-bcc-2/
documents	https://www.dosje.gov.in/documents/addition-in-the-lists-of-andhra-pradesh-kerala-madhya-pradesh-maharashtra-orissa-tamil-nadu-tripura-up-west-bengal-no-12011-96-94-bcc-2/
documents	https://www.dosje.gov.in/documents/deletion-of-koch-rajbanshi-of-assam-no-12011-2-96-bcc-2/
documents	https://www.dosje.gov.in/documents/corrigendum-in-respect-of-utter-pradesh-and-bihar-no-12011-68-93-bcc-2/
documents	https://www.dosje.gov.in/documents/notification-dated-25-03-1997-for-continuation-of-the-commission/
documents	https://www.dosje.gov.in/documents/corrigendum-in-respect-of-kerala-no-12011-12-96-bcc-2/
documents	https://www.dosje.gov.in/documents/corrigendum-in-respect-of-maharasthra-no-12011-12-96-bcc-2/
documents	https://www.dosje.gov.in/documents/corrigendum-in-respect-of-madhya-pradesh-no-12011-68-93-bcc-2/
documents	https://www.dosje.gov.in/documents/annual-report-1998-1999-1999-2000-combined/
documents	https://www.dosje.gov.in/documents/amendment-in-the-list-of-andhra-pradesh-gujarat-chandigarh-delhi-goa-haryana-karnataka-kerala-m-p-maharashtra-orissa-punjab-rajasthan-tamil-nadu-tripura-up-west-bengal-no-12011-68-9-2/
documents	https://www.dosje.gov.in/documents/annual-report-1998-2/
documents	https://www.dosje.gov.in/documents/amendment-in-the-list-of-andhra-pradesh-chandigarh-bihar-goa-gujarat-karnataka-kerala-m-p-orissa-pondicherry-punjab-rajasthan-sikkim-tamil-nadu-tripura-up-west-bengal-no-12011-88-98-2/
documents	https://www.dosje.gov.in/documents/annual-report-1999-2/
documents	https://www.dosje.gov.in/documents/amendment-in-the-list-of-andhra-pradesh-bihar-delhi-gujarat-haryana-himachal-pradesh-karnataka-kerala-m-p-maharashtra-orissa-pondicherry-rajasthan-sikkim-tamil-nadu-tripura-up-west-be-2/
documents	https://www.dosje.gov.in/documents/annual-report-2000-2/
documents	https://www.dosje.gov.in/documents/amendment-inclusion-of-andhra-pradesh-goa-gujarat-haryana-karnataka-madhya-pradesh-orissa-pondicherry-rajasthan-tamil-nadu-uttar-pradesh-andwest-bengalno-12011-44-99-bcc-2/
documents	https://www.dosje.gov.in/documents/the-national-commission-for-safai-karamcharis-amendment-act2001/
documents	https://www.dosje.gov.in/documents/annual-report-2001-2/
documents	https://www.dosje.gov.in/documents/amendment-in-the-list-of-andhra-pradesh-gujarat-haryana-himachal-pradesh-jk-karnataka-m-p-maharashtra-orissa-pondicherry-rajasthan-tamil-nadu-tripura-up-west-bengal-no-12015-9-2000-b-2/
documents	https://www.dosje.gov.in/documents/notification-dated-31-07-2002-for-continuation-of-the-commission/
documents	https://www.dosje.gov.in/documents/annual-report-2002/
documents	https://www.dosje.gov.in/documents/annual-report-2002-2/
documents	https://www.dosje.gov.in/documents/amendment-in-the-list-of-andhra-pradesh-bihar-punjab-sikkim-tamil-nadu-uttar-pradesh-no-12011-1-2001-bcc-2/
documents	https://www.dosje.gov.in/documents/annual-report-2003/
documents	https://www.dosje.gov.in/documents/annual-report-2003-2/
documents	https://www.dosje.gov.in/documents/amendment-in-the-list-of-andhra-pradesh-bihar-punjab-sikkim-tamil-nadu-uttar-pradesh-no-12011-4-2002-bcc-2/
documents	https://www.dosje.gov.in/documents/notification-dated-24-02-2004-for-continuation-of-the-commission/
documents	https://www.dosje.gov.in/documents/notification-dated-24-02-2004-for-continuation-of-the-commission-2/
documents	https://www.dosje.gov.in/documents/annual-report-2005-2006-2006-2007-combined/
documents	https://www.dosje.gov.in/documents/andhra-pradesh-bihar-nct-of-delhi-goa-gujarat-karnataka-m-p-maharashtra-orissa-pondicherry-and-u-p-no-12011-9-2004-bcc-2/
documents	https://www.dosje.gov.in/documents/annual-report-2006-2008/
documents	https://www.dosje.gov.in/documents/annual-report-2007-2008-2008-2009-combined/
documents	https://www.dosje.gov.in/documents/annual-report-2006/
documents	https://www.dosje.gov.in/documents/inclusion-amendment-in-the-central-lists-of-obcs-in-respect-of-daman-diu-andaman-nicobar-uttarakhand-gujarat-maharashtra-no-12011-14-2004-bcc-2/
documents	https://www.dosje.gov.in/documents/annual-report-2009/
documents	https://www.dosje.gov.in/documents/deletion-of-castes-in-punjab-orissano-12011-16-2007-bcc-2/
documents	https://www.dosje.gov.in/documents/ministry-of-social-justice-empowerments-resolution-no-17015-17-2008-ri-cell-dated-02-03-2009-prescribing-the-mandate-of-the-commission/
documents	https://www.dosje.gov.in/documents/ministry-of-social-justice-empowerments-resolution-no-17015-17-2008-ri-cell-dated-02-03-2009-prescribing-the-mandate-of-the-commission-2/
documents	https://www.dosje.gov.in/documents/annual-report-2010-2011/
documents	https://www.dosje.gov.in/documents/amendment-in-the-list-of-andhra-pradesh-no-12011-1-2007-bcc-2/
documents	https://www.dosje.gov.in/documents/inclusion-of-adrakhi-caste-in-the-central-list-of-obcs-for-bihar-no-12018-6-2005-bcc-2/
documents	https://www.dosje.gov.in/documents/inclusion-amendment-in-the-list-of-chhattisgarh-jharkhand-himachal-pradesh-haryana-karnataka-and-daman-diu-and-rajasthan-no-12015-2-2007-bcc-2/
documents	https://www.dosje.gov.in/documents/inclusion-amendment-in-the-list-of-chhattisgarh-jharkhand-himanchal-pradesh-haryana-karnataka-rajasthan-and-daman-diu-no-12015-2-2007-bcc-2/
documents	https://www.dosje.gov.in/documents/state-wise-modification-in-the-central-list-of-obcs-no-12015-13-2010-bcc-2/
documents	https://www.dosje.gov.in/documents/inclusion-modification-andhra-pradesh-bihar-goa-gujarat-himachal-pradesh-karnataka-madhya-pradesh-maharashtra-orissa-rajasthan-tamil-nadu-uttar-pradesh-uttarakhand-west-bengal-andaman-2/
documents	https://www.dosje.gov.in/documents/annual-report-2012-2013/
documents	https://www.dosje.gov.in/documents/annual-report-2014-2015-2/
documents	https://www.dosje.gov.in/documents/rehabilitation-of-manual-scavengers/
documents	https://www.dosje.gov.in/documents/supreme-court-judgment-dated-27-03-2014/
documents	https://www.dosje.gov.in/documents/state-wise-inclusion-modification-in-the-central-list-of-obcs-no-12012-05-2011-bcc-2/
documents	https://www.dosje.gov.in/documents/annual-report-2015-2016-2/
documents	https://www.dosje.gov.in/documents/amendment-in-the-list-of-kerala-no-12011-7-2014-bc-ii-2/
documents	https://www.dosje.gov.in/documents/amendment-in-the-list-of-madhya-pradesh-no-12011-04-2014-bc-ii-2/
documents	https://www.dosje.gov.in/documents/manual-scavenging-2519/
documents	https://www.dosje.gov.in/documents/inclusion-in-the-central-lists-of-obcs-in-respect-of-himachal-pradesh-no-12015-05-2011-bc-ii-2/
documents	https://www.dosje.gov.in/documents/amendment-in-the-central-lists-of-obcs-in-respect-of-haryana-karnataka-no-12011-1-2015-bc-ii-2/
documents	https://www.dosje.gov.in/documents/annual-report-2015/
documents	https://www.dosje.gov.in/documents/amendment-in-the-central-lists-of-obcs-in-respect-of-gujarat-uttarakhand-no-12011-06-2014-bc-ii-2/
documents	https://www.dosje.gov.in/documents/annual-report-2015-2/
documents	https://www.dosje.gov.in/documents/manual-scavengers-294/
documents	https://www.dosje.gov.in/documents/annual-report-2014-15-2/
documents	https://www.dosje.gov.in/documents/manual-scavenging-1561/
documents	https://www.dosje.gov.in/documents/manual-scavenging-2722/
documents	https://www.dosje.gov.in/documents/manual-scavengers-2939/
documents	https://www.dosje.gov.in/documents/rehabilitation-of-manual-scavengers-2803/
documents	https://www.dosje.gov.in/documents/manual-scavenging-3786/
documents	https://www.dosje.gov.in/documents/ministry-of-social-justice-empowerments-resolution-no-17015-18-2015-ric-dated-31-03-2016-extending-the-tenure-of-the-commission-for-three-years-i-e-from-01-04-2016-to-31-03-2019/
documents	https://www.dosje.gov.in/documents/amendment-in-the-central-lists-of-obcs-in-respect-of-kerala-haryana-chattisgarh-12011-15-2016-bc-ii-2/
documents	https://www.dosje.gov.in/documents/amendment-in-the-central-lists-of-obcs-in-respect-of-andhra-pradesh-12011-14-2016-bc-ii-2/
documents	https://www.dosje.gov.in/documents/amendment-in-the-central-lists-of-obcs-in-respect-of-himachal-pradesh-sikkim-12011-13-2016-bc-ii-2/
documents	https://www.dosje.gov.in/documents/annual-report-2016/
documents	https://www.dosje.gov.in/documents/annual-report-2016-2/
documents	https://www.dosje.gov.in/documents/annual-report-2016-17/
documents	https://www.dosje.gov.in/documents/inclusion-amendment-in-the-central-lists-of-obcs-in-respect-of-the-state-of-andhra-pradesh-and-telangana-no-12011-04-2014-bc-ii-2/
documents	https://www.dosje.gov.in/documents/annual-report-2015-16-2/
documents	https://www.dosje.gov.in/documents/amendment-in-the-central-list-of-obcs-in-respect-of-the-state-of-ut-of-puducherry-12011-13-2016-bc-ii-2/
documents	https://www.dosje.gov.in/documents/inclusion-amendment-in-the-central-lists-of-obcs-in-respect-of-the-states-of-bihar-jharkhand-maharashtra-madhya-pradesh-uttarakhand-jammu-and-kashmir-himachal-pradesh-and-assam-no-12011-6-2014-2/
documents	https://www.dosje.gov.in/documents/rehabilitation-of-manual-scavengers-527/
documents	https://www.dosje.gov.in/documents/annual-report-2017-2018-2/
documents	https://www.dosje.gov.in/documents/amendment-in-the-central-list-of-obcs-in-respect-of-odisha-20012-1-2017-bc-ii-2/
documents	https://www.dosje.gov.in/documents/abolition-of-manual-scavenging-237/
documents	https://www.dosje.gov.in/documents/annual-report-2017/
documents	https://www.dosje.gov.in/documents/annual-report-2017-2/
documents	https://www.dosje.gov.in/documents/annual-report-2016-17-3/
documents	https://www.dosje.gov.in/documents/rehabilitation-of-safai-karamcharis-2861/
documents	https://www.dosje.gov.in/documents/ministry-of-social-justice-and-empowerment-notification-no-17015-1-2017-ri-cell-dated-13-07-2018-regarding-constitution-of-national-commission-for-safai-karamcharis/
documents	https://www.dosje.gov.in/documents/annual-report-2018-2019-2/
documents	https://www.dosje.gov.in/documents/ministry-of-social-justice-and-empowerment-notification-no-17015-1-2017-ri-cell-dated-13-07-2018-regarding-constitution-of-national-commission-for-safai-karamcharis-2/
documents	https://www.dosje.gov.in/documents/7835-2/
documents	https://www.dosje.gov.in/documents/manual-scavengers-2242/
documents	https://www.dosje.gov.in/documents/annual-report-2018/
documents	https://www.dosje.gov.in/documents/welfare-of-manual-scavengers-204/
documents	https://www.dosje.gov.in/documents/manual-scavengers-150/
documents	https://www.dosje.gov.in/documents/manual-scavenging-107/
documents	https://www.dosje.gov.in/documents/annual-report-2017-18-3/
documents	https://www.dosje.gov.in/documents/annual-report-2019/
documents	https://www.dosje.gov.in/documents/death-of-manual-scavengers-256/
documents	https://www.dosje.gov.in/documents/ministry-of-social-justice-and-empowerment-notification-no-17015-7-2018-ri-cell-dated-27-03-2019-extending-the-tenure-of-the-commission-for-three-years-i-e-from-01-04-2019-to-31-03-2022/
documents	https://www.dosje.gov.in/documents/annual-report-2019-2/
documents	https://www.dosje.gov.in/documents/manual-scavenging-132/
documents	https://www.dosje.gov.in/documents/annual-report-2018-19-3/
documents	https://www.dosje.gov.in/documents/rehabilitation-of-manual-scavenging-2403/
documents	https://www.dosje.gov.in/documents/annual-report-2020-21-7/
documents	https://www.dosje.gov.in/documents/death-of-manual-scavengers-2043/
documents	https://www.dosje.gov.in/documents/manual-scavenging-2027/
documents	https://www.dosje.gov.in/documents/rehabilitation-of-manual-scavengers-2042/
documents	https://www.dosje.gov.in/documents/nasha-mukt-bharat-abhiyaan-newsletter-nov-20/
documents	https://www.dosje.gov.in/documents/prohibition-of-employment-as-manual-scavengers-and-their-rehabilitation-act-2013-3795/
documents	https://www.dosje.gov.in/documents/prohibition-of-manual-scavengers-and-their-rehabilitation-1451/
documents	https://www.dosje.gov.in/documents/annual-report-2020-2/
documents	https://www.dosje.gov.in/documents/annual-report-2020/
documents	https://www.dosje.gov.in/documents/inputs-required-regarding-finalization-of-revised-estimate-for-2020-21-and-budget-estimate-for-2021-22/
documents	https://www.dosje.gov.in/documents/utilization-of-unspent-balance/
documents	https://www.dosje.gov.in/documents/annual-report-2019-20-3/
documents	https://www.dosje.gov.in/documents/nasha-mukt-bharat-abhiyaan-newsletter-dec-20/
documents	https://www.dosje.gov.in/documents/minutes-of-the-meeting-dated-25-11-2020/
documents	https://www.dosje.gov.in/documents/nasha-mukt-bharat-abhiyaan-newsletter-jan-21/
documents	https://www.dosje.gov.in/documents/nasha-mukt-bharat-abhiyaan-newsletter-feb-21/
documents	https://www.dosje.gov.in/documents/minutes-of-the-meeting-with-the-principal-secretaries-sc-welfare-department-and-principal-secretaries-finance-through-vc-under-the-chairmanship-of-secretary-dosje-on-27-01-2021/
documents	https://www.dosje.gov.in/documents/annual-report-2021-22-5/
documents	https://www.dosje.gov.in/documents/manual-scavengers-127/
documents	https://www.dosje.gov.in/documents/prohibition-of-manual-scavenging-33/
documents	https://www.dosje.gov.in/documents/death-of-manual-scavengers-55/
documents	https://www.dosje.gov.in/documents/upliftment-of-safai-karamcharis-1350/
documents	https://www.dosje.gov.in/documents/nasha-mukt-bharat-abhiyaan-newsletter-mar-21/
documents	https://www.dosje.gov.in/documents/procedure-for-release-of-funds-under-the-centrally-sponsored-schemes-css-and-monitoring-utilization-of-the-funds-released-3/
documents	https://www.dosje.gov.in/documents/procedure-for-release-of-funds-under-the-centrally-sponsored-schemes-css-and-monitoring-utilization-of-the-funds-released/
documents	https://www.dosje.gov.in/documents/funds-for-manual-scavengers-2315/
documents	https://www.dosje.gov.in/documents/nasha-mukt-bharat-abhiyaan-newsletter-apr-21/
documents	https://www.dosje.gov.in/documents/nasha-mukt-bharat-abhiyaan-newsletter-may-21/
documents	https://www.dosje.gov.in/documents/department-of-expenditure-had-issued-a-revised-procedure-for-release-of-funds-to-state-for-the-css-and-monitoring-utilisation/
documents	https://www.dosje.gov.in/documents/nasha-mukt-bharat-abhiyaan-newsletter-jul-21/
documents	https://www.dosje.gov.in/documents/nasha-mukt-bharat-abhiyaan-newsletter-jun-21/
documents	https://www.dosje.gov.in/documents/procedure-for-release-of-funds-under-the-centrally-sponsored-schemes-css-and-monitoring-utilization-of-the-funds-released-2/
documents	https://www.dosje.gov.in/documents/manual-scavenging-1181/
documents	https://www.dosje.gov.in/documents/rehabilitation-of-manual-scavengers-1243/
documents	https://www.dosje.gov.in/documents/manual-scavenging-by-dalits-1274/
documents	https://www.dosje.gov.in/documents/nasha-mukt-bharat-abhiyaan-newsletter-aug-21/
documents	https://www.dosje.gov.in/documents/sop-on-implementation-of-new-procedure-of-release-of-fund-under-css/
documents	https://www.dosje.gov.in/documents/scheme-for-manual-scavengers-3594/
documents	https://www.dosje.gov.in/documents/data-on-manual-scanvengers-3522/
documents	https://www.dosje.gov.in/documents/nasha-mukt-bharat-abhiyaan-newsletter-sep-21/
documents	https://www.dosje.gov.in/documents/minutes-of-1st-pac-meeting-held-on-02-09-2021/
documents	https://www.dosje.gov.in/documents/rehabilitation-of-manual-scavenging-3457/
documents	https://www.dosje.gov.in/documents/nasha-mukt-bharat-abhiyaan-newsletter-oct-21/
documents	https://www.dosje.gov.in/documents/release-of-funds-under-centrally-sponsored-scheme-and-monitoring-of-utilization-of-funds-released/
documents	https://www.dosje.gov.in/documents/1st-pac-meeting-for-2021-22/
documents	https://www.dosje.gov.in/documents/annual-report-2021-3/
documents	https://www.dosje.gov.in/documents/annual-report-2021-2/
documents	https://www.dosje.gov.in/documents/nasha-mukt-bharat-abhiyaan-newsletter-nov-21/
documents	https://www.dosje.gov.in/documents/minutes-of-the-meeting-of-project-appraisal-committee-pac-held-on-07-10-2021/
documents	https://www.dosje.gov.in/documents/annual-report-2020-21-3/
documents	https://www.dosje.gov.in/documents/minutes-of-4th-meeting-of-project-appraisal-committee/
documents	https://www.dosje.gov.in/documents/safety-of-sanitation-workers-in-maharashtra-236/
documents	https://www.dosje.gov.in/documents/nasha-mukt-bharat-abhiyaan-newsletter-dec-21/
documents	https://www.dosje.gov.in/documents/manual-scavenging-1579/
documents	https://www.dosje.gov.in/documents/eradication-of-manual-scavenging-1519/
documents	https://www.dosje.gov.in/documents/cleaning-human-excreta-1430/
documents	https://www.dosje.gov.in/documents/death-of-manual-scanvengers-3850/
documents	https://www.dosje.gov.in/documents/degrading-practice-of-manual-scavenging-3822/
documents	https://www.dosje.gov.in/documents/manual-scavenging-126/
documents	https://www.dosje.gov.in/documents/manual-scavenging-4446/
documents	https://www.dosje.gov.in/documents/national-survey-on-manual-scavenging-3742/
documents	https://www.dosje.gov.in/documents/bill-on-manual-scavenging-3694/
documents	https://www.dosje.gov.in/documents/nasha-mukt-bharat-abhiyaan-newsletter-jan-22/
documents	https://www.dosje.gov.in/documents/nasha-mukt-bharat-abhiyaan-newsletter-feb-22/
documents	https://www.dosje.gov.in/documents/minutes-of-5th-meeting-of-project-appraisal-committee-pac/
documents	https://www.dosje.gov.in/documents/ministry-of-social-justice-and-empowerment-notification-no-n-16-5-2021-plan-in-dated-03-02-2022-extending-the-tenure-of-the-commission-for-three-years-i-e-from-01-04-2025-to-31-03-2028/
documents	https://www.dosje.gov.in/documents/ministry-of-social-justice-and-empowerment-notification-no-n-16-5-2021-plan-in-dated-03-02-2022-extending-the-tenure-of-the-commission-for-three-years-i-e-from-01-04-2025-to-31-03-2028-3/
documents	https://www.dosje.gov.in/documents/ministry-of-social-justice-and-empowerment-notification-no-n-16-5-2021-plan-in-dated-03-02-2022-extending-the-tenure-of-the-commission-for-three-years-i-e-from-01-04-2022-to-31-03-2025/
documents	https://www.dosje.gov.in/documents/stoping-the-practice-of-manual-scavenging-1066/
documents	https://www.dosje.gov.in/documents/nasha-mukt-bharat-abhiyaan-newsletter-mar-22/
documents	https://www.dosje.gov.in/documents/procedure-for-release-of-funds-under-the-centrally-sponsored-scheme-css-and-monitoring-utilization-of-the-funds-released/
documents	https://www.dosje.gov.in/documents/welfare-of-manual-scavengers-2120/
documents	https://www.dosje.gov.in/documents/national-commission-for-safai-karamcharis-2073/
documents	https://www.dosje.gov.in/documents/procedure-for-release-of-funds-under-centrally-sponsored-schemes-css-and-monitoring-utilization-of-the-funds-released/
documents	https://www.dosje.gov.in/documents/death-of-sanitation-workers-3057/
documents	https://www.dosje.gov.in/documents/nasha-mukt-bharat-abhiyaan-newsletter-apr-22/
documents	https://www.dosje.gov.in/documents/nasha-mukt-bharat-abhiyaan-newsletter-may-22/
documents	https://www.dosje.gov.in/documents/rehabiltation-of-manual-scavengers-5445/
documents	https://www.dosje.gov.in/documents/revised-procedure-for-flow-of-funds-under-centrally-sponsored-schemes-clarification-sought-by-department-of-animal-husbandry-and-dairying-dahd/
documents	https://www.dosje.gov.in/documents/guidelines-of-pradhan-mantri-abhudaya-yojana-pm-ajay/
documents	https://www.dosje.gov.in/documents/tentative-notional-allocation-for-grants-in-aid-to-states-distt/
documents	https://www.dosje.gov.in/documents/nasha-mukt-bharat-abhiyaan-newsletter-jul-22/
documents	https://www.dosje.gov.in/documents/procedure-for-release-of-funds-under-centrally-sponsored-schemes-css-and-monitoring-utilization-of-the-funds-released-release-of-first-installment-of-central-share-of-funds-in-2022-23/
documents	https://www.dosje.gov.in/documents/procedure-for-release-of-funds-under-centrally-sponsored-schemes-and-monitoring-utilization-of-the-funds-released/
documents	https://www.dosje.gov.in/documents/release-of-funds-under-the-centrally-sponsored-schemes-css-and-monitoring-utilization-of-the-funds-released/
documents	https://www.dosje.gov.in/documents/prohibition-on-practice-of-manual-scanvenging-245/
documents	https://www.dosje.gov.in/documents/safety-of-sewerage-and-septic-tank-cleaning-workers-37/
documents	https://www.dosje.gov.in/documents/nasha-mukt-bharat-abhiyaan-newsletter-aug-22/
documents	https://www.dosje.gov.in/documents/allocation-for-rehabilitation-of-manual-scavenger-2752/
documents	https://www.dosje.gov.in/documents/manual-scavengers-2726/
documents	https://www.dosje.gov.in/documents/manual-scavenging-1391/
documents	https://www.dosje.gov.in/documents/nasha-mukt-bharat-abhiyaan-newsletter-sep-22/
documents	https://www.dosje.gov.in/documents/recovery-of-interest-other-earnings-on-unspent-balances-lying-with-the-implementing-agencies-ia/
documents	https://www.dosje.gov.in/documents/sewerage-cleaning-workers-2604/
documents	https://www.dosje.gov.in/documents/release-of-funds-under-the-centrally-sponsored-scheme-css-procedure-regarding-return-of-the-central-share-released-to-the-state-treasury-but-not-released-further-to-the-sna-account-within-the-stipul/
documents	https://www.dosje.gov.in/documents/minutes-of-the-1st-meeting-of-project-appraisal-committee/
documents	https://www.dosje.gov.in/documents/submission-of-construction-of-hostel-to-be-submitted-independently-not-as-part-of-aap/
documents	https://www.dosje.gov.in/documents/nasha-mukt-bharat-abhiyaan-newsletter-oct-22/
documents	https://www.dosje.gov.in/documents/letter-to-all-the-state-uts-to-upload-their-projects-on-the-portal-designed-for-the-implementation-of-hostels-components-of-pm-ajay/
documents	https://www.dosje.gov.in/documents/nasha-mukt-bharat-abhiyaan-newsletter-nov-22/
documents	https://www.dosje.gov.in/documents/annual-report-2021-22-2/
documents	https://www.dosje.gov.in/documents/annual-report-2022/
documents	https://www.dosje.gov.in/documents/nasha-mukt-bharat-abhiyaan-newsletter-dec-22/
documents	https://www.dosje.gov.in/documents/revised-procedure-for-flow-of-funds-under-centrally-sponsored-schemes-one-time-exemption-for-non-sna-expenditure-by-states-reg/
documents	https://www.dosje.gov.in/documents/approved-minutes-of-the-2nd-meeting-of-pac/
documents	https://www.dosje.gov.in/documents/rehabilitation-of-manual-scavengers-1139/
documents	https://www.dosje.gov.in/documents/septic-tank-cleaners-1133/
documents	https://www.dosje.gov.in/documents/total-number-of-sewer-septic-tank-death-cases-from-1993-up-to-31st-january-2023/
documents	https://www.dosje.gov.in/documents/list-of-cases-where-of-sewer-deaths-legal-heirs-could-not-be-traced-despite-best-efforts-up-to-31st-january-2023/
documents	https://www.dosje.gov.in/documents/nasha-mukt-bharat-abhiyaan-newsletter-jan-23/
documents	https://www.dosje.gov.in/documents/status-of-constitution-of-state-monitoring-committees-as-on-31-01-2023/
documents	https://www.dosje.gov.in/documents/list-of-state-commissions-for-safai-karamcharis-designated-agencies-as-on-31-01-2023/
documents	https://www.dosje.gov.in/documents/status-of-constitution-of-district-sub-divisional-vigilance-committees-in-states-as-on-31-01-2023/
documents	https://www.dosje.gov.in/documents/nasha-mukt-bharat-abhiyaan-newsletter-feb-23/
documents	https://www.dosje.gov.in/documents/minutes-of-the-3rd-meeting-of-the-project-appraisal-committee/
documents	https://www.dosje.gov.in/documents/list-of-cases-where-of-sewer-deaths-legal-heirs-could-not-be-traced-despite-best-efforts-up-to-28th-february-2023/
documents	https://www.dosje.gov.in/documents/status-of-constitution-of-state-monitoring-committees-as-on-28-02-2023/
documents	https://www.dosje.gov.in/documents/total-number-of-sewer-septic-tank-death-cases-from-1993-up-to28th-february-2023/
documents	https://www.dosje.gov.in/documents/status-of-constitution-of-district-sub-divisional-vigilance-committees-in-states-as-on-28-02-2023/
documents	https://www.dosje.gov.in/documents/list-of-state-commissions-for-safai-karamcharis-designated-agencies-as-on-28-02-2023/
documents	https://www.dosje.gov.in/documents/appointment-of-chairperson-vice-chairperson-member-of-national-commission-for-safai-karamcharis-dates-on-01-03-2023/
documents	https://www.dosje.gov.in/documents/appointment-of-chairperson-vice-chairperson-member-of-national-commission-for-safai-karamcharis-dates-on-01-03-2023-2/
documents	https://www.dosje.gov.in/documents/nasha-mukt-bharat-abhiyaan-newsletter-mar-23/
documents	https://www.dosje.gov.in/documents/total-number-of-sewer-septic-tank-death-cases-from-1993-up-to-31st-march-2023/
documents	https://www.dosje.gov.in/documents/list-of-sewer-septic-tank-deaths-cases-where-legal-heirs-could-not-be-traced-despite-best-efforts-up-to-31st-march-2023-2/
documents	https://www.dosje.gov.in/documents/sanitation-workers-2277/
documents	https://www.dosje.gov.in/documents/rehabilitation-of-manual-scavengers-2146/
documents	https://www.dosje.gov.in/documents/status-of-constitution-of-state-monitoring-committees-as-on-31-03-2023/
documents	https://www.dosje.gov.in/documents/list-of-state-commissions-for-safai-karamcharis-designated-agencies-as-on-31-03-2023/
documents	https://www.dosje.gov.in/documents/status-of-constitution-of-district-sub-divisional-vigilance-committees-in-states-as-on-31-03-2023/
documents	https://www.dosje.gov.in/documents/nasha-mukt-bharat-abhiyaan-newsletter-apr-23/
documents	https://www.dosje.gov.in/documents/tentative-notional-allocation-for-the-states-uts-under-the-grants-in-aid-for-district-state-level-projects-for-socio-economic-betterment-of-scs-component-under-pradhan-mantri-anusuchit-jaati-abhyuda/
documents	https://www.dosje.gov.in/documents/list-of-cases-where-of-sewer-deaths-legal-heirs-could-not-be-traced-despite-best-efforts-up-to-30th-april-2023/
documents	https://www.dosje.gov.in/documents/total-number-of-sewer-septic-tank-death-cases-from-1993-up-to-30th-april-2023/
documents	https://www.dosje.gov.in/documents/list-of-state-commissions-for-safai-karamcharis-designated-agencies-as-on-30-04-2023/
documents	https://www.dosje.gov.in/documents/status-of-constitution-of-district-sub-divisional-vigilance-committees-in-states-as-on-30-04-2023/
documents	https://www.dosje.gov.in/documents/status-of-constitution-of-state-monitoring-committees-as-on-30-04-2023/
documents	https://www.dosje.gov.in/documents/nasha-mukt-bharat-abhiyaan-newsletter-may-23/
documents	https://www.dosje.gov.in/documents/list-of-state-commissions-for-safai-karamcharis-designated-agencies-as-on-31-05-2023/
documents	https://www.dosje.gov.in/documents/list-of-cases-where-of-sewer-deaths-legal-heirs-could-not-be-traced-despite-best-efforts-up-to-31st-may-2023/
documents	https://www.dosje.gov.in/documents/status-of-constitution-of-state-monitoring-committees-as-on-31-05-2023/
documents	https://www.dosje.gov.in/documents/total-number-of-sewer-septic-tank-death-cases-from-1993-up-to-31st-may-2023/
documents	https://www.dosje.gov.in/documents/status-of-constitution-of-district-sub-divisional-vigilance-committees-in-states-as-on-31-05-2023/
documents	https://www.dosje.gov.in/documents/list-of-cases-where-of-sewer-deaths-legal-heirs-could-not-be-traced-despite-best-efforts-up-to-30th-june-2023/
documents	https://www.dosje.gov.in/documents/total-number-of-sewer-septic-tank-death-cases-from-1993-up-to-30th-june-2023/
documents	https://www.dosje.gov.in/documents/nasha-mukt-bharat-abhiyaan-newsletter-jun-23/
documents	https://www.dosje.gov.in/documents/status-of-constitution-of-state-monitoring-committees-as-on-30-06-2023/
documents	https://www.dosje.gov.in/documents/status-of-constitution-of-district-sub-divisional-vigilance-committees-in-states-as-on-30-06-2023/
documents	https://www.dosje.gov.in/documents/list-of-state-commissions-for-safai-karamcharis-designated-agencies-as-on-30-06-2023/
documents	https://www.dosje.gov.in/documents/nasha-mukt-bharat-abhiyaan-newsletter-jul-23/
documents	https://www.dosje.gov.in/documents/rehabilitation-of-manual-scavengers-726/
documents	https://www.dosje.gov.in/documents/manual-scavengers-736/
documents	https://www.dosje.gov.in/documents/issues-of-manual-scavenger-786/
documents	https://www.dosje.gov.in/documents/bill-on-manual-scavengers-694/
documents	https://www.dosje.gov.in/documents/status-of-constitution-of-state-monitoring-committees-as-on-31-07-2023/
documents	https://www.dosje.gov.in/documents/status-of-constitution-of-district-sub-divisional-vigilance-committees-in-states-as-on-31-07-2023/
documents	https://www.dosje.gov.in/documents/list-of-cases-where-of-sewer-deaths-legal-heirs-could-not-be-traced-despite-best-efforts-up-to-31st-july-2023/
documents	https://www.dosje.gov.in/documents/total-number-of-sewer-septic-tank-death-cases-from-1993-up-to-31st-july-2023/
documents	https://www.dosje.gov.in/documents/list-of-state-commissions-for-safai-karamcharis-designated-agencies-as-on-31-07-2023/
documents	https://www.dosje.gov.in/documents/nasha-mukt-bharat-abhiyaan-newsletter-aug-23/
documents	https://www.dosje.gov.in/documents/death-of-manual-scavengers-3166/
documents	https://www.dosje.gov.in/documents/list-of-cases-where-of-sewer-deaths-legal-heirs-could-not-be-traced-despite-best-efforts-up-to-31st-august-2023/
documents	https://www.dosje.gov.in/documents/total-number-of-sewer-septic-tank-death-cases-from-1993-up-to-31st-august-2023/
documents	https://www.dosje.gov.in/documents/elimination-of-manual-scavenging-3064/
documents	https://www.dosje.gov.in/documents/status-of-constitution-of-state-monitoring-committees-as-on-31-08-2023/
documents	https://www.dosje.gov.in/documents/status-of-constitution-of-district-sub-divisional-vigilance-committees-in-states-as-on-31-08-2023/
documents	https://www.dosje.gov.in/documents/list-of-state-commissions-for-safai-karamcharis-designated-agencies-as-on-31-08-2023/
documents	https://www.dosje.gov.in/documents/nasha-mukt-bharat-abhiyaan-newsletter-sep-23/
documents	https://www.dosje.gov.in/documents/status-of-constitution-of-state-monitoring-committees-as-on-30-09-2023/
documents	https://www.dosje.gov.in/documents/list-of-cases-where-of-sewer-deaths-legal-heirs-could-not-be-traced-despite-best-efforts-up-to-30th-september-2023/
documents	https://www.dosje.gov.in/documents/minutes-of-the-1st-pacc-meeting-held-on-25-september-2023/
documents	https://www.dosje.gov.in/documents/status-of-constitution-of-district-sub-divisional-vigilance-committees-in-states-as-on-30-09-2023/
documents	https://www.dosje.gov.in/documents/total-number-of-sewer-septic-tank-death-cases-from-1993-up-to-30th-september-2023/
documents	https://www.dosje.gov.in/documents/list-of-state-commissions-for-safai-karamcharis-designated-agencies-as-on-30-09-2023/
documents	https://www.dosje.gov.in/documents/nasha-mukt-bharat-abhiyaan-newsletter-oct-23/
documents	https://www.dosje.gov.in/documents/supreme-court-judgment-dated-20-10-2023/
documents	https://www.dosje.gov.in/documents/list-of-cases-where-of-sewer-deaths-legal-heirs-could-not-be-traced-despite-best-efforts-up-to-31st-october-2023/
documents	https://www.dosje.gov.in/documents/status-of-constitution-of-district-sub-divisional-vigilance-committees-in-states-as-on-31-10-2023/
documents	https://www.dosje.gov.in/documents/total-number-of-sewer-septic-tank-death-cases-from-1993-up-to-31st-october-2023/
documents	https://www.dosje.gov.in/documents/status-of-constitution-of-state-monitoring-committees-as-on-31-10-2023/
documents	https://www.dosje.gov.in/documents/list-of-state-commissions-for-safai-karamcharis-designated-agencies-as-on-31-10-2023/
documents	https://www.dosje.gov.in/documents/annual-report-2022-23-2/
documents	https://www.dosje.gov.in/documents/status-of-constitution-of-state-monitoring-committees-as-on-30-11-2023/
documents	https://www.dosje.gov.in/documents/nasha-mukt-bharat-abhiyaan-newsletter-nov-23/
documents	https://www.dosje.gov.in/documents/list-of-cases-where-of-sewer-deaths-legal-heirs-could-not-be-traced-despite-best-efforts-up-to-30th-november-2023/
documents	https://www.dosje.gov.in/documents/status-of-constitution-of-district-sub-divisional-vigilance-committees-in-states-as-on-30-11-2023/
documents	https://www.dosje.gov.in/documents/total-number-of-sewer-septic-tank-death-cases-from-1993-up-to-30th-november-2023/
documents	https://www.dosje.gov.in/documents/manual-scavenging-free-districts-421/
documents	https://www.dosje.gov.in/documents/nasha-mukt-bharat-abhiyaan-newsletter-dec-23/
documents	https://www.dosje.gov.in/documents/list-of-state-commissions-for-safai-karamcharis-designated-agencies-as-on-30-11-2023/
documents	https://www.dosje.gov.in/documents/minutes-of-2nd-project-appraisal-cum-convergence-committee-held-on-01-dec-2023/
documents	https://www.dosje.gov.in/documents/manual-scavenging-2581/
documents	https://www.dosje.gov.in/documents/list-of-cases-where-of-sewer-deaths-legal-heirs-could-not-be-traced-despite-best-efforts-up-to-31st-december-2023/
documents	https://www.dosje.gov.in/documents/total-number-of-sewer-septic-tank-death-cases-from-1993-up-to-31st-december-2023/
documents	https://www.dosje.gov.in/documents/status-of-constitution-of-district-sub-divisional-vigilance-committees-in-states-as-on-31-12-2023/
documents	https://www.dosje.gov.in/documents/status-of-constitution-of-state-monitoring-committees-as-on-31-12-2023/
documents	https://www.dosje.gov.in/documents/list-of-state-commissions-for-safai-karamcharis-designated-agencies-as-on-31-12-2023/
documents	https://www.dosje.gov.in/documents/nasha-mukt-bharat-abhiyaan-newsletter-jan-24/
documents	https://www.dosje.gov.in/documents/list-of-cases-where-of-sewer-deaths-legal-heirs-could-not-be-traced-despite-best-efforts-up-to-31st-january-2024/
documents	https://www.dosje.gov.in/documents/total-number-of-sewer-septic-tank-death-cases-from-1993-up-to-31st-january-2024/
documents	https://www.dosje.gov.in/documents/status-of-constitution-of-district-sub-divisional-vigilance-committees-in-states-as-on-31-01-2024/
documents	https://www.dosje.gov.in/documents/status-of-constitution-of-state-monitoring-committees-as-on-31-01-2024/
documents	https://www.dosje.gov.in/documents/differentiating-between-sewer-cleaner-and-manual-scavengers-488/
documents	https://www.dosje.gov.in/documents/nasha-mukt-bharat-abhiyaan-newsletter-feb-24/
documents	https://www.dosje.gov.in/documents/death-of-manual-scavangers-491/
documents	https://www.dosje.gov.in/documents/list-of-state-commissions-for-safai-karamcharis-designated-agencies-as-on-31-01-2024/
documents	https://www.dosje.gov.in/documents/total-number-of-sewer-septic-tank-death-cases-from-1993-up-to-29th-february-2024/
documents	https://www.dosje.gov.in/documents/status-of-constitution-of-district-sub-divisional-vigilance-committees-in-states-as-on-29-02-2024/
documents	https://www.dosje.gov.in/documents/list-of-cases-where-of-sewer-deaths-legal-heirs-could-not-be-traced-despite-best-efforts-up-to-29th-february-2024/
documents	https://www.dosje.gov.in/documents/minutes-of-3rd-project-appraisal-cum-convergence-committee-held-on-16-feb-2024/
documents	https://www.dosje.gov.in/documents/list-of-cases-where-of-sewer-deaths-legal-heirs-could-not-be-traced-despite-best-efforts-up-to-31st-march-2024/
documents	https://www.dosje.gov.in/documents/nasha-mukt-bharat-abhiyaan-newsletter-mar-24/
documents	https://www.dosje.gov.in/documents/status-of-constitution-of-state-monitoring-committees-as-on-29-02-2024/
documents	https://www.dosje.gov.in/documents/list-of-state-commissions-for-safai-karamcharis-designated-agencies-as-on-29-02-2024/
documents	https://www.dosje.gov.in/documents/status-of-constitution-of-district-sub-divisional-vigilance-committees-in-states-as-on-31-03-2024/
documents	https://www.dosje.gov.in/documents/total-number-of-sewer-septic-tank-death-cases-from-1993-up-to-31st-march-2024/
documents	https://www.dosje.gov.in/documents/status-of-constitution-of-state-monitoring-committees-as-on-31-03-2024/
documents	https://www.dosje.gov.in/documents/list-of-state-commissions-for-safai-karamcharis-designated-agencies-as-on-31-03-2024/
documents	https://www.dosje.gov.in/documents/nasha-mukt-bharat-abhiyaan-newsletter-apr-24/
documents	https://www.dosje.gov.in/documents/list-of-cases-where-of-sewer-deaths-legal-heirs-could-not-be-traced-despite-best-efforts-up-to-30th-april-2024/
documents	https://www.dosje.gov.in/documents/status-of-constitution-of-state-monitoring-committees-as-on-30-04-2024/
documents	https://www.dosje.gov.in/documents/status-of-constitution-of-district-sub-divisional-vigilance-committees-in-states-as-on-30-04-2024/
documents	https://www.dosje.gov.in/documents/total-number-of-sewer-septic-tank-death-cases-from-1993-up-to-30th-april-2024/
documents	https://www.dosje.gov.in/documents/list-of-state-commissions-for-safai-karamcharis-designated-agencies-as-on-30-04-2024/
documents	https://www.dosje.gov.in/documents/status-of-constitution-of-district-sub-divisional-vigilance-committees-in-states-as-on-31-05-2024/
documents	https://www.dosje.gov.in/documents/status-of-constitution-of-state-monitoring-committees-as-on-31-05-2024/
documents	https://www.dosje.gov.in/documents/nasha-mukt-bharat-abhiyaan-newsletter-may-24/
documents	https://www.dosje.gov.in/documents/list-of-state-commissions-for-safai-karamcharis-designated-agencies-as-on-31-05-2024/
documents	https://www.dosje.gov.in/documents/total-number-of-sewer-septic-tank-death-cases-from-1993-up-to-31st-may-2024/
documents	https://www.dosje.gov.in/documents/list-of-cases-where-of-sewer-deaths-legal-heirs-could-not-be-traced-despite-best-efforts-up-to-31st-may-2024/
documents	https://www.dosje.gov.in/documents/tentative-notional-allocation-for-the-states-uts-under-t-h-e-grants-in-aid-for-district-state-level-projects-for-socio-economic-betterment-of-scs-component-under-pradhan-mantri-an/
documents	https://www.dosje.gov.in/documents/nasha-mukt-bharat-abhiyaan-newsletter-jun-24/
documents	https://www.dosje.gov.in/documents/list-of-cases-where-of-sewer-deaths-legal-heirs-could-not-be-traced-despite-best-efforts-up-to-30th-june-2024/
documents	https://www.dosje.gov.in/documents/list-of-state-commissions-for-safai-karamcharis-designated-agencies-as-on-30-06-2024/
documents	https://www.dosje.gov.in/documents/status-of-constitution-of-state-monitoring-committees-as-on-30-06-2024/
documents	https://www.dosje.gov.in/documents/status-of-constitution-of-district-sub-divisional-vigilance-committees-in-states-as-on-30-06-2024/
documents	https://www.dosje.gov.in/documents/total-number-of-sewer-septic-tank-death-cases-from-1993-up-to-30th-june-2024/
documents	https://www.dosje.gov.in/documents/list-of-cases-where-of-sewer-deaths-legal-heirs-could-not-be-traced-despite-best-efforts-up-to-31st-july-2024/
documents	https://www.dosje.gov.in/documents/nasha-mukt-bharat-abhiyaan-newsletter-jul-24/
documents	https://www.dosje.gov.in/documents/status-of-constitution-of-district-sub-divisional-vigilance-committees-in-states-as-on-31-07-2024/
documents	https://www.dosje.gov.in/documents/total-number-of-sewer-septic-tank-death-cases-from-1993-up-to-31st-july-2024/
documents	https://www.dosje.gov.in/documents/list-of-state-commissions-for-safai-karamcharis-designated-agencies-as-on-31-07-2024/
documents	https://www.dosje.gov.in/documents/status-of-constitution-of-state-monitoring-committees-as-on-31-07-2024/
documents	https://www.dosje.gov.in/documents/total-number-of-sewer-septic-tank-death-cases-from-1993-up-to-31st-august-2024/
documents	https://www.dosje.gov.in/documents/nasha-mukt-bharat-abhiyaan-newsletter-aug-24/
documents	https://www.dosje.gov.in/documents/list-of-cases-where-of-sewer-deaths-legal-heirs-could-not-be-traced-despite-best-efforts-up-to-31st-august-2024/
documents	https://www.dosje.gov.in/documents/list-of-state-commissions-for-safai-karamcharis-designated-agencies-as-on-31-08-2024/
documents	https://www.dosje.gov.in/documents/status-of-constitution-of-state-monitoring-committees-as-on-31-08-2024/
documents	https://www.dosje.gov.in/documents/status-of-constitution-of-district-sub-divisional-vigilance-committees-in-states-as-on-31-08-2024/
documents	https://www.dosje.gov.in/documents/nasha-mukt-bharat-abhiyaan-newsletter-sep-24/
documents	https://www.dosje.gov.in/documents/total-number-of-sewer-septic-tank-death-cases-from-1993-up-to-30th-september-2024/
documents	https://www.dosje.gov.in/documents/status-of-constitution-of-state-monitoring-committees-as-on-30-09-2024/
documents	https://www.dosje.gov.in/documents/list-of-cases-where-of-sewer-deaths-legal-heirs-could-not-be-traced-despite-best-efforts-up-to-30th-september-2024/
documents	https://www.dosje.gov.in/documents/list-of-state-commissions-for-safai-karamcharis-designated-agencies-as-on-30-09-2024/
documents	https://www.dosje.gov.in/documents/status-of-constitution-of-district-sub-divisional-vigilance-committees-in-states-as-on-30-09-2024/
documents	https://www.dosje.gov.in/documents/nasha-mukt-bharat-abhiyaan-newsletter-oct-24/
documents	https://www.dosje.gov.in/documents/status-of-constitution-of-state-monitoring-committees-as-on-31-10-2024-3/
documents	https://www.dosje.gov.in/documents/total-number-of-sewer-septic-tank-death-cases-from-1993-up-to-31st-october-2024/
documents	https://www.dosje.gov.in/documents/list-of-cases-where-of-sewer-deaths-legal-heirs-could-not-be-traced-despite-best-efforts-up-to-31st-october-2024/
documents	https://www.dosje.gov.in/documents/list-of-state-commissions-for-safai-karamcharis-designated-agencies-as-on-31-10-2024/
documents	https://www.dosje.gov.in/documents/status-of-constitution-of-district-sub-divisional-vigilance-committees-in-states-as-on-31-10-2024/
documents	https://www.dosje.gov.in/documents/minutes-of-the-1st-meeting-of-the-project-appraisal-cum-convergence-committee-held-on-19-nov-2024/
documents	https://www.dosje.gov.in/documents/nasha-mukt-bharat-abhiyaan-newsletter-nov-24/
documents	https://www.dosje.gov.in/documents/annual-report-2023-24-3/
documents	https://www.dosje.gov.in/documents/list-of-cases-where-of-sewer-deaths-legal-heirs-could-not-be-traced-despite-best-efforts-up-to-30th-november-2024/
documents	https://www.dosje.gov.in/documents/total-number-of-sewer-septic-tank-death-cases-from-1993-up-to-30th-november-2024/
documents	https://www.dosje.gov.in/documents/list-of-state-commissions-for-safai-karamcharis-designated-agencies-as-on-31-11-2024/
documents	https://www.dosje.gov.in/documents/status-of-constitution-of-state-monitoring-committees-as-on-30-11-2024/
documents	https://www.dosje.gov.in/documents/nasha-mukt-bharat-abhiyaan-newsletter-dec-24/
documents	https://www.dosje.gov.in/documents/total-number-of-sewer-septic-tank-death-cases-from-1993-up-to-31st-december-2024/
documents	https://www.dosje.gov.in/documents/supreme-court-judgment-dated-11-12-2024/
documents	https://www.dosje.gov.in/documents/list-of-cases-where-of-sewer-deaths-legal-heirs-could-not-be-traced-despite-best-efforts-up-to-31st-december-2024/
documents	https://www.dosje.gov.in/documents/list-of-state-commissions-for-safai-karamcharis-designated-agencies-as-on-31-12-2024-2/
documents	https://www.dosje.gov.in/documents/status-of-constitution-of-district-sub-divisional-vigilance-committees-in-states-as-on-31-12-2024/
documents	https://www.dosje.gov.in/documents/status-of-constitution-of-state-monitoring-committees-as-on-31-10-2024-2/
documents	https://www.dosje.gov.in/documents/annual-report-2023-24-2/
documents	https://www.dosje.gov.in/documents/nasha-mukt-bharat-abhiyaan-newsletter-jan-25/
documents	https://www.dosje.gov.in/documents/psychological-myths/
documents	https://www.dosje.gov.in/documents/faqs-on-abhiyaan/
documents	https://www.dosje.gov.in/documents/role-of-social-media-english/
documents	https://www.dosje.gov.in/documents/towards-a-drug-sensitized-country/
documents	https://www.dosje.gov.in/documents/evidence-based-psychosocial-interventions-for-substance-use-treatment/
documents	https://www.dosje.gov.in/documents/digital-interventions/
documents	https://www.dosje.gov.in/documents/community-based-network-approach-for-effective-substance-use-treatment/
documents	https://www.dosje.gov.in/documents/aftercare-support/
documents	https://www.dosje.gov.in/documents/atf-scheme-english/
documents	https://www.dosje.gov.in/documents/peer-pressure/
documents	https://www.dosje.gov.in/documents/compendium-hindi/
documents	https://www.dosje.gov.in/documents/fighting-against-the-stigma-stereotype-attached-to-recovered-drug-dependents/
documents	https://www.dosje.gov.in/documents/signs-and-symptoms/
documents	https://www.dosje.gov.in/documents/psychoactive-substances-acute-behavioural-effects/
documents	https://www.dosje.gov.in/documents/understanding-the-terminology-associated-with-substance-use/
documents	https://www.dosje.gov.in/documents/addiction-treatment-facility/
documents	https://www.dosje.gov.in/documents/towards-a-drug-sensitized-country-hindi/
documents	https://www.dosje.gov.in/documents/role-of-social-media-in-drug-prevention-hindi/
documents	https://www.dosje.gov.in/documents/role-of-psychological-treatment-for-substance-use-disorder/
documents	https://www.dosje.gov.in/documents/nmba-impact-assessment-report-2021-by-undp/
documents	https://www.dosje.gov.in/documents/compendium-english/
documents	https://www.dosje.gov.in/documents/substances-glossary-hindi/
documents	https://www.dosje.gov.in/documents/best-practices/
documents	https://www.dosje.gov.in/documents/user-manual-for-patient-monitoring-system/
documents	https://www.dosje.gov.in/documents/list-of-cases-where-of-sewer-deaths-legal-heirs-could-not-be-traced-despite-best-efforts-up-to-31st-january-2025/
documents	https://www.dosje.gov.in/documents/status-of-constitution-of-district-sub-divisional-vigilance-committees-in-states-as-on-31-01-2025/
documents	https://www.dosje.gov.in/documents/status-of-constitution-of-state-monitoring-committees-as-on-31-01-2025/
documents	https://www.dosje.gov.in/documents/list-of-state-commissions-for-safai-karamcharis-designated-agencies-as-on-31-01-2025/
documents	https://www.dosje.gov.in/documents/total-number-of-sewer-septic-tank-death-cases-from-1993-up-to-31st-january-2025/
documents	https://www.dosje.gov.in/documents/minutes-of-the-2nd-meeting-of-the-project-appraisal-cum-convergence-committee-held-on-29-jan-2025/
documents	https://www.dosje.gov.in/documents/supreme-court-judgment-dated-19-02-2025/
documents	https://www.dosje.gov.in/documents/nasha-mukt-bharat-abhiyaan-newsletter-feb-25/
documents	https://www.dosje.gov.in/documents/status-of-constitution-of-state-monitoring-committees-as-on-28-02-2025-2/
documents	https://www.dosje.gov.in/documents/total-number-of-sewer-septic-tank-death-cases-from-1993-up-to-28th-february-2025/
documents	https://www.dosje.gov.in/documents/status-of-constitution-of-district-sub-divisional-vigilance-committees-in-states-as-on-28-02-2025/
documents	https://www.dosje.gov.in/documents/list-of-cases-where-of-sewer-deaths-legal-heirs-could-not-be-traced-despite-best-efforts-up-to-28th-february-2025/
documents	https://www.dosje.gov.in/documents/list-of-state-commissions-for-safai-karamcharis-designated-agencies-as-on-28-02-2025/
documents	https://www.dosje.gov.in/documents/minutes-of-3rd-project-appraisal-cum-convergence-committee-held-on-25-mar-2025/
documents	https://www.dosje.gov.in/documents/nasha-mukt-bharat-abhiyaan-newsletter-mar-25/
documents	https://www.dosje.gov.in/documents/supreme-court-judgment-dated-27-03-2025/
documents	https://www.dosje.gov.in/documents/list-of-cases-where-of-sewer-deaths-legal-heirs-could-not-be-traced-despite-best-efforts-up-to-31st-march-2025/
documents	https://www.dosje.gov.in/documents/total-number-of-sewer-septic-tank-death-cases-from-1993-up-to-31st-march-2025/
documents	https://www.dosje.gov.in/documents/status-of-constitution-of-district-sub-divisional-vigilance-committees-in-states-as-on-31-03-2025/
documents	https://www.dosje.gov.in/documents/status-of-constitution-of-state-monitoring-committees-as-on-31-03-2025-2/
documents	https://www.dosje.gov.in/documents/list-of-state-commissions-for-safai-karamcharis-designated-agencies-as-on-31-03-2025/
documents	https://www.dosje.gov.in/documents/supreme-court-judgment-dated-23-04-2025/
documents	https://www.dosje.gov.in/documents/nasha-mukt-bharat-abhiyaan-newsletter-apr-25/
documents	https://www.dosje.gov.in/documents/status-of-constitution-of-district-sub-divisional-vigilance-committees-in-states-as-on-30-04-2025/
documents	https://www.dosje.gov.in/documents/status-of-constitution-of-state-monitoring-committees-as-on-30-04-2025-2/
documents	https://www.dosje.gov.in/documents/total-number-of-sewer-septic-tank-death-cases-from-1993-up-to-30th-april-2025/
documents	https://www.dosje.gov.in/documents/list-of-cases-where-of-sewer-deaths-legal-heirs-could-not-be-traced-despite-best-efforts-up-to-30-april-2025/
documents	https://www.dosje.gov.in/documents/list-of-state-commissions-for-safai-karamcharis-designated-agencies-as-on-30-04-2025/
documents	https://www.dosje.gov.in/documents/supreme-court-judgment-dated-16-05-2025/
documents	https://www.dosje.gov.in/documents/nasha-mukt-bharat-abhiyaan-newsletter-may-25/
documents	https://www.dosje.gov.in/documents/submission-uploading-of-physical-and-financial-progress-report-under-pm-ajay-by-the-implementing-state-uts-reg-3/
documents	https://www.dosje.gov.in/documents/list-of-state-commissions-for-safai-karamcharis-designated-agencies-as-on-31-05-2025/
documents	https://www.dosje.gov.in/documents/list-of-cases-where-of-sewer-deaths-legal-heirs-could-not-be-traced-despite-best-efforts-up-to-31st-may-2025/
documents	https://www.dosje.gov.in/documents/status-of-constitution-of-state-monitoring-committees-as-on-31-05-2025/
documents	https://www.dosje.gov.in/documents/status-of-constitution-of-district-sub-divisional-vigilance-committees-in-states-as-on-31-05-2025/
documents	https://www.dosje.gov.in/documents/total-number-of-sewer-septic-tank-death-cases-from-1993-up-to-31st-may-2025/
documents	https://www.dosje.gov.in/documents/submission-uploading-of-physical-and-financial-progress-report-under-pm-ajay-by-the-implementing-state-uts-reg-2/
documents	https://www.dosje.gov.in/documents/observance-of-international-day-of-yoga-idy-2025-plans-for-special-activities-to-commemorate-a-decade-of-international-day-of-yoga/
documents	https://www.dosje.gov.in/documents/status-of-constitution-of-district-sub-divisional-vigilance-committees-in-states-as-on-30-06-2025/
documents	https://www.dosje.gov.in/documents/list-of-cases-where-of-sewer-deaths-legal-heirs-could-not-be-traced-despite-best-efforts-up-to-30th-june-2025/
documents	https://www.dosje.gov.in/documents/total-number-of-sewer-septic-tank-death-cases-from-1993-up-to-30th-june-2025/
documents	https://www.dosje.gov.in/documents/status-of-constitution-of-state-monitoring-committees-as-on-30-06-2025-2/
documents	https://www.dosje.gov.in/documents/list-of-cases-where-of-sewer-deaths-legal-heirs-could-not-be-traced-despite-best-efforts-up-to-31st-july-2025/
documents	https://www.dosje.gov.in/documents/total-number-of-sewer-septic-tank-death-cases-from-1993-up-to-31st-july-2025/
documents	https://www.dosje.gov.in/documents/list-of-state-commissions-for-safai-karamcharis-designated-agencies-as-on-30-06-2025/
documents	https://www.dosje.gov.in/documents/status-of-constitution-of-state-monitoring-committees-as-on-30-09-2025/
documents	https://www.dosje.gov.in/documents/list-of-state-commissions-for-safai-karamcharis-designated-agencies-as-on-31-07-2025/
documents	https://www.dosje.gov.in/documents/status-of-constitution-of-district-sub-divisional-vigilance-committees-in-states-as-on-31-07-2025/
documents	https://www.dosje.gov.in/documents/nasha-mukt-bharat-abhiyaan-newsletter-aug-25/
documents	https://www.dosje.gov.in/documents/supreme-court-judgment-dated-06-08-2025/
documents	https://www.dosje.gov.in/documents/list-of-state-commissions-for-safai-karamcharis-designated-agencies-as-on-30-09-2025-2/
documents	https://www.dosje.gov.in/documents/status-of-constitution-of-state-monitoring-committees-as-on-31-08-2025-2/
documents	https://www.dosje.gov.in/documents/list-of-cases-where-of-sewer-deaths-legal-heirs-could-not-be-traced-despite-best-efforts-up-to-31st-august-2025/
documents	https://www.dosje.gov.in/documents/total-number-of-sewer-septic-tank-death-cases-from-1993-up-to-31st-august-2025/
documents	https://www.dosje.gov.in/documents/supreme-court-judgment-dated-01-09-2025/
documents	https://www.dosje.gov.in/documents/supreme-court-judgment-dated-18-09-2025/
documents	https://www.dosje.gov.in/documents/status-of-constitution-of-district-sub-divisional-vigilance-committees-in-states-as-on-31-08-2025/
documents	https://www.dosje.gov.in/documents/supreme-court-judgment-dated-19-09-2025/
documents	https://www.dosje.gov.in/documents/list-of-cases-where-of-sewer-deaths-legal-heirs-could-not-be-traced-despite-best-efforts-up-to-30th-september-2025/
documents	https://www.dosje.gov.in/documents/status-of-constitution-of-district-sub-divisional-vigilance-committees-in-states-as-on-30-09-2025/
documents	https://www.dosje.gov.in/documents/submission-uploading-of-physical-and-financial-progress-report-under-pm-ajay-by-the-implementing-state-uts-reg/
documents	https://www.dosje.gov.in/documents/total-number-of-sewer-septic-tank-death-cases-from-1993-up-to-30th-september-2025/
documents	https://www.dosje.gov.in/documents/details-of-committee-approved-beneficiaries-under-the-dr-ambedkar-scheme-for-social-integration-through-inter-caste-marriages-whose-supporting-documents-have-been-requisitioned/
documents	https://www.dosje.gov.in/documents/status-of-constitution-of-state-monitoring-committees-as-on-30-09-2025-2/
documents	https://www.dosje.gov.in/documents/list-of-state-commissions-for-safai-karamcharis-designated-agencies-as-on-30-09-2025/
documents	https://www.dosje.gov.in/documents/supreme-court-judgment-dated-29-10-2025/
documents	https://www.dosje.gov.in/documents/details-of-committee-approved-beneficiaries-under-the-dr-ambedkar-scheme-for-social-integration-through-inter-caste-marriages-whose-correspondence-could-not-be-delivered-as-the-letters-sent-to-their/
documents	https://www.dosje.gov.in/documents/details-of-students-to-whom-award-prize-money-has-been-disbursed-under-the-dr-ambedkar-national-merit-award-scheme-for-class-10th-and-12th-of-2020-21-of-various-boards-and-councils/
documents	https://www.dosje.gov.in/documents/list-of-state-commissions-for-safai-karamcharis-designated-agencies-as-on-31-10-2025/
documents	https://www.dosje.gov.in/documents/total-number-of-sewer-septic-tank-death-cases-from-1993-up-to-31st-october-2025/
documents	https://www.dosje.gov.in/documents/list-of-awardees-without-details-under-the-dr-ambedkar-national-merit-award-scheme-for-class-10th-and-12th-for-the-years-2019-20-2020-21-2021-22-and-2022-23-of-various-boards-councils/
documents	https://www.dosje.gov.in/documents/list-of-cases-where-of-sewer-deaths-legal-heirs-could-not-be-traced-despite-best-efforts-up-to-31st-october-2025/
documents	https://www.dosje.gov.in/documents/status-of-constitution-of-district-sub-divisional-vigilance-committees-in-states-as-on-31-10-2025/
documents	https://www.dosje.gov.in/documents/status-of-constitution-of-state-monitoring-committees-as-on-31-10-2025/
documents	https://www.dosje.gov.in/documents/supreme-court-judgment-dated-19-11-2025/
documents	https://www.dosje.gov.in/documents/new-registered-book-suppliers-for-daic-library-for-the-fy-2022-23/
documents	https://www.dosje.gov.in/documents/term-loan/
documents	https://www.dosje.gov.in/documents/education-loan/
documents	https://www.dosje.gov.in/documents/mou-2024-25/
documents	https://www.dosje.gov.in/documents/mou-2023-24/
documents	https://www.dosje.gov.in/documents/mou-2021-22/
documents	https://www.dosje.gov.in/documents/mou-2020-21/
documents	https://www.dosje.gov.in/documents/mou-2019-20/
documents	https://www.dosje.gov.in/documents/supreme-court-judgment-1-09-2025/
documents	https://www.dosje.gov.in/documents/mou-2018-19/
documents	https://www.dosje.gov.in/documents/mou-2017-18/
documents	https://www.dosje.gov.in/documents/supreme-court-judgment-18-09-2025/
documents	https://www.dosje.gov.in/documents/supreme-court-judgment-16-05-2025/
documents	https://www.dosje.gov.in/documents/supreme-court-judgment-23-04-2025/
documents	https://www.dosje.gov.in/documents/supreme-court-judgment-19-02-2025/
documents	https://www.dosje.gov.in/documents/supreme-court-judgment-11-12-2025/
documents	https://www.dosje.gov.in/documents/supreme-court-judgment-20-10-2023/
documents	https://www.dosje.gov.in/documents/supreme-court-judgment-27-03-2025/
documents	https://www.dosje.gov.in/documents/supreme-court-judgment-27-03-2014/
documents	https://www.dosje.gov.in/documents/28th-annual-report-2016-17/
documents	https://www.dosje.gov.in/documents/27th-annual-report-2015-16/
documents	https://www.dosje.gov.in/documents/31st-annual-report-2019-20/
documents	https://www.dosje.gov.in/documents/30th-annual-report-2018-19/
documents	https://www.dosje.gov.in/documents/29th-annual-report-2017-18/
documents	https://www.dosje.gov.in/documents/34th-annual-report-2022-23/
documents	https://www.dosje.gov.in/documents/33rd-annual-report-2021-22/
documents	https://www.dosje.gov.in/documents/32nd-annual-report-2020-21/
documents	https://www.dosje.gov.in/documents/incentive-schemes-for-other-channelising-agencies-isoca/
documents	https://www.dosje.gov.in/documents/35th-annual-report-2023-24/
documents	https://www.dosje.gov.in/documents/scheme-of-rembursement-of-membership-fee-of-credit-information-companies-to-scas/
documents	https://www.dosje.gov.in/documents/whistle-blower-policy-for-better-corporate-governance/
documents	https://www.dosje.gov.in/documents/shww-2013-act/
documents	https://www.dosje.gov.in/documents/record-retention-policy/
documents	https://www.dosje.gov.in/documents/composition-of-icc/
documents	https://www.dosje.gov.in/documents/handbook-on-sexual-harrasment/
documents	https://www.dosje.gov.in/documents/icc-bilingual/
documents	https://www.dosje.gov.in/documents/e-magazine-unnati-4th-edition/
documents	https://www.dosje.gov.in/documents/act-rules-procedure/
documents	https://www.dosje.gov.in/documents/she-box/
documents	https://www.dosje.gov.in/documents/state-allocation/
documents	https://www.dosje.gov.in/documents/details-of-previous-commissions/
documents	https://www.dosje.gov.in/documents/e-magazine-unnati-5th-edition/
documents	https://www.dosje.gov.in/documents/grievances/
documents	https://www.dosje.gov.in/documents/powar-bhoyar-pawar-bhoyar/
documents	https://www.dosje.gov.in/documents/the-protection-of-civil-rights-pcr-act-1955/
documents	https://www.dosje.gov.in/documents/pemsr-act-2013/
documents	https://www.dosje.gov.in/documents/pemsr-rules-2013/
documents	https://www.dosje.gov.in/documents/poa-acts-1989/
documents	https://www.dosje.gov.in/documents/poa-rules-1995/
documents	https://www.dosje.gov.in/documents/rules-of-procedure/
documents	https://www.dosje.gov.in/documents/advisory-committee-on-economic-and-social-development-of-scheduled-castes-ncsc/
documents	https://www.dosje.gov.in/documents/advisory-to-states-uts-for-prevention-of-sewer-death/
documents	https://www.dosje.gov.in/documents/ncsc-handbook/
documents	https://www.dosje.gov.in/documents/writings-and-speeches-of-dr-b-r-ambedkar/
documents	https://www.dosje.gov.in/documents/constituent-assembly-debates/
documents	https://www.dosje.gov.in/documents/famous-books/
documents	https://www.dosje.gov.in/documents/read-online-books-at-free-of-cost-national-digital-library/
documents	https://www.dosje.gov.in/documents/constitutional-debates-since-1946-1950/
documents	https://www.dosje.gov.in/documents/dr-b-r-ambedkar-his-life-works/
documents	https://www.dosje.gov.in/documents/constitutional-amendments-debates-1951-till-date/
documents	https://www.dosje.gov.in/documents/federation-versus-freedom-1939/
documents	https://www.dosje.gov.in/documents/dnt-nt-and-snt-communities-list-statewise/
documents	https://www.dosje.gov.in/documents/seed-scheme-guidelines-in-hindi/
documents	https://www.dosje.gov.in/documents/hand-book-2019-ncsk/
documents	https://www.dosje.gov.in/documents/state-wise-dnt-office/
documents	https://www.dosje.gov.in/documents/seed-scheme-guidelines-in-english/
documents	https://www.dosje.gov.in/documents/state-governments-and-their-important-links-related-to-dncs/
documents	https://www.dosje.gov.in/documents/idate-commission-report-2017/
documents	https://www.dosje.gov.in/documents/renke-commission-report/
documents	https://www.dosje.gov.in/documents/annual-report-2021-2022/
documents	https://www.dosje.gov.in/documents/annual-report-2022-2023/
documents	https://www.dosje.gov.in/documents/annual-report-2023-2024/
documents	https://www.dosje.gov.in/documents/annual-report-2020-2021/
documents	https://www.dosje.gov.in/documents/annual-report-2019-2020/
documents	https://www.dosje.gov.in/documents/annual-report-2018-2019/
documents	https://www.dosje.gov.in/documents/annual-report-2017-2018/
documents	https://www.dosje.gov.in/documents/annual-report-2015-2016/
documents	https://www.dosje.gov.in/documents/annual-report-2014-2015/
documents	https://www.dosje.gov.in/documents/annual-report-2013-2014/
documents	https://www.dosje.gov.in/documents/lending-policies-and-guidelines-of-nskfdc/
documents	https://www.dosje.gov.in/documents/financial-parameters-for-release-of-funds-by-nskfdc-for-considering-the-profitability-and-net-npas-of-banks/
documents	https://www.dosje.gov.in/documents/2025-26/
documents	https://www.dosje.gov.in/documents/2024-25/
documents	https://www.dosje.gov.in/documents/2023-24/
documents	https://www.dosje.gov.in/documents/annual-report-2022-23/
documents	https://www.dosje.gov.in/documents/2022-23/
documents	https://www.dosje.gov.in/documents/annual-report-2018-19/
documents	https://www.dosje.gov.in/documents/2021-22/
documents	https://www.dosje.gov.in/documents/annual-report-2019-20/
documents	https://www.dosje.gov.in/documents/2020-21/
documents	https://www.dosje.gov.in/documents/2019-20/
documents	https://www.dosje.gov.in/documents/2018-19/
documents	https://www.dosje.gov.in/documents/2016-17/
documents	https://www.dosje.gov.in/documents/2015-16/
documents	https://www.dosje.gov.in/documents/annual-report-2021-22/
documents	https://www.dosje.gov.in/documents/2014-15/
documents	https://www.dosje.gov.in/documents/annual-report-2020-21/
documents	https://www.dosje.gov.in/documents/annual-report-2020-21-2/
documents	https://www.dosje.gov.in/documents/2017-18/
documents	https://www.dosje.gov.in/documents/annual-report-2017-18/
documents	https://www.dosje.gov.in/documents/survey-form/
documents	https://www.dosje.gov.in/documents/annual-report-under-the-poa-act-for-the-year-2022/
documents	https://www.dosje.gov.in/documents/standard-operating-procedure/
documents	https://www.dosje.gov.in/documents/ms-survey-presentation/
documents	https://www.dosje.gov.in/documents/format-of-forwarding-camp-minutes-and-district-survey-report/
documents	https://www.dosje.gov.in/documents/ms-survey-identified-and-paid-list/
documents	https://www.dosje.gov.in/documents/rti-online-for-filing-rti/
documents	https://www.dosje.gov.in/documents/disclosure-under-section-4-of-rti-act/
documents	https://www.dosje.gov.in/documents/parliamanent-questions-report-of-rti-request/
documents	https://www.dosje.gov.in/documents/parliamanent-questions-report-of-rti-appeals/
documents	https://www.dosje.gov.in/documents/annual-report-2021/
documents	https://www.dosje.gov.in/documents/annual-report-2001/
documents	https://www.dosje.gov.in/documents/annual-report-2000/
documents	https://www.dosje.gov.in/documents/annual-report-1999/
documents	https://www.dosje.gov.in/documents/annual-report-1998/
documents	https://www.dosje.gov.in/documents/annual-report-1996-1997/
documents	https://www.dosje.gov.in/documents/annual-report-1993-to-1995/
documents	https://www.dosje.gov.in/documents/annual-report-1991-1992/
documents	https://www.dosje.gov.in/documents/annual-report-1990/
documents	https://www.dosje.gov.in/documents/the-right-to-information-act-2005/
documents	https://www.dosje.gov.in/documents/notional-allocation-%e0%a4%95%e0%a4%be%e0%a4%b2%e0%a5%8d%e0%a4%aa%e0%a4%a8%e0%a4%bf%e0%a4%95-%e0%a4%86%e0%a4%b5%e0%a4%82%e0%a4%9f%e0%a4%a8/
documents	https://www.dosje.gov.in/documents/hostels-bc-meta/
documents	https://www.dosje.gov.in/documents/namaste-scheme/
documents	https://www.dosje.gov.in/documents/pm-ajay-adarsh-gram-meta/
documents	https://www.dosje.gov.in/documents/pm-ajay-grant-in-aid/
documents	https://www.dosje.gov.in/documents/pm-ajay-hostel-component/
documents	https://www.dosje.gov.in/documents/post-matric-bc-meta/
documents	https://www.dosje.gov.in/documents/pre-matric-bc-meta/
documents	https://www.dosje.gov.in/documents/senior-citizen-beneficiaries/
documents	https://www.dosje.gov.in/documents/senior-citizen-homes/
documents	https://www.dosje.gov.in/documents/shreyas-sc-nfsc/
documents	https://www.dosje.gov.in/documents/shreyas-sc-nos/
documents	https://www.dosje.gov.in/documents/top-class-college-bc-meta/
documents	https://www.dosje.gov.in/documents/top-class-school-bc-meta/
documents	https://www.dosje.gov.in/documents/post-matric/
documents	https://www.dosje.gov.in/documents/pre-matric/
documents	https://www.dosje.gov.in/documents/training-calendar/
documents	https://www.dosje.gov.in/documents/training-calendar-january-2025/
documents	https://www.dosje.gov.in/documents/annual-report-2022-23-3/
documents	https://www.dosje.gov.in/documents/annual-report-2021-22-3/
documents	https://www.dosje.gov.in/documents/annual-report-2020-21-4/
documents	https://www.dosje.gov.in/documents/annual-report-2019-20-2/
documents	https://www.dosje.gov.in/documents/annual-report-2018-19-2/
documents	https://www.dosje.gov.in/documents/annual-report-2017-18-2/
documents	https://www.dosje.gov.in/documents/annual-report-2016-17-2/
documents	https://www.dosje.gov.in/documents/annual-report-2015-16/
documents	https://www.dosje.gov.in/documents/annual-report-2014-15/
documents	https://www.dosje.gov.in/documents/annual-report-2013-14/
documents	https://www.dosje.gov.in/documents/annual-report-2012-13/
documents	https://www.dosje.gov.in/documents/nodal-officer-cpio-and-appellate-authority/
documents	https://www.dosje.gov.in/documents/annual-report-2011-12/
documents	https://www.dosje.gov.in/documents/samajik-nyay-sandesh-7/
documents	https://www.dosje.gov.in/documents/samajik-nyay-sandesh-8/
documents	https://www.dosje.gov.in/documents/samajik-nyay-sandesh-9/
documents	https://www.dosje.gov.in/documents/samajik-nyay-sandesh-october2014/
documents	https://www.dosje.gov.in/documents/samajik-nyay-sandesh-september2014/
documents	https://www.dosje.gov.in/documents/samajik-nyay-sandesh-august2014/
documents	https://www.dosje.gov.in/documents/samajik-nyay-sandesh-april2014/
documents	https://www.dosje.gov.in/documents/samajik-nyay-sandesh-december2015/
documents	https://www.dosje.gov.in/documents/samajik-nyay-sandesh-october2015/
documents	https://www.dosje.gov.in/documents/samajik-nyay-sandesh-september2015/
documents	https://www.dosje.gov.in/documents/samajik-nyay-sandesh-august2015/
documents	https://www.dosje.gov.in/documents/samajik-nyay-sandesh-april2015/
documents	https://www.dosje.gov.in/documents/samajik-nyay-sandesh-august-2016/
documents	https://www.dosje.gov.in/documents/samajik-nyay-sandesh-june2016/
documents	https://www.dosje.gov.in/documents/samajik-nyay-sandesh-may2016/
documents	https://www.dosje.gov.in/documents/samajik-nyay-sandesh-july-2016/
documents	https://www.dosje.gov.in/documents/samajik-nyay-sandesh-april2016/
documents	https://www.dosje.gov.in/documents/samajik-nyay-sandesh-march2016/
documents	https://www.dosje.gov.in/documents/samajik-nyay-sandesh-february2016/
documents	https://www.dosje.gov.in/documents/samajik-nyay-sandesh-january2016/
documents	https://www.dosje.gov.in/documents/iec-material/
documents	https://www.dosje.gov.in/documents/social-defence-nisd-journal/
documents	https://www.dosje.gov.in/documents/life-skills-education-for-prevention-of-substance-use-among-adolescents/
documents	https://www.dosje.gov.in/documents/application-for-grant-of-casual-leave-restricted-holiday/
documents	https://www.dosje.gov.in/documents/application-for-earned-leave-or-commuted-leave/
documents	https://www.dosje.gov.in/documents/application-for-medical-leave/
documents	https://www.dosje.gov.in/documents/pay-slip-voucher-for-consultant/
documents	https://www.dosje.gov.in/documents/ltc-advance/
documents	https://www.dosje.gov.in/documents/reimbursement-under-children-education-allowance/
documents	https://www.dosje.gov.in/documents/ltc-bill/
documents	https://www.dosje.gov.in/documents/home-town-decelaration/
documents	https://www.dosje.gov.in/documents/festival-advance/
documents	https://www.dosje.gov.in/documents/medical-reimbursement/
documents	https://www.dosje.gov.in/documents/third-annual-report-1994-95-and-1995-96/
documents	https://www.dosje.gov.in/documents/second-annual-report-1993-94/
documents	https://www.dosje.gov.in/documents/first-annual-report-1992-93/
documents	https://www.dosje.gov.in/documents/fifth-annual-report-volume-1-1998-99/
documents	https://www.dosje.gov.in/documents/fourth-annual-report-1996-97-1997-98/
documents	https://www.dosje.gov.in/documents/seventh-annual-report-2001-02/
documents	https://www.dosje.gov.in/documents/fifth-annual-report-volume-2-1998-99/
documents	https://www.dosje.gov.in/documents/sixth-annual-report-1999-2000-2000-2001/
documents	https://www.dosje.gov.in/documents/second-annual-report-report-of-national-commission-for-scheduled-castes-for-the-year-2005-06-submitted-to-the-president-of-india-on-19-5-2010/
documents	https://www.dosje.gov.in/documents/third-annual-report-report-of-national-commission-for-scheduled-castes-for-the-year-2006-07-submitted-to-the-president-of-india-on-19-5-2010/
documents	https://www.dosje.gov.in/documents/first-annual-report-report-of-national-commission-for-scheduled-castes-for-the-year-2004-05-submitted-to-the-president-of-india-on-13-7-2006/
documents	https://www.dosje.gov.in/documents/fourth-annual-report-report-of-national-commission-for-scheduled-castes-for-the-period-may-2007-to-november-2009-alongwith-supplementary-for-the-period-december-2009-to-may-2010-submitte/
documents	https://www.dosje.gov.in/documents/fifth-annual-report-of-national-commission-for-scheduled-castes-for-the-years-2010-2011-and-2011-2012-submitted-to-the-president-of-india-on-19-9-2012/
documents	https://www.dosje.gov.in/documents/sixth-annual-report-in-english-of-national-commission-for-scheduled-castes-for-the-year-2012-13-submitted-to-the-president-of-india-on-9-10-2013/
documents	https://www.dosje.gov.in/documents/seventh-annual-report-in-english-of-national-commission-for-scheduled-castes-for-the-year-2013-14-submitted-to-the-president-of-india-on-13-05-2015/
documents	https://www.dosje.gov.in/documents/eighth-annual-report-in-english-of-national-commission-for-scheduled-castes-for-the-year-2014-15-submitted-to-the-president-of-india-on-15-12-2015-2/
documents	https://www.dosje.gov.in/documents/ninth-annual-report-of-national-commission-for-scheduled-castes-for-the-year-2015-16-submitted-to-the-president-of-india-on-16-08-2016/
documents	https://www.dosje.gov.in/documents/tenth-annual-report-of-national-commission-for-scheduled-castes-for-the-year-2016-17-submitted-to-the-president-of-india-on-17-10-2016/
documents	https://www.dosje.gov.in/documents/eleventh-annual-report-of-national-commission-for-scheduled-castes-for-the-year-2017-18-submitted-to-the-president-of-india-on-20-06-2019/
documents	https://www.dosje.gov.in/documents/twelfth-annual-report-of-national-commission-for-scheduled-castes-for-the-year-2018-19-submitted-to-the-president-of-india-on-21-09-2021-2/
documents	https://www.dosje.gov.in/documents/twelfth-annual-report-of-national-commission-for-scheduled-castes-for-the-year-2019-20-submitted-to-the-president-of-india-on-21-09-2021/
documents	https://www.dosje.gov.in/documents/thirteenth-annual-report-of-national-commission-for-scheduled-castes-for-the-year-2020-21-submitted-to-the-president-of-india-on-26-09-2023/
documents	https://www.dosje.gov.in/documents/thirteenth-annual-report-of-national-commission-for-scheduled-castes-for-the-year-2021-22-submitted-to-the-president-of-india-on-26-09-2023/
documents	https://www.dosje.gov.in/documents/the-maintenance-and-welfare-of-parents-and-senior-citizens-act-2007/
documents	https://www.dosje.gov.in/documents/national-policy-for-older-persons-year-1999/
documents	https://www.dosje.gov.in/documents/expressions-of-interest-eoi-from-eligible-non-governmental-organisations-ngos-and-other-eligible-entities-for-the-establishment-and-operation-of-new-regional-resource-and-training-centres-rrtcs/
documents	https://www.dosje.gov.in/documents/withdrawal-cancellation-of-expression-of-interest-eol-for-empanelment-of-training-partners-tps-under-the-pm-special-scheme-for-the-financial-year-2024-25-reg/
documents	https://www.dosje.gov.in/documents/annual-report/
documents	https://www.dosje.gov.in/documents/avyay-guidelines/
documents	https://www.dosje.gov.in/documents/annual-report-2009-10/
documents	https://www.dosje.gov.in/documents/annual-report-2010-11/
documents	https://www.dosje.gov.in/documents/annual-report-2011-12-2/
documents	https://www.dosje.gov.in/documents/annual-report-2012-13-3/
documents	https://www.dosje.gov.in/documents/annual-report-2014-15-4/
documents	https://www.dosje.gov.in/documents/annual-report-2013-14-2/
documents	https://www.dosje.gov.in/documents/annual-report-2017-18-5/
documents	https://www.dosje.gov.in/documents/annual-report-2015-16-3/
documents	https://www.dosje.gov.in/documents/annual-report-2016-17-4/
documents	https://www.dosje.gov.in/documents/annual-report-2018-19-4/
documents	https://www.dosje.gov.in/documents/detailed-merged-list-of-beneficiaries-under-the-dr-ambedkar-scheme-for-social-integration-through-inter-caste-marriages/
documents	https://www.dosje.gov.in/documents/annual-report-2019-20-4/
documents	https://www.dosje.gov.in/documents/annual-report-2020-21-5/
documents	https://www.dosje.gov.in/documents/inviting-proposals-from-registered-cbos-ngos-and-private-organisation-working-the-field-of-drug-abuse-prevention-for-collaboration-empanelment-for-2-years-through-online-application/
documents	https://www.dosje.gov.in/documents/annual-report-2022-23-4/
documents	https://www.dosje.gov.in/documents/annual-report-2021-22-4/
documents	https://www.dosje.gov.in/documents/comprehensive-annual-maintenance-contract-for-nisd-building-reg/
documents	https://www.dosje.gov.in/documents/empanelment-of-institutes-colleges-universities-cbos-ngos-working-in-the-field-of-transgender-welfare-and-beggary-prevention-across-the-country/
documents	https://www.dosje.gov.in/documents/appointment-of-statutory-auditor-for-the-financial-year-2023-24-2024-25/
documents	https://www.dosje.gov.in/documents/seniorcare-ageing-growth-engine-sage-inviting-expression-of-interest-eoi-for-innovative-products-services-for-senior-citizens/
documents	https://www.dosje.gov.in/documents/list-of-shortlisted-candidates-for-the-batch-2022-23-three-month-course-on-drug-abuse-prevention-and-counselling/
documents	https://www.dosje.gov.in/documents/inviting-quotation-from-eligible-and-interested-bidders-for-disposal-of-surplus-obsolete-and-unserviceable-store-items-lying-at-nisd-old-building/
documents	https://www.dosje.gov.in/documents/short-notice-tender-bid-for-design-the-e-book-nasha-mukt-bharat-abhiyaan-nmba/
documents	https://www.dosje.gov.in/documents/invite-sealed-applications-for-the-running-of-office-canteen-in-nisd/
documents	https://www.dosje.gov.in/documents/rti-act-2005/
documents	https://www.dosje.gov.in/documents/request-for-proposals-to-conduct-training-programme-on-sr-citizen-division/
documents	https://www.dosje.gov.in/documents/request-for-proposals-to-conduct-awareness-and-capacity-building-program-on-drug-abuse-prevention/
documents	https://www.dosje.gov.in/documents/request-for-proposals-to-conduct-activities-on-tg-issues-or-persons-engaged-in-the-act-of-begging/
documents	https://www.dosje.gov.in/documents/awareness-and-training-program-calendar-of-ncdap-national-centre-of-drug-abuse-prevention-from-16th-to-30th-november-2021/
documents	https://www.dosje.gov.in/documents/awareness-and-training-program-calendar-of-ncdap-national-centre-of-drug-abuse-prevention-from-16th-to-30th-november-2021/
documents	https://www.dosje.gov.in/documents/awareness-and-training-program-calendar-of-ncdap-national-centre-of-drug-abuse-prevention-from-1st-sep-to-13th-sep-2021/
documents	https://www.dosje.gov.in/documents/request-for-proposal-for-empanelment-of-caterer-for-outdoor-catering-service-provider-at-dr-ambedkar-international-centre-daic/
documents	https://www.dosje.gov.in/documents/engagement-of-ca-firm-accounting-firm-for-feeding-of-accounting-data-in-tally-e-r-p-software-and-prearation-of-annual-accounts-of-nisd-for-the-year-2020-21/
documents	https://www.dosje.gov.in/documents/walk-in-interview-for-engagement-as-young-professional-for-the-post-of-assistant-accounts/
documents	https://www.dosje.gov.in/documents/substance-use-prevention-in-school-settings-teachers-programme-guide-download-now/
documents	https://www.dosje.gov.in/documents/applications-are-invited-for-three-months-certificate-course-on-drug-de-addiction-counseling-rehabilitation/
documents	https://www.dosje.gov.in/documents/applications-are-invited-from-eligible-candidates-for-filling-up-the-post-of-deputy-director-administration-planning-on-deputation-including-short-term-contract-basis-in-nisd/
documents	https://www.dosje.gov.in/documents/list-of-shortlisted-candidates-for-3-month-course-on-drug-de-addiction-counselling-skills-treatment-and-rehabilitation-for-batch-i-fy-2025-26/
documents	https://www.dosje.gov.in/documents/notice-to-psu-bank-for-investment-of-an-amount-of-rs-7-00-crore-in-fixed-deposit-dr-ambedkar-foundation/
documents	https://www.dosje.gov.in/documents/exam-schedule-of-shreshta-nets-2024-and-tentative-schedule-for-counselling-for-admission-of-students-under-the-scheme-of-shreshta/
documents	https://www.dosje.gov.in/documents/minutes-of-meeting-of-screening-committee-for-the-selection-of-2-suitable-candidates-for-the-post-of-multi-tasking-staff-in-this-ministry-under-under-compassionate-appointment-quota-held-on-20-03-2024/
documents	https://www.dosje.gov.in/documents/1993-94-1994-95/
documents	https://www.dosje.gov.in/documents/1996-97part97-9898-99-99-2000-part/
documents	https://www.dosje.gov.in/documents/1999-2000pt-and-2000-2001/
documents	https://www.dosje.gov.in/documents/2001-2002-2002-2003/
documents	https://www.dosje.gov.in/documents/2003-2004/
documents	https://www.dosje.gov.in/documents/2005-2006/
documents	https://www.dosje.gov.in/documents/2004-2005/
documents	https://www.dosje.gov.in/documents/2006-2007/
documents	https://www.dosje.gov.in/documents/2007-2008/
documents	https://www.dosje.gov.in/documents/2008-2009/
documents	https://www.dosje.gov.in/documents/2010-2011/
documents	https://www.dosje.gov.in/documents/2009-2010/
documents	https://www.dosje.gov.in/documents/2013-2014-2/
documents	https://www.dosje.gov.in/documents/2012-2013-2/
documents	https://www.dosje.gov.in/documents/2011-2012/
documents	https://www.dosje.gov.in/documents/2016-2017-2/
documents	https://www.dosje.gov.in/documents/2015-2016-2/
documents	https://www.dosje.gov.in/documents/2014-2015-2/
documents	https://www.dosje.gov.in/documents/2017-2018-2/
documents	https://www.dosje.gov.in/documents/tenure-report-2019-22/
documents	https://www.dosje.gov.in/documents/karen/
documents	https://www.dosje.gov.in/documents/2018-2019/
documents	https://www.dosje.gov.in/documents/post-1942-bengali-settlers-settled-in-the-islands-under-various-rehabilitation-schemes-of-the-government-of-india/
documents	https://www.dosje.gov.in/documents/apar-form-for-gr-b-c-posts/
documents	https://www.dosje.gov.in/documents/application-for-child-care-leave/
documents	https://www.dosje.gov.in/documents/form-of-reconveyance-for-hba/
documents	https://www.dosje.gov.in/documents/ltc-form/
documents	https://www.dosje.gov.in/documents/nayi-brahmin/
documents	https://www.dosje.gov.in/documents/ta-form/
documents	https://www.dosje.gov.in/documents/mortgage-bond-formgfr24/
documents	https://www.dosje.gov.in/documents/rangarez-or-khatriya/
documents	https://www.dosje.gov.in/documents/nayyala/
documents	https://www.dosje.gov.in/documents/pallireedi/
documents	https://www.dosje.gov.in/documents/moneepatta/
documents	https://www.dosje.gov.in/documents/agreement-formgfr22/
documents	https://www.dosje.gov.in/documents/yata/
documents	https://www.dosje.gov.in/documents/medical-reimbursement-2/
documents	https://www.dosje.gov.in/documents/odde-oddilu-vaddi-vaddelu/
documents	https://www.dosje.gov.in/documents/permission-for-passport/
documents	https://www.dosje.gov.in/documents/gammalla/
documents	https://www.dosje.gov.in/documents/gandla-telikula/
documents	https://www.dosje.gov.in/documents/tuition-fee-form/
documents	https://www.dosje.gov.in/documents/gpf-withdrawal-form/
documents	https://www.dosje.gov.in/documents/saifi/
documents	https://www.dosje.gov.in/documents/gpf-advance-form/
documents	https://www.dosje.gov.in/documents/koch-rajbonshi/
documents	https://www.dosje.gov.in/documents/ltc-advance-form/
documents	https://www.dosje.gov.in/documents/koch-rajbongshi-the-entry-after-restoration-of-caste-community-koch-rajbonshi-w-e-f-03-04-1997-expect-for-the-period-when-ordinance-regarding-inclusion-of-the-caste-community/
documents	https://www.dosje.gov.in/documents/festival-advance-form/
documents	https://www.dosje.gov.in/documents/joining-report/
documents	https://www.dosje.gov.in/documents/shekhra/
documents	https://www.dosje.gov.in/documents/leave-application-form/
documents	https://www.dosje.gov.in/documents/dangi/
documents	https://www.dosje.gov.in/documents/application-for-nic-e-mail/
documents	https://www.dosje.gov.in/documents/gangai-ganesh/
documents	https://www.dosje.gov.in/documents/kulahiya/
documents	https://www.dosje.gov.in/documents/shershahbadi/
documents	https://www.dosje.gov.in/documents/sukiyar/
documents	https://www.dosje.gov.in/documents/deputy-inspector-general-dig/
documents	https://www.dosje.gov.in/documents/director-deputy-director-assitt-director/
documents	https://www.dosje.gov.in/documents/buranwal-kamlapuri-vaishya-poddar/
documents	https://www.dosje.gov.in/documents/assistant-director-programming/
documents	https://www.dosje.gov.in/documents/assistant-library-information-officer-alio/
documents	https://www.dosje.gov.in/documents/newar-christians/
documents	https://www.dosje.gov.in/documents/research-officer-investigator-sr-investigator/
documents	https://www.dosje.gov.in/documents/bhar-rajbhar-ramgarhia/
documents	https://www.dosje.gov.in/documents/gujjar-saini/
documents	https://www.dosje.gov.in/documents/accountant/
documents	https://www.dosje.gov.in/documents/sunar-swanakar/
documents	https://www.dosje.gov.in/documents/office-superintendent-upper-division-clerk-lower-division-clerk/
documents	https://www.dosje.gov.in/documents/multi-tasking-staff/
documents	https://www.dosje.gov.in/documents/personal-assistant-and-stenographer/
documents	https://www.dosje.gov.in/documents/yadav-ahir/
documents	https://www.dosje.gov.in/documents/tarboli/
documents	https://www.dosje.gov.in/documents/compliance-of-dopt-darpg-guidelines-regarding-timely-redressal-grievances-on-cpgrams/
documents	https://www.dosje.gov.in/documents/berrer/
documents	https://www.dosje.gov.in/documents/order-for-assigning-the-charge-of-state-office-lucknow-and-patna-and-the-charge-of-ddo-of-state-office-lucknow/
documents	https://www.dosje.gov.in/documents/chahang/
documents	https://www.dosje.gov.in/documents/adoption-and-onboarding-of-collabfiles-by-ncsc-for-enhanced-office-management/
documents	https://www.dosje.gov.in/documents/shri-love-kush-kumar-has-taken-over-the-charge-of-honble-member-ncsc-w-e-f-11-03-2024/
documents	https://www.dosje.gov.in/documents/chamgar/
documents	https://www.dosje.gov.in/documents/shri-love-kush-kumar-has-taken-over-the-charge-of-honble-member-ncsc-w-e-f-11-03-2024-2/
documents	https://www.dosje.gov.in/documents/bhandari/
documents	https://www.dosje.gov.in/documents/shri-kishor-makwana-has-taken-over-the-charge-of-honble-chairman-ncsc-w-e-f-11-03-2024/
documents	https://www.dosje.gov.in/documents/shri-kaushal-kumar-directorhqncsc-is-nominated-as-liaision-officer-for-sc-st-obc-and-person-with-disabilities-in-ncsc/
documents	https://www.dosje.gov.in/documents/assigning-charge-of-honble-chairman-ncsc-to-honble-vice-chairman-ncsc/
documents	https://www.dosje.gov.in/documents/joining-order-of-ms-upma-srivastava-iassk-1988secretary-national-commission-for-scheduled-castes/
documents	https://www.dosje.gov.in/documents/supreme-court-judgment-on-state-bank-of-patiala-vs-vinesh-kumar-bhasin-2010-4-scc-368/
documents	https://www.dosje.gov.in/documents/details-of-development-works-for-scheduled-castes-for-chief-secretary-senior-officers-review/
documents	https://www.dosje.gov.in/documents/delegation-of-administrative-and-financial-powers-to-dr-ambedkar-foundation/
documents	https://www.dosje.gov.in/documents/atrocities-related-data-for-chief-secretary-senior-officers-review/
documents	https://www.dosje.gov.in/documents/for-home-secretary-director-general-of-police-review/
documents	https://www.dosje.gov.in/documents/kalwar-jaiswal/
documents	https://www.dosje.gov.in/documents/expression-of-interest-eoi-for-rate-of-interest-for-investment-of-an-amount-of-rs-10-00-crore-in-fixed-deposit-from-public-and-private-sector-banks-2/
documents	https://www.dosje.gov.in/documents/for-review-with-chief-managing-director-chief-executive-officer-public-sector-undertakings-public-sector-banks/
documents	https://www.dosje.gov.in/documents/for-senior-superintendent-of-police-superintendent-of-police-inspector-general-of-police/
documents	https://www.dosje.gov.in/documents/kayastha/
documents	https://www.dosje.gov.in/documents/arak-arakvanshiya/
documents	https://www.dosje.gov.in/documents/for-chief-secretary-senior-officers-review/
documents	https://www.dosje.gov.in/documents/vishwakarma-maithil-brahman/
documents	https://www.dosje.gov.in/documents/for-chief-secretary-senior-officers-review-2/
documents	https://www.dosje.gov.in/documents/for-home-secretary-director-general-of-police-review-2/
documents	https://www.dosje.gov.in/documents/rai-sikh/
documents	https://www.dosje.gov.in/documents/list-of-beneficiaries-under-the-dr-ambedkar-scheme-for-social-integration-through-inter-caste-marriages/
documents	https://www.dosje.gov.in/documents/salmani-as-synonyms-of-nai/
documents	https://www.dosje.gov.in/documents/revised-scsp-tsp-guidelines-for-states-2014/
documents	https://www.dosje.gov.in/documents/babar-hindu-pakhali/
documents	https://www.dosje.gov.in/documents/mali-teli-modhghachi-as-synonym-of-modh-ghaghi/
documents	https://www.dosje.gov.in/documents/kumbhar-prajapati-varia/
documents	https://www.dosje.gov.in/documents/lakhara-lakhwara-laxkar-sindhi-ansari-as-synonym-of-julaha/
documents	https://www.dosje.gov.in/documents/gadaria-as-synonym-of-bharwad/
documents	https://www.dosje.gov.in/documents/notice-to-all-psu-banks-and-schedule-commercial-private-sector-banks-for-providing-quotation-of-interest-rate-for-the-creation-of-institutional-fd/
documents	https://www.dosje.gov.in/documents/vanza-darji-darji-sai-sathar-mistri-suthar-sutar-induian-suttar-rejection-luhar-lohar-parchal-iduia/
documents	https://www.dosje.gov.in/documents/mahia-maiya/
documents	https://www.dosje.gov.in/documents/minutes-of-3rd-meeting-held-on-30-05-2025/
documents	https://www.dosje.gov.in/documents/news-updates-20th-026th-march-2023-mosj-e/
documents	https://www.dosje.gov.in/documents/notice-to-banks-for-an-investment-of-35-crores-in-fixed-deposit/
documents	https://www.dosje.gov.in/documents/bhattu-chattu-badi-baddon-rahbari-raigar-ramgarhianat/
documents	https://www.dosje.gov.in/documents/minutes-of-2nd-meeting-held-on-30-01-2025/
documents	https://www.dosje.gov.in/documents/news-updates-20th-026th-march-2023-mosj-e-2/
documents	https://www.dosje.gov.in/documents/ahir-yadav-meo-gujjar/
documents	https://www.dosje.gov.in/documents/minutes-of-1st-meeting-held-on-01-10-2024/
documents	https://www.dosje.gov.in/documents/lodh-lodhasaini/
documents	https://www.dosje.gov.in/documents/notice-to-psu-bank-for-investment-of-an-amount-of-5-6-crores-in-fixed-deposit/
documents	https://www.dosje.gov.in/documents/minutes-of-11th-meeting-held-on-02-02-2024/
documents	https://www.dosje.gov.in/documents/merger-of-dr-ambedkar-scheme-for-social-integration-through-inter-caste-marriages-and-dr-ambedkar-national-relief-to-the-scheduled-castes-and-scheduled-tribes-victims-of-atrocities-schemes-of-daf/
documents	https://www.dosje.gov.in/documents/pal-jangam-jogi-zargar-soni-suthar-dhiman-tarkhan-barhai-baddi-panchal-rohilla/
documents	https://www.dosje.gov.in/documents/bhar-rajbhar/
documents	https://www.dosje.gov.in/documents/opening-of-quotation-for-appointment-of-statutory-auditor-for-daf-daic/
documents	https://www.dosje.gov.in/documents/minutes-of-10th-meeting-held-on-23-11-2023/
documents	https://www.dosje.gov.in/documents/salmanisaifi/
documents	https://www.dosje.gov.in/documents/minutes-of-9th-meeting-held-on-04-10-2023/
documents	https://www.dosje.gov.in/documents/gramini-jaiswar/
documents	https://www.dosje.gov.in/documents/jat-part-2/
documents	https://www.dosje.gov.in/documents/tarkhan-julaha-ansari-other-than-those-included-in-the-list-of-sc/
documents	https://www.dosje.gov.in/documents/minutes-of-7th-meeting-held-on-10-06-2022/
documents	https://www.dosje.gov.in/documents/minutes-of-8th-meeting-held-on-23-11-2022/
documents	https://www.dosje.gov.in/documents/nai/
documents	https://www.dosje.gov.in/documents/minutes-of-6th-meeting-held-on-13-12-2021/
documents	https://www.dosje.gov.in/documents/kumhar-prajapati-kumbar-ghumar-ghumhar/
documents	https://www.dosje.gov.in/documents/minutes-of-5th-meeting-held-on-11-10-2021/
documents	https://www.dosje.gov.in/documents/minutes-of-1st-to-4th-meeting-held-on-17-03-202101-04-202123-08-21-and-20-09-2021/
documents	https://www.dosje.gov.in/documents/pumba/
documents	https://www.dosje.gov.in/documents/badhai-ramgarhi-dhiman-excluding-lohar-vishwakarma/
documents	https://www.dosje.gov.in/documents/minutes-of-6th-meeting-held-on-03-09-2019/
documents	https://www.dosje.gov.in/documents/popo-brahman-as-synonyms-of-ard-pop/
documents	https://www.dosje.gov.in/documents/minutes-of-5th-meeting-held-on-12-03-2019/
documents	https://www.dosje.gov.in/documents/jhiwar-jhewr-jheer-castes-as-synonyms-of-dhiwar-or-jhinwar-jheewar/
documents	https://www.dosje.gov.in/documents/chapparband/
documents	https://www.dosje.gov.in/documents/pichiguntala/
documents	https://www.dosje.gov.in/documents/kaensar/
documents	https://www.dosje.gov.in/documents/mudhar/
documents	https://www.dosje.gov.in/documents/mgt-7-for-the-financial-year-2023-24/
documents	https://www.dosje.gov.in/documents/report-on-atrocities-against-kuravan-community-in-tamil-nadu-2016-submitted-to-the-president-of-india-on-16-08-2016/
documents	https://www.dosje.gov.in/documents/vokkaliga/
documents	https://www.dosje.gov.in/documents/annual-report-2012-13-2/
documents	https://www.dosje.gov.in/documents/urs/
documents	https://www.dosje.gov.in/documents/report-on-the-plight-of-safai-karamcharis-and-the-recommendations-proposals-to-improve-their-plight-submitted-to-the-president-of-india-on-17-10-2016/
documents	https://www.dosje.gov.in/documents/annual-report-2014-15-3/
documents	https://www.dosje.gov.in/documents/report-on-the-effective-utilization-of-funds-under-the-scheduled-castes-sub-plan-scsp-submitted-to-the-president-of-india-on-16-08-2016/
documents	https://www.dosje.gov.in/documents/annual-report-2015-16-4/
documents	https://www.dosje.gov.in/documents/annual-report-2016-17-5/
documents	https://www.dosje.gov.in/documents/mukaya-mogaveera/
documents	https://www.dosje.gov.in/documents/annual-report-2017-18-4/
documents	https://www.dosje.gov.in/documents/ganika/
documents	https://www.dosje.gov.in/documents/study-of-cases-in-national-commission-for-scheduled-castes-on-exploitation-of-scheduled-caste-labour-in-the-brick-kiln-sector-submitted-to-the-president-of-india-on-17-03-2016/
documents	https://www.dosje.gov.in/documents/thattan-pandithattan/
documents	https://www.dosje.gov.in/documents/report-on-the-problems-of-migrant-sc-in-obtaining-castes-certificates-submitted-to-the-president-of-india-on-13-05-2015/
documents	https://www.dosje.gov.in/documents/perunkollan/
documents	https://www.dosje.gov.in/documents/audit-report-of-dr-ambedkar-foundation-for-the-financial-year-2023-24/
documents	https://www.dosje.gov.in/documents/kavudiyaru/
documents	https://www.dosje.gov.in/documents/special-report-in-on-reservation-in-judiciary-submitted-to-the-president-of-india-on-21-2-2013/
documents	https://www.dosje.gov.in/documents/veerasaiva/
documents	https://www.dosje.gov.in/documents/annual-report-2018-19-5/
documents	https://www.dosje.gov.in/documents/special-report-on-reservation-in-promotion-submitted-to-the-president-of-india-on-21-2-2013/
documents	https://www.dosje.gov.in/documents/annual-report-2022-23-5/
documents	https://www.dosje.gov.in/documents/special-report-on-non-implementation-of-reservation-policy-in-bhu-varanasi-submitted-to-the-president-of-india-on-24-9-2013/
documents	https://www.dosje.gov.in/documents/special-report-on-all-india-institute-of-medical-science-aiims-submitted-to-his-excellency-the-president-of-india-on-19-5-2010/
documents	https://www.dosje.gov.in/documents/bvacancy-circular-for-the-post-of-director-in-dr-ambedkar-foundation-erstwhile-director-daic-by-deputation-including-short-term-contract/
documents	https://www.dosje.gov.in/documents/aheria-aheri-heri-naik-thori-or-turi/
documents	https://www.dosje.gov.in/documents/bagria-bagaria/
documents	https://www.dosje.gov.in/documents/loharhindu-muslim-sikh-christian/
documents	https://www.dosje.gov.in/documents/gujjar/
documents	https://www.dosje.gov.in/documents/nar/
documents	https://www.dosje.gov.in/documents/nalband/
documents	https://www.dosje.gov.in/documents/kamboj/
documents	https://www.dosje.gov.in/documents/madari/
documents	https://www.dosje.gov.in/documents/details-of-students-to-whom-award-prize-money-has-been-disbursed-under-the-dr-ambedkar-national-merit-award-scheme-for-class-10th-and-12th-of-2019-20-only-jharkhand-board-2021-22-and-2022/
documents	https://www.dosje.gov.in/documents/details-of-students-to-whom-award-prize-money-has-been-disbursed-under-the-dr-ambedkar-national-merit-award-scheme-for-class-10th-and-12th-of-2019-20-only-jharkhand-board-2021-22-and-2022/
documents	https://www.dosje.gov.in/documents/status-of-constitution-of-state-monitoring-committees-as-on-30-11-2025/
documents	https://www.dosje.gov.in/documents/status-of-constitution-of-district-sub-divisional-vigilance-committees-in-states-as-on-30-11-2025/
documents	https://www.dosje.gov.in/documents/total-number-of-sewer-septic-tank-death-cases-from-1993-up-to-30th-november-2025/
documents	https://www.dosje.gov.in/documents/kurmi/
documents	https://www.dosje.gov.in/documents/list-of-state-commissions-for-safai-karamcharis-designated-agencies-as-on-30-11-2025/
documents	https://www.dosje.gov.in/documents/mali-saini-marar-teli-rathore-sahukunbi/
documents	https://www.dosje.gov.in/documents/dheemar-nishad-kewat-etc/
documents	https://www.dosje.gov.in/documents/saifi-and-naguri-luhar/
documents	https://www.dosje.gov.in/documents/jat-part-2-2/
documents	https://www.dosje.gov.in/documents/rajwar-sein-savita-shrivas/
documents	https://www.dosje.gov.in/documents/kahra-panika/
documents	https://www.dosje.gov.in/documents/gehlot-mewara-halwai-modanwal/
documents	https://www.dosje.gov.in/documents/dhuri-or-dhoori/
documents	https://www.dosje.gov.in/documents/agharia-kalaigar-pemdi/
documents	https://www.dosje.gov.in/documents/salmaninalband/
documents	https://www.dosje.gov.in/documents/mirdha-excluding-jat-muslims/
documents	https://www.dosje.gov.in/documents/mansoori/
documents	https://www.dosje.gov.in/documents/julaha-ansari-momin-ansari/
documents	https://www.dosje.gov.in/documents/nat-other-than-those-included-in-the-list-of-scs/
documents	https://www.dosje.gov.in/documents/multani-lohar/
documents	https://www.dosje.gov.in/documents/usmani-as-synonym-of-teli-nayata-pindari-pindari/
documents	https://www.dosje.gov.in/documents/nagavamsam/
documents	https://www.dosje.gov.in/documents/kamlapuri-vaishya/
documents	https://www.dosje.gov.in/documents/chippa-sindhi-khatri-as-synonym-of-chippa/
documents	https://www.dosje.gov.in/documents/bhisti-abbasi-as-synonym-of-bhishti/
documents	https://www.dosje.gov.in/documents/agrahari-vaishya/
documents	https://www.dosje.gov.in/documents/rawat/
documents	https://www.dosje.gov.in/documents/yaduvanshi/
documents	https://www.dosje.gov.in/documents/abbasi-bhishti-sakka/
documents	https://www.dosje.gov.in/documents/qassab-qureshi-kasai-kasab/
documents	https://www.dosje.gov.in/documents/tanti/
documents	https://www.dosje.gov.in/documents/hammal-palledar/
documents	https://www.dosje.gov.in/documents/sodhi-sodi-sundi-sondi-sondik-behra-sondi/
documents	https://www.dosje.gov.in/documents/kaurav-kanwnra-kaunrae/
documents	https://www.dosje.gov.in/documents/salwi/
documents	https://www.dosje.gov.in/documents/kalotha-khairuwa/
documents	https://www.dosje.gov.in/documents/jat/
documents	https://www.dosje.gov.in/documents/rajak/
documents	https://www.dosje.gov.in/documents/sai-shah-kabrakhodu/
documents	https://www.dosje.gov.in/documents/dopt-oms-orders-regarding-reservation-for-obcs/
documents	https://www.dosje.gov.in/documents/revision-of-format-for-obc-caste-certificate/
documents	https://www.dosje.gov.in/documents/revision-of-income-criteria-to-exclude-socially-advanced-persons-sections-creamy-layer-from-the-purview-of-reservation-for-other-backward-classes-obcs/
documents	https://www.dosje.gov.in/documents/dopt-oms-orderhindi/
documents	https://www.dosje.gov.in/documents/migrant-rules/
documents	https://www.dosje.gov.in/documents/2019-2022-english/
documents	https://www.dosje.gov.in/documents/agnikulakshatriya-palli-vadabalija-bestha-jalari-gangavar-gangaputra-goondla-vanyakulakshatriya-vannekapuvannereddi-pallikapu-pallireddi-neyyala-pattapu/
documents	https://www.dosje.gov.in/documents/balasanthu-bahurupi/
documents	https://www.dosje.gov.in/documents/budabukkala/
documents	https://www.dosje.gov.in/documents/rajaka-chakali-vannar/
documents	https://www.dosje.gov.in/documents/dasari-formerly-engaged-in-bikshatana-i-e-beggary/
documents	https://www.dosje.gov.in/documents/dommara/
documents	https://www.dosje.gov.in/documents/jangam-whose-traditional-occupation-is-begging/
documents	https://www.dosje.gov.in/documents/jogi/
documents	https://www.dosje.gov.in/documents/katipapala/
documents	https://www.dosje.gov.in/documents/mondivaru-mondibanda-banda/
documents	https://www.dosje.gov.in/documents/nayi-brahmin-nayee-brahmin-mangali-mangala-and-bhajantri/
documents	https://www.dosje.gov.in/documents/vamsha-raj-pitchiguntla/
documents	https://www.dosje.gov.in/documents/pamula/
documents	https://www.dosje.gov.in/documents/pardhi-nirshikari/
documents	https://www.dosje.gov.in/documents/deleted/
documents	https://www.dosje.gov.in/documents/kanjara-bhatta/
documents	https://www.dosje.gov.in/documents/valmiki-boya-boya-bedar-kirataka-nishadi-yellapi-pedda-boya-talayari-chunduvallu/
documents	https://www.dosje.gov.in/documents/veeramushti-nettikotala-veerabhadreeya/
documents	https://www.dosje.gov.in/documents/mondepatta/
documents	https://www.dosje.gov.in/documents/powar-bhoyar-pawar-bhoyar-2/
documents	https://www.dosje.gov.in/documents/mali/
documents	https://www.dosje.gov.in/documents/gangiredlavaru/
documents	https://www.dosje.gov.in/documents/saifi-2/
documents	https://www.dosje.gov.in/documents/pahad-pahadi-vanmali-billawa-poojary/
documents	https://www.dosje.gov.in/documents/lonia-lunia-nunia-as-synonym-of-nonia-kachhi-as-synonym-of-kachi-kachwa-kushwaha-kachhawaha-shakya-maurya-murai-murav-korai-saini-as-synonym-of-kachhi/
documents	https://www.dosje.gov.in/documents/rayeen-bagban-as-synonyms-of-mali-ahir-koli-pan-koli-bari-as-synonyms-of-koli-lodhi-lodha-lodh-komarpant-kumarapanth-saini-mourya-sorathia-mali-kashuva-kushwaha-as-synonym-of-mali-mitna-as/
documents	https://www.dosje.gov.in/documents/dammali-dammala-dammula-damala-peddammavandlu-devaravandlu-yellammavandlu-mutyalammavandlu/
documents	https://www.dosje.gov.in/documents/dore-gujar-dode-gujar-gujar-leva-or-reve-gujar-dale-gujar-gari-gujar-kadava-gujar-analas-londari-alais-bad-gujar-khapra-gujar/
documents	https://www.dosje.gov.in/documents/medari-or-mahendra/
documents	https://www.dosje.gov.in/documents/gudala/
documents	https://www.dosje.gov.in/documents/kepmare-or-reddika/
documents	https://www.dosje.gov.in/documents/teli-lingayat-teli-sahu-teli-rathod-as-sub-caste-synonym-of-teli-rejection-of-sub-caste-synonym-of-teli-other-than-above-three/
documents	https://www.dosje.gov.in/documents/ezhava-thiyya/
documents	https://www.dosje.gov.in/documents/ganiga-and-sapaliga/
documents	https://www.dosje.gov.in/documents/maratha-alias-kunbi/
documents	https://www.dosje.gov.in/documents/twashta-kasar-kansar-as-synonyms-of-tambat/
documents	https://www.dosje.gov.in/documents/kurmi-as-synonyms-of-kunbi/
documents	https://www.dosje.gov.in/documents/nokkar/
documents	https://www.dosje.gov.in/documents/pariki-muggula/
documents	https://www.dosje.gov.in/documents/chopemari/
documents	https://www.dosje.gov.in/documents/kaikadi/
documents	https://www.dosje.gov.in/documents/lewa-kunbi-lewa-patil-lewa-patidar/
documents	https://www.dosje.gov.in/documents/odde-oddilu-vaddi-vaddelu-vaddera-waddera/
documents	https://www.dosje.gov.in/documents/muslim-religion-bhangi-mehtar-lalbeg-halalkhor-khakrob-the-members-if-which-are-actually-in-the-safai-karmachari-profession/
documents	https://www.dosje.gov.in/documents/bhampta-or-ghantichore-or-pardeshi/
documents	https://www.dosje.gov.in/documents/kunapuli/
documents	https://www.dosje.gov.in/documents/dhangar-dhangari-dange-dongari/
documents	https://www.dosje.gov.in/documents/aryakshatriya-chittari-giniyar-chitrakara-nakhas/
documents	https://www.dosje.gov.in/documents/dhawad/
documents	https://www.dosje.gov.in/documents/goud-ediga-gouda-gamalla-kalalee-goundla-and-srisayana-segidi/
documents	https://www.dosje.gov.in/documents/jaatgaar/
documents	https://www.dosje.gov.in/documents/panchama/
documents	https://www.dosje.gov.in/documents/gandla-telikula-devathilakula/
documents	https://www.dosje.gov.in/documents/koshti-salevar-padmashali-chanewar-channewar-chenewar/
documents	https://www.dosje.gov.in/documents/jandra/
documents	https://www.dosje.gov.in/documents/tamboli-dhakad-mitkari-wani-wani-boral-boraal-borul-borad/
documents	https://www.dosje.gov.in/documents/muslim-panfarosh/
documents	https://www.dosje.gov.in/documents/sanyasi-as-synonym-of-gosavi/
documents	https://www.dosje.gov.in/documents/kalal-kalar-sav-kalar-jain-kalar/
documents	https://www.dosje.gov.in/documents/devanga/
documents	https://www.dosje.gov.in/documents/malhav/
documents	https://www.dosje.gov.in/documents/kummara-or-kulala-salivahana/
documents	https://www.dosje.gov.in/documents/karikalabhakthulu-kaikolan-or-kaikala-sengundam-or-sengunther/
documents	https://www.dosje.gov.in/documents/karnabhakthulu/
documents	https://www.dosje.gov.in/documents/rules-of-procedure-in-ncbc/
documents	https://www.dosje.gov.in/documents/kuruba-or-kuruma/
documents	https://www.dosje.gov.in/documents/neelakanthi/
documents	https://www.dosje.gov.in/documents/modalities-for-caste-communities-inclusion-and-exclusion/
documents	https://www.dosje.gov.in/documents/12-11-2021/
documents	https://www.dosje.gov.in/documents/patkar-khatri/
documents	https://www.dosje.gov.in/documents/perika-perika-balija-puragiri-kshatriya/
documents	https://www.dosje.gov.in/documents/20-08-2019/
documents	https://www.dosje.gov.in/documents/2020-2/
documents	https://www.dosje.gov.in/documents/jat-case-judgment/
documents	https://www.dosje.gov.in/documents/supplementary-report-on-the-review-criterion-for-determining-the-creamy-layer/
documents	https://www.dosje.gov.in/documents/part-1/
documents	https://www.dosje.gov.in/documents/gopal-gopala-sholakhandia-magadha-gouda-kansari-kachara-kachera-rangani-sundi-sundhi-kubera-kubara-sahu-sahoo/
documents	https://www.dosje.gov.in/documents/padmasali-sali-salivan-pattusali-senapathulu-thogata-sali/
documents	https://www.dosje.gov.in/documents/laxminarayan-gola-and-goudia-gola-kurmi-kurma-kuduma-kurma-chasa-kudimi-kurmi-khetriya-and-kudumi-kshyatria/
documents	https://www.dosje.gov.in/documents/viswabrahmin-or-viswakarma-ausula-kamsali-kammari-kanchari-vadla-or-vadra-or-vadrangi-and-silpi/
documents	https://www.dosje.gov.in/documents/arekatika-katika/
documents	https://www.dosje.gov.in/documents/chippolu-mera/
documents	https://www.dosje.gov.in/documents/saraka-saraka-tanti/
documents	https://www.dosje.gov.in/documents/dera-dewanga-kosta-salia-buna-bunkara-as-synonyms-of-hansi-thori-thodia-thudia-thuria/
documents	https://www.dosje.gov.in/documents/jingar/
documents	https://www.dosje.gov.in/documents/khadura-kharuda/
documents	https://www.dosje.gov.in/documents/mahla-mahlar-malla/
documents	https://www.dosje.gov.in/documents/banka/
documents	https://www.dosje.gov.in/documents/hatkar/
documents	https://www.dosje.gov.in/documents/rout-jena-sahu-patayat-sawain-parida-pradhan-padhan/
documents	https://www.dosje.gov.in/documents/kachi/
documents	https://www.dosje.gov.in/documents/surya-balija-kalavanthula-ganika/
documents	https://www.dosje.gov.in/documents/ashtalohi-ashtalohi-karmakarkamilasunari-sunareeviswa-brahman-sunariswarnakar-swarnsilpibaniavaishyavaishya-bania-baishya-banikasunari-bania-sunaree-bania-sunari-baniksubarna-bania-suba/
documents	https://www.dosje.gov.in/documents/krishnabalija-dasari-bukka/
documents	https://www.dosje.gov.in/documents/matibansa-tanti-asina-tanti-aswina-tanti-ashani-tanti-aswinna-tanti-as-synonym-of-hansi-tanti/
documents	https://www.dosje.gov.in/documents/liyari-mativansa-ojha-ojha-khitibansa-kitibansa-naik-khitibansa-abadhan-ojha-karan-khitibansa-nayak-mativansa-and-mativansa-abadhan/
documents	https://www.dosje.gov.in/documents/koppula-velamakalanga/
documents	https://www.dosje.gov.in/documents/oda-pradhan-and-odra-pradhan/
documents	https://www.dosje.gov.in/documents/kalwar-jaiswal-byahut-kalwarbyahut-bania-as-synonym-of-kalwar/
documents	https://www.dosje.gov.in/documents/mathura/
documents	https://www.dosje.gov.in/documents/hatua/
documents	https://www.dosje.gov.in/documents/tambuli-tamalitamuli-baisya/
documents	https://www.dosje.gov.in/documents/part-2/
documents	https://www.dosje.gov.in/documents/shudra/
documents	https://www.dosje.gov.in/documents/kalandi-baishnaba/
documents	https://www.dosje.gov.in/documents/mali-where-they-are-not-scheduled-tribe/
documents	https://www.dosje.gov.in/documents/gopal-baishnab/
documents	https://www.dosje.gov.in/documents/munnurukapu/
documents	https://www.dosje.gov.in/documents/dalpati-dalua/
documents	https://www.dosje.gov.in/documents/poosala/
documents	https://www.dosje.gov.in/documents/rangani-tanti-rangani-tantee-ranganee-tantee-ragini-tanti-ranguni-tanti/
documents	https://www.dosje.gov.in/documents/ezhava/
documents	https://www.dosje.gov.in/documents/passi/
documents	https://www.dosje.gov.in/documents/sadhuchetty/
documents	https://www.dosje.gov.in/documents/asini-patara-aswini-ashwini/
documents	https://www.dosje.gov.in/documents/tamuli/
documents	https://www.dosje.gov.in/documents/chitrasilpi/
documents	https://www.dosje.gov.in/documents/rangarez-or-bhavasara-kshatriya/
documents	https://www.dosje.gov.in/documents/ellama/
documents	https://www.dosje.gov.in/documents/satani-chattadasrivaishnava/
documents	https://www.dosje.gov.in/documents/tamil-bangiya-tambuli-tambili-bangiya-tamboli-bangiya-tamili-tambula/
documents	https://www.dosje.gov.in/documents/tammali-non-brahmins-shudra-caste-whose-traditional-occupation-is-playing-musical-instruments-vending-of-flowers-and-giving-assistance-in-temple-service-but-not-shivarchakars/
documents	https://www.dosje.gov.in/documents/odra-khandayat-kalanji/
documents	https://www.dosje.gov.in/documents/vanjara-vanjari/
documents	https://www.dosje.gov.in/documents/tailik-vaishya/
documents	https://www.dosje.gov.in/documents/saunties-as-synonym-of-nagavasam-khandal-khandual-as-synonym-of-khandals-teloga/
documents	https://www.dosje.gov.in/documents/hansi-tanti-sukuli-vina-tulabhina-rangani-dera-dewanga-dewangulu-kosta-kusta-kustha-kostha-salia-patsalia-buna-bunkar-bunkara-bangali-tanti-bangiya-tanti-mativansa-tanti-asina-ta/
documents	https://www.dosje.gov.in/documents/pala-ekari-area-confined-to-hyderabad-and-rangareddy-districts-only/
documents	https://www.dosje.gov.in/documents/teli-telli-kubara-kubera-talakar-sahu-sahoo-bahaldia-baladia/
documents	https://www.dosje.gov.in/documents/ayyaraka-area-confined-to-khammam-and-warrangal-districts-only/
documents	https://www.dosje.gov.in/documents/nagaralu/
documents	https://www.dosje.gov.in/documents/patra/
documents	https://www.dosje.gov.in/documents/sikligar-saikalgar/
documents	https://www.dosje.gov.in/documents/budubunjala-bhunjwa-bhadbhunja-area-confined-to-hyderabad-and-rangareddy-districts-only/
documents	https://www.dosje.gov.in/documents/the-constitution-one-hundred-and-fifth-amendment-act-2021/
documents	https://www.dosje.gov.in/documents/ncbc-act-1993/
documents	https://www.dosje.gov.in/documents/lakkamarikapu/
documents	https://www.dosje.gov.in/documents/work-allocation/
documents	https://www.dosje.gov.in/documents/the-constitution-102nd-amendment-act2018/
documents	https://www.dosje.gov.in/documents/muslim-castes-communities/
documents	https://www.dosje.gov.in/documents/minutes-of-the-full-commission-meeting-27-03-2019/
documents	https://www.dosje.gov.in/documents/qureshi-muslim-butchers/
documents	https://www.dosje.gov.in/documents/dudekula-laddaf-pinjari-or-noorbash/
documents	https://www.dosje.gov.in/documents/mehtar-muslim/
documents	https://www.dosje.gov.in/documents/rajannala-rajannalu/
documents	https://www.dosje.gov.in/documents/faqir-fakeer/
documents	https://www.dosje.gov.in/documents/baishya-kapali/
documents	https://www.dosje.gov.in/documents/minutes-of-the-full-commission-meeting-22-09-2020/
documents	https://www.dosje.gov.in/documents/minutes-of-the-full-commission-meeting-07-01-2021/
documents	https://www.dosje.gov.in/documents/barujibi/
documents	https://www.dosje.gov.in/documents/goala-gopepallav-gope-ballav-gope-yadav-gope-gope-ahir-and-yadav/
documents	https://www.dosje.gov.in/documents/minutes-of-the-full-commission-meeting-21-05-2020/
documents	https://www.dosje.gov.in/documents/minutes-of-the-full-commission-meeting-15-02-2022/
documents	https://www.dosje.gov.in/documents/karmakar/
documents	https://www.dosje.gov.in/documents/minutes-of-the-full-commission-meeting-01-12-2021/
documents	https://www.dosje.gov.in/documents/karmakar/
documents	https://www.dosje.gov.in/documents/kumbhakar/
documents	https://www.dosje.gov.in/documents/kurmi-2/
documents	https://www.dosje.gov.in/documents/napit/
documents	https://www.dosje.gov.in/documents/satchasi/
documents	https://www.dosje.gov.in/documents/swarnakar/
documents	https://www.dosje.gov.in/documents/yoginath/
documents	https://www.dosje.gov.in/documents/karani/
documents	https://www.dosje.gov.in/documents/raju/
documents	https://www.dosje.gov.in/documents/sarak/
documents	https://www.dosje.gov.in/documents/kosta-kostha/
documents	https://www.dosje.gov.in/documents/ansaragaram-vellan-chettiar-dombs-donga-dasari-kaladi-kaliar-kula-thondama-kalveli-gounder-kamber-kannadiya-naidu-karpora-chettiar-katesar-patlamkatti-malayar-ovachar-paiyur/
documents	https://www.dosje.gov.in/documents/sozhia-chetty-kannadiyar-kannada-saineegar-kongu-vellalar-karuneegar/
documents	https://www.dosje.gov.in/documents/sadhu-chetty-telugu-chetty-telugupatty-chetty-24-munai-telugu-chetty/
documents	https://www.dosje.gov.in/documents/navithar-maruthuvar/
documents	https://www.dosje.gov.in/documents/vallambar-chowdry-servai-thattar-porkollar-karumarm-kollar-thatchar-kalthatcher-karuvan-as-synonyms-of-kammalan/
documents	https://www.dosje.gov.in/documents/lingayat/
documents	https://www.dosje.gov.in/documents/malakar/
documents	https://www.dosje.gov.in/documents/moopan-panickar-illathu-pillaimar-illavar-eluver-illathargounder/
documents	https://www.dosje.gov.in/documents/christian-nadar/
documents	https://www.dosje.gov.in/documents/gollalu-pariyari-ezhuthachan-ezhuthachans/
documents	https://www.dosje.gov.in/documents/jolahansari-momin/
documents	https://www.dosje.gov.in/documents/ottar-vannan-vannar-ekali-mannan-rajaka-chakkali-jangamar-nattar-salian-saliar-pattu-saliar-saliars-udayar-parkavakula-moopanar-vadugan/
documents	https://www.dosje.gov.in/documents/kansari/
documents	https://www.dosje.gov.in/documents/tanti-tantubaya/
documents	https://www.dosje.gov.in/documents/dhanuk/
documents	https://www.dosje.gov.in/documents/khatri-mannudayar-pathar-poonul-kuyavar-vellar-mannudayar-pathar-poonul-kuyavar-vellar-latin-catholics-mahratta-non-brahmin-including-khatik-parkavakula-pillai-parkavakula-udaiyar-pattu-ch/
documents	https://www.dosje.gov.in/documents/shankhakar/
documents	https://www.dosje.gov.in/documents/chakkala-chatadi-chattada-or-srivaishnava-irulas-isai-vallalar-kammalana-kamsalas-kuyauar-kulala-kumbaran-labbai-mangala-nayee-brahman-muttiriyan-muthiriyar-naniar-narikora/
documents	https://www.dosje.gov.in/documents/jogi-2/
documents	https://www.dosje.gov.in/documents/fakir-sain/
documents	https://www.dosje.gov.in/documents/gurukkal-alias-archakar-bhattacharyas-purohits-brahmin-iyer-franco-indian-creolenathamar-udayarmalayamar-udayarsurdhimar-udayarkamma-naidubalija-naidukaikolan-mudaliarkonaimuthous-adidrav/
documents	https://www.dosje.gov.in/documents/nembang/
documents	https://www.dosje.gov.in/documents/sampang/
documents	https://www.dosje.gov.in/documents/bungchheng/
documents	https://www.dosje.gov.in/documents/kahar/
documents	https://www.dosje.gov.in/documents/betkar-bentkar/
documents	https://www.dosje.gov.in/documents/bhar-rajbharsaifi/
documents	https://www.dosje.gov.in/documents/sukli-excluding-solanki-rajputs-who-claim-themselves-to-be-sukli/
documents	https://www.dosje.gov.in/documents/churihar/
documents	https://www.dosje.gov.in/documents/sain/
documents	https://www.dosje.gov.in/documents/kumhar-ghumiar-prajapati-prajapatra/
documents	https://www.dosje.gov.in/documents/thami/
documents	https://www.dosje.gov.in/documents/renaikullen-brahmntambolibuzroosdhimanchhippichimpakangohrathathoratampora/
documents	https://www.dosje.gov.in/documents/dhunia/
documents	https://www.dosje.gov.in/documents/ranwalta-jaunpari-community/
documents	https://www.dosje.gov.in/documents/dhiman/
documents	https://www.dosje.gov.in/documents/dhimal/
documents	https://www.dosje.gov.in/documents/modak/
documents	https://www.dosje.gov.in/documents/lakhera-laahera/
documents	https://www.dosje.gov.in/documents/shil-painak/
documents	https://www.dosje.gov.in/documents/rai-oriya-raily-telenga/
documents	https://www.dosje.gov.in/documents/saha/
documents	https://www.dosje.gov.in/documents/adhikari-the-brahmas-of-namsudra-community/
documents	https://www.dosje.gov.in/documents/muslims/
documents	https://www.dosje.gov.in/documents/teli-all-sections-other-than-oriya-telis/
documents	https://www.dosje.gov.in/documents/kasai-quraishi/
documents	https://www.dosje.gov.in/documents/kalwar/
documents	https://www.dosje.gov.in/documents/hawari-dhobi-other-than-those-included-in-the-list-of-scs/
documents	https://www.dosje.gov.in/documents/tamboli-tamali/
documents	https://www.dosje.gov.in/documents/deleted-2/
documents	https://www.dosje.gov.in/documents/chamling/
documents	https://www.dosje.gov.in/documents/khen-non-bania-category/
documents	https://www.dosje.gov.in/documents/scheduled-castes-converts-to-christianity-and-their-progeny/
documents	https://www.dosje.gov.in/documents/rayeen-kunjra/
documents	https://www.dosje.gov.in/documents/hele-halia-chasi-kaibartta-das-kaibartta/
documents	https://www.dosje.gov.in/documents/nashya-sekh/
documents	https://www.dosje.gov.in/documents/shershabadia/
documents	https://www.dosje.gov.in/documents/rai-including-chamling/
documents	https://www.dosje.gov.in/documents/bharbhuja/
documents	https://www.dosje.gov.in/documents/dewan/
documents	https://www.dosje.gov.in/documents/banshi-barman/
documents	https://www.dosje.gov.in/documents/devanga-2/
documents	https://www.dosje.gov.in/documents/hajjammuslim/
documents	https://www.dosje.gov.in/documents/chowdulimuslim/
documents	https://www.dosje.gov.in/documents/mahaldarmuslim/
documents	https://www.dosje.gov.in/documents/dhukremuslim/
documents	https://www.dosje.gov.in/documents/abdalmuslim/
documents	https://www.dosje.gov.in/documents/kanmuslim/
documents	https://www.dosje.gov.in/documents/gayenmuslim/
documents	https://www.dosje.gov.in/documents/beldar-muslim/
documents	https://www.dosje.gov.in/documents/muslim-sardar/
documents	https://www.dosje.gov.in/documents/muslim-kalandar/
documents	https://www.dosje.gov.in/documents/muslim-jamadar/
documents	https://www.dosje.gov.in/documents/muslim-dafadar/
documents	https://www.dosje.gov.in/documents/majhi-patni-muslim/
documents	https://www.dosje.gov.in/documents/muslim-nehariya/
documents	https://www.dosje.gov.in/documents/muslim-sanpui-sapui/
documents	https://www.dosje.gov.in/documents/muslim-mali/
documents	https://www.dosje.gov.in/documents/muslim-darji-ostagar-idrishi/
documents	https://www.dosje.gov.in/documents/muslim-bhatiyara/
documents	https://www.dosje.gov.in/documents/dhalimuslim/
documents	https://www.dosje.gov.in/documents/muslim-barujibi-barui/
documents	https://www.dosje.gov.in/documents/gangot/
documents	https://www.dosje.gov.in/documents/rai-sikh-mahatam/
documents	https://www.dosje.gov.in/documents/gorkha-excluding-brahmins-and-kshatriya/
documents	https://www.dosje.gov.in/documents/chettri-bahun/
documents	https://www.dosje.gov.in/documents/limboo-including-tsong-subba-and-yakthungba/
documents	https://www.dosje.gov.in/documents/gada/
documents	https://www.dosje.gov.in/documents/ranwalta-jaunpuri-samuday/
documents	https://www.dosje.gov.in/documents/aheria-aheriya/
documents	https://www.dosje.gov.in/documents/ahir-yadav/
documents	https://www.dosje.gov.in/documents/atishbaz-darugar/
documents	https://www.dosje.gov.in/documents/kalari-kurankalari-panickerikalvali-gondertwenty-four-mandal-teluga-chetty-thachar-viswabrahima-kaniso-dasanalanjika-tiundi-vellalar-koppala-vedama-kotayar-nandev-maharatta-simbana/
documents	https://www.dosje.gov.in/documents/banjara-mukeri-rankia-mekrani/
documents	https://www.dosje.gov.in/documents/96-velakkattalarair/
documents	https://www.dosje.gov.in/documents/156-vannar-salavai-thozhilalar-agasa-ekali-madivala-battu-turkas-devagudi-talayari-maruthuvar-navithar-mangala-pronopakari-suruthimar-including-those-suruthimar-who-call-themselves-as-moo/
documents	https://www.dosje.gov.in/documents/vellala-devehdra-kula-vellalar/
documents	https://www.dosje.gov.in/documents/andi-pandaram-bakthwr-jangam-maniagar-lingayat-pandaram-pulavar-thamiran-yogeeswarar-jangama/
documents	https://www.dosje.gov.in/documents/velar-synonym-of-kuala/
documents	https://www.dosje.gov.in/documents/servai/
documents	https://www.dosje.gov.in/documents/pooluva-gounder-synonym-of-pulluvar-or-pooluvar/
documents	https://www.dosje.gov.in/documents/bairagi/
documents	https://www.dosje.gov.in/documents/kallar-kula-thondaman/
documents	https://www.dosje.gov.in/documents/barhai-badhai-viswakarma-ramgarhia-dhiman/
documents	https://www.dosje.gov.in/documents/kammalar-or-viswakarma-viswakammala-including-thattar-porkollar-kannar-karumar-kollar-thacher-kalthacher-kamsala-and-viswabrahmin/
documents	https://www.dosje.gov.in/documents/bind/
documents	https://www.dosje.gov.in/documents/latin-catholic-christian-vannar-in-kanniyakumari-district/
documents	https://www.dosje.gov.in/documents/biyar/
documents	https://www.dosje.gov.in/documents/bhand/
documents	https://www.dosje.gov.in/documents/bhathiara/
documents	https://www.dosje.gov.in/documents/bot-does-not-include-bhotia-who-are-already-in-the-list-of-st/
documents	https://www.dosje.gov.in/documents/chikwa-kassab-quraishi-kasai-qassai-chak/
documents	https://www.dosje.gov.in/documents/dafali/
documents	https://www.dosje.gov.in/documents/darzi/
documents	https://www.dosje.gov.in/documents/dhobi-other-than-those-who-are-already-included-in-the-list-of-scs/
documents	https://www.dosje.gov.in/documents/jolah-ansari-mominkansarishankhakar/
documents	https://www.dosje.gov.in/documents/faqir/
documents	https://www.dosje.gov.in/documents/gaddi-ghosi/
documents	https://www.dosje.gov.in/documents/tanti-tantubaya-size-3-32-mb/
documents	https://www.dosje.gov.in/documents/agaram-vellan-chettiar/
documents	https://www.dosje.gov.in/documents/gosain/
documents	https://www.dosje.gov.in/documents/reddy-ganjam/
documents	https://www.dosje.gov.in/documents/karanirajukeori-koirisarakkosta-koshta/
documents	https://www.dosje.gov.in/documents/hajjam-nai-salmani-nai-sain-nai/
documents	https://www.dosje.gov.in/documents/nagar/
documents	https://www.dosje.gov.in/documents/chitrakar-2/
documents	https://www.dosje.gov.in/documents/prajapati/
documents	https://www.dosje.gov.in/documents/bhujel-2/
documents	https://www.dosje.gov.in/documents/fakir-sain-2/
documents	https://www.dosje.gov.in/documents/joginadap-dhunianembangchuriwalan/
documents	https://www.dosje.gov.in/documents/nai-2/
documents	https://www.dosje.gov.in/documents/mangar-thapa-rana/
documents	https://www.dosje.gov.in/documents/dhobi-other-than-those-who-are-included-on-sc-list-of-u-p/
documents	https://www.dosje.gov.in/documents/kahar-betkar/
documents	https://www.dosje.gov.in/documents/kachhi-kisan-kasgar-kunjora-or-rayeen-gaddi-giri-kassaib-dafali-nut-bind-bhar-bharbhuja-bhathiara-murao-or-murai-muslim-kayasth-naddaf-dhunia-marchha/
documents	https://www.dosje.gov.in/documents/maurya/
documents	https://www.dosje.gov.in/documents/thami-3/
documents	https://www.dosje.gov.in/documents/arakhvanshiya-samani-roganagar-saifi/
documents	https://www.dosje.gov.in/documents/sampang-bung-chheng-sukli-excluding-solanki-rajputs-who-claim-themselves-to-be-sukli/
documents	https://www.dosje.gov.in/documents/jat-part-3/
documents	https://www.dosje.gov.in/documents/visthapit-rajput/
documents	https://www.dosje.gov.in/documents/dhimal-bhar-lakhera-laahera/
documents	https://www.dosje.gov.in/documents/newar/
documents	https://www.dosje.gov.in/documents/yadav-nonia-nunere-kasai-qassai-julah/
documents	https://www.dosje.gov.in/documents/nayata-nagori/
documents	https://www.dosje.gov.in/documents/kasai-quraishi-2/
documents	https://www.dosje.gov.in/documents/nand-nandvanshi-sheikh-forooqi-hashmi-masoodi/
documents	https://www.dosje.gov.in/documents/kalwar-jaiswal-as-synonym-of-kalwar/
documents	https://www.dosje.gov.in/documents/teli-saha-teli-rathore-tatwa/
documents	https://www.dosje.gov.in/documents/jaiswar/
documents	https://www.dosje.gov.in/documents/hawari-dhobi-other-than-those-included-in-the-list-of-scs-salmani-and-sain/
documents	https://www.dosje.gov.in/documents/roniwar-gandhabanik-kamlapuri-vaishya/
documents	https://www.dosje.gov.in/documents/dhakad/
documents	https://www.dosje.gov.in/documents/tamboli-tamali-2/
documents	https://www.dosje.gov.in/documents/kamboj-choudhary-khagi-kharagvanshi/
documents	https://www.dosje.gov.in/documents/ror-alwi-synonym-of-faqir-sosar-shah-pindara-pindari-kankar/
documents	https://www.dosje.gov.in/documents/tili/
documents	https://www.dosje.gov.in/documents/sah-choudhary/
documents	https://www.dosje.gov.in/documents/saha-2/
documents	https://www.dosje.gov.in/documents/agrahari-vaishya-kamlapuri-vaishya-roniyar-vaishya-vaishya-samaj-gulhare-vaishya-bania-umar-bania-baranwal-kesarwani-kasaudhan/
documents	https://www.dosje.gov.in/documents/halwai/
documents	https://www.dosje.gov.in/documents/bismali-pemdi-and-tadvi/
documents	https://www.dosje.gov.in/documents/tamang/
documents	https://www.dosje.gov.in/documents/khami-khera/
documents	https://www.dosje.gov.in/documents/mukeri-ranki-mekrani/
documents	https://www.dosje.gov.in/documents/sain-as-a-synonym-of-nai/
documents	https://www.dosje.gov.in/documents/jogi-3/
documents	https://www.dosje.gov.in/documents/kachhi-kachhi-kushwaha-shakya/
documents	https://www.dosje.gov.in/documents/baghban-as-a-synonym-of-mali/
documents	https://www.dosje.gov.in/documents/chamling-2/
documents	https://www.dosje.gov.in/documents/kurmi-kurmi-sainthwar-kurmi-mall/
documents	https://www.dosje.gov.in/documents/scheduled-caste-converts-to-christianity-and-their-progeny/
documents	https://www.dosje.gov.in/documents/sunuwar-agrahari/
documents	https://www.dosje.gov.in/documents/jat-2/
documents	https://www.dosje.gov.in/documents/kalal-kalwar-kalar/
documents	https://www.dosje.gov.in/documents/rayeen-kunjra-2/
documents	https://www.dosje.gov.in/documents/kasgar/
documents	https://www.dosje.gov.in/documents/hele-halia-chasi-kaibarttadas-kaibartta-mahishya/
documents	https://www.dosje.gov.in/documents/devangahajjammuslimchowdulimuslimnikarimuslimmahaldarmuslimdhukremuslimbasni-bosnimuslimabdalmuslimkanmuslimtutiamuslimgayenmuslimbeldar-muslimkhotta-muslimmuslim-sar/
documents	https://www.dosje.gov.in/documents/kahar-tanwar-singhariya/
documents	https://www.dosje.gov.in/documents/rai-including-chamling-bharbhuja-dewan-patidar-banshi-barman-pahadia-muslim/
documents	https://www.dosje.gov.in/documents/kewat-or-mallah/
documents	https://www.dosje.gov.in/documents/kisan/
documents	https://www.dosje.gov.in/documents/koeri-koiri/
documents	https://www.dosje.gov.in/documents/kunjra-or-rayeen/
documents	https://www.dosje.gov.in/documents/koshta-koshti/
documents	https://www.dosje.gov.in/documents/lodh-lodha-lodhi-lodhi-rajput/
documents	https://www.dosje.gov.in/documents/lohar-luhar-saifi/
documents	https://www.dosje.gov.in/documents/lohar-luhar-saifi/
documents	https://www.dosje.gov.in/documents/madari-2/
documents	https://www.dosje.gov.in/documents/manihar-kacher-lakher-lakhera-excluding-lakhera-sub-caste-of-brahmans-in-tehri-garhwal-region-churihar/
documents	https://www.dosje.gov.in/documents/mewati-meo/
documents	https://www.dosje.gov.in/documents/mochi-excluding-those-who-are-included-in-the-list-of-scs/
documents	https://www.dosje.gov.in/documents/murao-or-murai-maurya/
documents	https://www.dosje.gov.in/documents/naddaf-dhunia-mansoori-behna-kandere-kadere-pinjara/
documents	https://www.dosje.gov.in/documents/covid-19-advisory-for-senior-citizens/
documents	https://www.dosje.gov.in/documents/advisory-for-senior-citizens-in-assamese/
documents	https://www.dosje.gov.in/documents/advisory-for-senior-citizens-in-bengali/
documents	https://www.dosje.gov.in/documents/advisory-for-senior-citizens-in-gujarati/
documents	https://www.dosje.gov.in/documents/advisory-for-senior-citizens-in-hindi/
documents	https://www.dosje.gov.in/documents/advisory-for-senior-citizens-in-kannada/
documents	https://www.dosje.gov.in/documents/advisory-for-senior-citizens-in-konkani/
documents	https://www.dosje.gov.in/documents/advisory-for-senior-citizens-in-marathi/
documents	https://www.dosje.gov.in/documents/advisory-for-senior-citizens-in-nepali/
documents	https://www.dosje.gov.in/documents/advisory-for-senior-citizens-in-odia/
documents	https://www.dosje.gov.in/documents/advisory-for-senior-citizens-in-punjabi/
documents	https://www.dosje.gov.in/documents/advisory-for-senior-citizens-in-telugu/
documents	https://www.dosje.gov.in/documents/advisory-for-senior-citizens-in-manipuri/
documents	https://www.dosje.gov.in/documents/nalband-sais/
documents	https://www.dosje.gov.in/documents/naqqal/
documents	https://www.dosje.gov.in/documents/nut-excluding-those-who-are-included-in-the-list-of-scs/
documents	https://www.dosje.gov.in/documents/raj-memar/
documents	https://www.dosje.gov.in/documents/rangrez-rangwa/
documents	https://www.dosje.gov.in/documents/saqqa-bhisti-bhisti-abbassi/
documents	https://www.dosje.gov.in/documents/sheikh-sarvari-pirai-peerahi/
documents	https://www.dosje.gov.in/documents/sonar-sunar/
documents	https://www.dosje.gov.in/documents/unai-sahu/
documents	https://www.dosje.gov.in/documents/ahir-yadav-2/
documents	https://www.dosje.gov.in/documents/arakh-arakvanshiya/
documents	https://www.dosje.gov.in/documents/kahar-tanwar-singhariya-2/
documents	https://www.dosje.gov.in/documents/kachhi-kachhi-kushwaha-shakya-2/
documents	https://www.dosje.gov.in/documents/koeri-koiri-2/
documents	https://www.dosje.gov.in/documents/kisan-2/
documents	https://www.dosje.gov.in/documents/kewat-or-mallah-2/
documents	https://www.dosje.gov.in/documents/kasgar-2/
documents	https://www.dosje.gov.in/documents/kurmi-kurmi-sainthwar-kurmi-mall-kurmi-patanwar/
documents	https://www.dosje.gov.in/documents/kumhar-prajapati/
documents	https://www.dosje.gov.in/documents/gosain-2/
documents	https://www.dosje.gov.in/documents/kunjra-or-rayeen-2/
documents	https://www.dosje.gov.in/documents/gaddi-ghosi-2/
documents	https://www.dosje.gov.in/documents/gaderia/
documents	https://www.dosje.gov.in/documents/gujar/
documents	https://www.dosje.gov.in/documents/giri/
documents	https://www.dosje.gov.in/documents/jogi-4/
documents	https://www.dosje.gov.in/documents/chhipi-chhipe/
documents	https://www.dosje.gov.in/documents/chikwa-qassab-qureshi-kasai-qassai-chak/
documents	https://www.dosje.gov.in/documents/tamoli-barai-chaurasia/
documents	https://www.dosje.gov.in/documents/dafali-2/
documents	https://www.dosje.gov.in/documents/jhoja/
documents	https://www.dosje.gov.in/documents/naqqal-2/
documents	https://www.dosje.gov.in/documents/darzi-2/
documents	https://www.dosje.gov.in/documents/teli-samani-rogangar-teli-malik-muslim-teli-sahu-teli-rathore-2/
documents	https://www.dosje.gov.in/documents/nat-excluding-those-who-are-included-in-scheduled-castes/
documents	https://www.dosje.gov.in/documents/banjara-mukeri-ranki-mekrani/
documents	https://www.dosje.gov.in/documents/faqir-2/
documents	https://www.dosje.gov.in/documents/nayak/
documents	https://www.dosje.gov.in/documents/bari/
documents	https://www.dosje.gov.in/documents/barhai-badhai-viswakarma-ramgarhia/
documents	https://www.dosje.gov.in/documents/bairagi-2/
documents	https://www.dosje.gov.in/documents/biyar-2/
documents	https://www.dosje.gov.in/documents/bind-2/
documents	https://www.dosje.gov.in/documents/bhurji-bharbhuja-bharbhunja-bhooj-kandu/
documents	https://www.dosje.gov.in/documents/bhar/
documents	https://www.dosje.gov.in/documents/mali-saini-baghban/
documents	https://www.dosje.gov.in/documents/bhathiara-2/
documents	https://www.dosje.gov.in/documents/manihar-kacher-lakher-lakhera-excluding-lakhera-sub-caste-of-brahmans-in-tehri-garhwal-region-churihar-2/
documents	https://www.dosje.gov.in/documents/murao-or-murai-maurya-2/
documents	https://www.dosje.gov.in/documents/momin-ansar-ansari-julah/
documents	https://www.dosje.gov.in/documents/mirasi/
documents	https://www.dosje.gov.in/documents/muslim-kayastha/
documents	https://www.dosje.gov.in/documents/naddaf-dhunia-dhunia-mansoori-behna-kandere-kadere-pinjara/
documents	https://www.dosje.gov.in/documents/notice-inviting-applications-for-empanelment-of-training-partnerstps-for-imparting-training-to-geriatric-care-givers-under-pm-special-extension-of-last-date-till-01-12-2025upto-0530-pm-for-submi/
documents	https://www.dosje.gov.in/documents/notice-inviting-applications-for-empanelment-of-training-partnerstps-for-imparting-training-to-geriatric-care-givers-under-pm-special-extension-of-last-date-for-submission-of-applications/
documents	https://www.dosje.gov.in/documents/corrigendum-empanelment-of-training-partners-under-pm-special-for-2025-26/
documents	https://www.dosje.gov.in/documents/empanelment-of-training-partners-under-pm-special-for-2025-26/
documents	https://www.dosje.gov.in/documents/withdrawal-cancellation-of-expression-of-interesteoi-for-empanelment-of-training-partners-under-the-pm-special-scheme-for-the-financial-year-2024-25-reg/
documents	https://www.dosje.gov.in/documents/advertisement-for-new-regional-resource-training-centres-rrtcs-under-sr-citizen-division-of-ministry-of-social-justice-and-empowerment/
documents	https://www.dosje.gov.in/documents/avyay-request-for-cctv-and-other-details/
documents	https://www.dosje.gov.in/documents/avyay-procedure-for-change-in-address-of-projects/
documents	https://www.dosje.gov.in/documents/change-in-funding-pattern-in-elderline-national-helpline-for-senior-citizens/
documents	https://www.dosje.gov.in/documents/extension-of-deadline-for-receiving-eois-from-training-institutions-for-consideration-for-empanelment-under-pm-daksh-scheme-for-fy-2024-25/
documents	https://www.dosje.gov.in/documents/notice-inviting-applications-for-new-cases-under-ayvyay-in-gap-districts/
documents	https://www.dosje.gov.in/documents/extension-of-portal-for-avyay-ongoing-cases-for-2024-25-first-installment-till-15-7-2024/
documents	https://www.dosje.gov.in/documents/blacklisting-order-of-shri-mahila-bal-kalyan-and-apang-punarvasan-vikas-mandal-corrigendum/
documents	https://www.dosje.gov.in/documents/opening-of-e-anudaan-portal-for-ongoing-cases-of-avyay/
documents	https://www.dosje.gov.in/documents/re-opening-of-e-anudaan-portal-for-2nd-installment-of-2020-21-under-avyay-ipsrc-ipop/
documents	https://www.dosje.gov.in/documents/extension-of-date-for-opening-of-e-anudaan-portal-for-avyay-ipsrc-ipop-til-15-12-2022/
documents	https://www.dosje.gov.in/documents/marchha/
documents	https://www.dosje.gov.in/documents/rangrez-rangwa-2/
documents	https://www.dosje.gov.in/documents/lodh-lodha-lodhi-lodhi-rajput-2/
documents	https://www.dosje.gov.in/documents/lohar-luhar-saifi-2/
documents	https://www.dosje.gov.in/documents/lonia-noniya-luniya-gole-thakur-nunere/
documents	https://www.dosje.gov.in/documents/sonar-sunar-2/
documents	https://www.dosje.gov.in/documents/halwai-2/
documents	https://www.dosje.gov.in/documents/hajjam-nai-salmani-nai-sain-nai-2/
documents	https://www.dosje.gov.in/documents/halalkhor-hela-lalbegi-other-than-those-who-are-included-in-the-list-of-scheduled-castes/
documents	https://www.dosje.gov.in/documents/dhobiother-than-those-who-are-already-included-in-the-list-of-scheduled-castes-for-up/
documents	https://www.dosje.gov.in/documents/mewati-meo-2/
documents	https://www.dosje.gov.in/documents/koshta-koshti-2/
documents	https://www.dosje.gov.in/documents/khumra-sangtarash-hansiri/
documents	https://www.dosje.gov.in/documents/patwa-patua-pathar-excluding-agarwala-deobansi-kharewal-or-khandelwal-who-are-sub-caste-of-baniya-and-kharwar-who-claim-to-the-rank-of-rajput-tatwa-2/
documents	https://www.dosje.gov.in/documents/atishbaz-darugar-2/
documents	https://www.dosje.gov.in/documents/madari-3/
documents	https://www.dosje.gov.in/documents/nalband-sais-2/
documents	https://www.dosje.gov.in/documents/bhand-2/
documents	https://www.dosje.gov.in/documents/balasanthu-bahurupi-2/
documents	https://www.dosje.gov.in/documents/mochi-excluding-those-who-are-included-in-the-list-of-sc-of-uttar-pradesh/
documents	https://www.dosje.gov.in/documents/rajaka-chakali-vannar-2/
documents	https://www.dosje.gov.in/documents/raj-memar-2/
documents	https://www.dosje.gov.in/documents/dommara-2/
documents	https://www.dosje.gov.in/documents/sheikh-sarvari-pirai-peerahi-2/
documents	https://www.dosje.gov.in/documents/aheria-aheriya-2/
documents	https://www.dosje.gov.in/documents/bot-does-not-include-bhotia-who-are-already-in-the-list-of-st-in-up/
documents	https://www.dosje.gov.in/documents/kalal-kalwar-kalar-2/
documents	https://www.dosje.gov.in/documents/dohar/
documents	https://www.dosje.gov.in/documents/kasera-thathera-tamrakar-kalaikar/
documents	https://www.dosje.gov.in/documents/gangiredlavaru-2/
documents	https://www.dosje.gov.in/documents/rai-sikh-mahatam-2/
documents	https://www.dosje.gov.in/documents/unai-sahu-2/
documents	https://www.dosje.gov.in/documents/gada-2/
documents	https://www.dosje.gov.in/documents/nagarchi/
documents	https://www.dosje.gov.in/documents/baishnab/
documents	https://www.dosje.gov.in/documents/barui-baruijibi/
documents	https://www.dosje.gov.in/documents/bauri/
documents	https://www.dosje.gov.in/documents/scheduled-castes-converts-to-christianity-and-their-progeny-2/
documents	https://www.dosje.gov.in/documents/arekatika-katika-2/
documents	https://www.dosje.gov.in/documents/bhar-rajbhar-2/
documents	https://www.dosje.gov.in/documents/bhumij-bumij/
documents	https://www.dosje.gov.in/documents/bin/
documents	https://www.dosje.gov.in/documents/chouhan/
documents	https://www.dosje.gov.in/documents/dosadh-dosad/
documents	https://www.dosje.gov.in/documents/bhatraju/
documents	https://www.dosje.gov.in/documents/gara/
documents	https://www.dosje.gov.in/documents/chippolu-mera-2/
documents	https://www.dosje.gov.in/documents/gareri/
documents	https://www.dosje.gov.in/documents/hatkar-2/
documents	https://www.dosje.gov.in/documents/goala-gope-yadav-aheer/
documents	https://www.dosje.gov.in/documents/jhara/
documents	https://www.dosje.gov.in/documents/kandh/
documents	https://www.dosje.gov.in/documents/jingar-2/
documents	https://www.dosje.gov.in/documents/karmakar-kamar/
documents	https://www.dosje.gov.in/documents/koshti/
documents	https://www.dosje.gov.in/documents/krishnabalija-dasari-bukka-2/
documents	https://www.dosje.gov.in/documents/kachi-2/
documents	https://www.dosje.gov.in/documents/mathura-2/
documents	https://www.dosje.gov.in/documents/koiri/
documents	https://www.dosje.gov.in/documents/kurmi-3/
documents	https://www.dosje.gov.in/documents/mudiraj-mutrasi-tenugollu/
documents	https://www.dosje.gov.in/documents/kumbhakar-kumar/
documents	https://www.dosje.gov.in/documents/rahbari/
documents	https://www.dosje.gov.in/documents/gosain-3/
documents	https://www.dosje.gov.in/documents/lohar/
documents	https://www.dosje.gov.in/documents/deleted-3/
documents	https://www.dosje.gov.in/documents/munnurukapu-3/
documents	https://www.dosje.gov.in/documents/neeli/
documents	https://www.dosje.gov.in/documents/kachhi-kachhi-shakya-kachhi-maurya-kachhi-kushwaha/
documents	https://www.dosje.gov.in/documents/rangarez-or-bhavasara-kshatriya-2/
documents	https://www.dosje.gov.in/documents/poosala-2/
documents	https://www.dosje.gov.in/documents/sanyasi/
documents	https://www.dosje.gov.in/documents/napit-shil/
documents	https://www.dosje.gov.in/documents/sadhuchetty-2/
documents	https://www.dosje.gov.in/documents/nayak-2/
documents	https://www.dosje.gov.in/documents/satani-chattadasrivaishnava-2/
documents	https://www.dosje.gov.in/documents/nuniya-nunia/
documents	https://www.dosje.gov.in/documents/jogi-5/
documents	https://www.dosje.gov.in/documents/pan/
documents	https://www.dosje.gov.in/documents/i-limboo-ii-tamang/
documents	https://www.dosje.gov.in/documents/tammali-non-brahmins-shudra-caste-whose-traditional-occupation-is-playing-musical-instruments-vending-of-flowers-and-giving-assistance-in-temple-service-but-not-shivarchakars-2/
documents	https://www.dosje.gov.in/documents/panki-painak/
documents	https://www.dosje.gov.in/documents/kuri/
documents	https://www.dosje.gov.in/documents/yadava-golla/
documents	https://www.dosje.gov.in/documents/pasi/
documents	https://www.dosje.gov.in/documents/shil-painak-2/
documents	https://www.dosje.gov.in/documents/tanti-tati/
documents	https://www.dosje.gov.in/documents/yogi-jogi-nath/
documents	https://www.dosje.gov.in/documents/pala-ekari-area-confined-to-hyderabad-and-rangareddy-districts-only-2/
documents	https://www.dosje.gov.in/documents/ayyaraka-area-confined-to-khammam-and-warrangal-districts-only-2/
documents	https://www.dosje.gov.in/documents/bishnupriya-manipuri-pangal/
documents	https://www.dosje.gov.in/documents/kasikapadi-kasikapudi-area-confined-to-hyderabad-rangareddy-nizamabad-mahaboobnagar-and-adilabad-districts-only/
documents	https://www.dosje.gov.in/documents/kuri-2/
documents	https://www.dosje.gov.in/documents/giri-2/
documents	https://www.dosje.gov.in/documents/bishnupriya-manipuri/
documents	https://www.dosje.gov.in/documents/pangal/
documents	https://www.dosje.gov.in/documents/lodh-lodhi-lodha-area-confined-to-hyderabad-rangareddy-khammam-and-adilabad-districts-only-2/
documents	https://www.dosje.gov.in/documents/bangshi/
documents	https://www.dosje.gov.in/documents/raily/
documents	https://www.dosje.gov.in/documents/rajbhar-as-a-synonym-of-bhar/
documents	https://www.dosje.gov.in/documents/banik/
documents	https://www.dosje.gov.in/documents/patra-2/
documents	https://www.dosje.gov.in/documents/gorkha/
documents	https://www.dosje.gov.in/documents/sikligar-saikalgar-2/
documents	https://www.dosje.gov.in/documents/giri-3/
documents	https://www.dosje.gov.in/documents/gada-3/
documents	https://www.dosje.gov.in/documents/budubunjala-bhunjwa-bhadbhunja-area-confined-to-hyderabad-and-rangareddy-districts-only-2/
documents	https://www.dosje.gov.in/documents/jat-3/
documents	https://www.dosje.gov.in/documents/lakkamarikapu-2/
documents	https://www.dosje.gov.in/documents/bhujel-3/
documents	https://www.dosje.gov.in/documents/dudekula-laddaf-pinjari-or-noorbash-2/
documents	https://www.dosje.gov.in/documents/dudekula-laddaf-pinjari-or-noorbash-2/
documents	https://www.dosje.gov.in/documents/gurung/
documents	https://www.dosje.gov.in/documents/faqir-fakeer-2/
documents	https://www.dosje.gov.in/documents/reddy-reddiars-ayira-vaisya-chetty-sozhia-vellalar/
documents	https://www.dosje.gov.in/documents/jangam-whose-traditional-occupation-is-begging-2/
documents	https://www.dosje.gov.in/documents/deleted-4/
documents	https://www.dosje.gov.in/documents/katipapala-2/
documents	https://www.dosje.gov.in/documents/rai/
documents	https://www.dosje.gov.in/documents/medari-or-mahendra-2/
documents	https://www.dosje.gov.in/documents/sunuwar-including-koincha-mukhia/
documents	https://www.dosje.gov.in/documents/nayi-brahmin-nayee-brahmin-mangali-mangala-and-bhajantri-2/
documents	https://www.dosje.gov.in/documents/deleted-5/
documents	https://www.dosje.gov.in/documents/pamula-2/
documents	https://www.dosje.gov.in/documents/sanyasi-2/
documents	https://www.dosje.gov.in/documents/sheik-syed-kaniyala-vellalar-kasukkara-chetty-sundaram-chetty/
documents	https://www.dosje.gov.in/documents/pardhi-nirshikari-2/
documents	https://www.dosje.gov.in/documents/thami-4/
documents	https://www.dosje.gov.in/documents/peddammavandlu-devaravandlu-yellammavandlu-mutyalammavandlu/
documents	https://www.dosje.gov.in/documents/jogi-6/
documents	https://www.dosje.gov.in/documents/meenavar-sembadavar-meenavar-chinnapattanavan-meenavar-periapattanavan/
documents	https://www.dosje.gov.in/documents/valmiki-boya-boya-bedar-kirataka-nishadi-yellapi-pedda-boya-talayari-chunduvallu-2/
documents	https://www.dosje.gov.in/documents/yerukula-correction-of-spelling/
documents	https://www.dosje.gov.in/documents/gudala-2/
documents	https://www.dosje.gov.in/documents/dekkani-muslim/
documents	https://www.dosje.gov.in/documents/kanjara-bhatta-2/
documents	https://www.dosje.gov.in/documents/kepmare-or-reddika-2/
documents	https://www.dosje.gov.in/documents/senaithalaivar-christian/
documents	https://www.dosje.gov.in/documents/nokkar-2/
documents	https://www.dosje.gov.in/documents/yata-2/
documents	https://www.dosje.gov.in/documents/kapu-telaga-balija-ontari/
documents	https://www.dosje.gov.in/documents/chopemari-2/
documents	https://www.dosje.gov.in/documents/kaikadi-2/
documents	https://www.dosje.gov.in/documents/senai-thalaivar/
documents	https://www.dosje.gov.in/documents/odde-oddilu-vaddi-vaddelu-vaddera-waddera-2/
documents	https://www.dosje.gov.in/documents/kunapuli-2/
documents	https://www.dosje.gov.in/documents/namdev-maratha/
documents	https://www.dosje.gov.in/documents/aryakshatriya-chittari-giniyar-chitrakara-nakhas-2/
documents	https://www.dosje.gov.in/documents/120-perankollar/
documents	https://www.dosje.gov.in/documents/gandla-telikula-devathilakula-2/
documents	https://www.dosje.gov.in/documents/goila-gorrela-doda-boya-kutiapple-kallar-pirampati-kallar-periasuriyar-kallar-aneppa-gounder-kausmar-see-karunagur-sri-karunageer-vnlaiyar-gandarvakottai-koravari-kala-keravar-kalinji-dani/
documents	https://www.dosje.gov.in/documents/devanga-3/
documents	https://www.dosje.gov.in/documents/kummara-or-kulala-salivahana-2/
documents	https://www.dosje.gov.in/documents/virakodi-vellala-former-panisai-vanonly/
documents	https://www.dosje.gov.in/documents/neelakanthi-2/
documents	https://www.dosje.gov.in/documents/thoriyar-badaga-thoriyar-of-nilgiris-nangudi-vellalar-pulavar/
documents	https://www.dosje.gov.in/documents/karnabhakthulu-2/
documents	https://www.dosje.gov.in/documents/reddy-ganjam-2/
documents	https://www.dosje.gov.in/documents/perika-perika-balija-puragiri-kshatriya-2/
documents	https://www.dosje.gov.in/documents/ahir-yadav-3/
documents	https://www.dosje.gov.in/documents/thogata-thogati-or-thogataveerakshatriya-2/
documents	https://www.dosje.gov.in/documents/badwa-bhat-rao-jachak-jaga/
documents	https://www.dosje.gov.in/documents/padmasali-sali-salivan-pattusali-senapathulu-thogata-sali-2/
documents	https://www.dosje.gov.in/documents/sheik-syed-ansar-kasukkara-chettiar-karpoora-chettiar-agaram-vellalar-chettiar-sundaram-chetty-urikkara-nayakkar-ukkirakula-kshatriya-naicker/
documents	https://www.dosje.gov.in/documents/viswabrahmin-or-viswakarma-ausula-kamsali-kammari-kanchari-vadla-or-vadra-or-vadrangi-and-silpi-2/
documents	https://www.dosje.gov.in/documents/reddy-reddiyar-orugunta-reddy-kaniyala-vellalar-o-p-s-vellalar-arunattu-vellalar-paiyar-kottla-vellalar-moondrunauadi-embathunalu-sozhiya-vellalar-kudi-kara-vellalar-qtrruvalainattu-vellal/
documents	https://www.dosje.gov.in/documents/arya-vaishya-ayira-vaisyar-bhattachar/
documents	https://www.dosje.gov.in/documents/badhai-jangid-khati-kharadi-suthar-tarkhan/
documents	https://www.dosje.gov.in/documents/bagaria/
documents	https://www.dosje.gov.in/documents/okkaliga-gowda/
documents	https://www.dosje.gov.in/documents/banjara-baladia-labana/
documents	https://www.dosje.gov.in/documents/kannadiya-naidu/
documents	https://www.dosje.gov.in/documents/kurumba-where-they-are-not-scheduled-tribes-kurumba-gounder/
documents	https://www.dosje.gov.in/documents/charan/
documents	https://www.dosje.gov.in/documents/bharbhuja-2/
documents	https://www.dosje.gov.in/documents/chodwry/
documents	https://www.dosje.gov.in/documents/erragollar/
documents	https://www.dosje.gov.in/documents/chhippa-chhipi-nama-bhavsar/
documents	https://www.dosje.gov.in/documents/lingayat-2/
documents	https://www.dosje.gov.in/documents/dakaut-deshantri-rangasami-adbhopa/
documents	https://www.dosje.gov.in/documents/halalkhor/
documents	https://www.dosje.gov.in/documents/daroga-daroga-rajot-ravana-rajput-hazuri-wazir/
documents	https://www.dosje.gov.in/documents/damami-nagarchi/
documents	https://www.dosje.gov.in/documents/nai-3/
documents	https://www.dosje.gov.in/documents/darzi-3/
documents	https://www.dosje.gov.in/documents/dhakad-2/
documents	https://www.dosje.gov.in/documents/maurya-2/
documents	https://www.dosje.gov.in/documents/kushwaha-shakya/
documents	https://www.dosje.gov.in/documents/dhivar-kahar-bhoi-sagarvanshi-mali-keer-mallah-mehra-nishad-bhisti/
documents	https://www.dosje.gov.in/documents/jat-part-1/
documents	https://www.dosje.gov.in/documents/mewati-meo-saqqa-bhisti-bhisti-abbasi-koshta-koshti/
documents	https://www.dosje.gov.in/documents/gadia-lohar-gadola/
documents	https://www.dosje.gov.in/documents/jat-part-2-3/
documents	https://www.dosje.gov.in/documents/gadariagadri-ghoshi-gvala-gaddi-gayri/
documents	https://www.dosje.gov.in/documents/ghanchi/
documents	https://www.dosje.gov.in/documents/teli-malik-muslim-kacher-lakher-ansari-qureshi/
documents	https://www.dosje.gov.in/documents/pinjara-behna-dhunia-dhunkar-kandere-kadere-karan/
documents	https://www.dosje.gov.in/documents/barber-carpenter-turk/
documents	https://www.dosje.gov.in/documents/giri-gosain-gushain/
documents	https://www.dosje.gov.in/documents/hela/
documents	https://www.dosje.gov.in/documents/sangtarash-khumra-hansiri/
documents	https://www.dosje.gov.in/documents/gujar-gurjar/
documents	https://www.dosje.gov.in/documents/atisbaz-darugar-madari-nalband-sais-bhand-mochi-excluding-these-who-are-in-sc-list/
documents	https://www.dosje.gov.in/documents/patwa-patua-pathar/
documents	https://www.dosje.gov.in/documents/verma-sonar-sunar-gautam-brahman/
documents	https://www.dosje.gov.in/documents/rajput-sikh-bhatra-bhaatt-brahman-muslim-bhatt-kaviraj/
documents	https://www.dosje.gov.in/documents/kunjara/
documents	https://www.dosje.gov.in/documents/charaj-mahabrahman-mukeri-synonyms-of-kasai/
documents	https://www.dosje.gov.in/documents/sheikh-sarvari-pirahi-bot/
documents	https://www.dosje.gov.in/documents/raj-memar-thabai-rajgir-silpkar-viswakarma/
documents	https://www.dosje.gov.in/documents/jaiswar-rajput/
documents	https://www.dosje.gov.in/documents/khas-rajput-muslim-jat-kalwar-kalal-kalar-jaiswal/
documents	https://www.dosje.gov.in/documents/musahar-christians-2/
documents	https://www.dosje.gov.in/documents/kasaudhan-kardhodhan-barhi-tomar-rastogi-lohani-ayodhyavasi-baig-vaishya-jain-vaishya-gaud-vaishya-bais-vaishya-kath-bania-and-or-kaithal-vaishya-bangiya-vaishya-bangali-bania/
documents	https://www.dosje.gov.in/documents/kesera-thathera-tamrakar-kaliakar/
documents	https://www.dosje.gov.in/documents/sain-as-a-synonym-of-nai-2/
documents	https://www.dosje.gov.in/documents/tili-2/
documents	https://www.dosje.gov.in/documents/kuthaliya-bora-belonging-to-almora-pithoragarh-bageswar-nainital-distts/
documents	https://www.dosje.gov.in/documents/adarakhi/
documents	https://www.dosje.gov.in/documents/julaha-hindu-muslim/
documents	https://www.dosje.gov.in/documents/janwa-sirvi/
documents	https://www.dosje.gov.in/documents/tamoli-barai-chaurasia-2/
documents	https://www.dosje.gov.in/documents/rai-sikh-mahatam-3/
documents	https://www.dosje.gov.in/documents/kalal-tak/
documents	https://www.dosje.gov.in/documents/sadgope-as-a-synonym-of-yadav/
documents	https://www.dosje.gov.in/documents/kachhi-kachhi-kushwaha-kachhi-shakya/
documents	https://www.dosje.gov.in/documents/unai-sahu-3/
documents	https://www.dosje.gov.in/documents/thakurai-muslim/
documents	https://www.dosje.gov.in/documents/kurmi-patanwar-gada/
documents	https://www.dosje.gov.in/documents/kurmi-kurmi-mahto/
documents	https://www.dosje.gov.in/documents/malakar-2/
documents	https://www.dosje.gov.in/documents/soyaransari-julahabadhai/
documents	https://www.dosje.gov.in/documents/kanbi/
documents	https://www.dosje.gov.in/documents/jat-4/
documents	https://www.dosje.gov.in/documents/kharol/
documents	https://www.dosje.gov.in/documents/kandera-pinjara-mansoori/
documents	https://www.dosje.gov.in/documents/dhanuk-2/
documents	https://www.dosje.gov.in/documents/itfarosh-itafarosh-gadheri/
documents	https://www.dosje.gov.in/documents/kirar-kirad/
documents	https://www.dosje.gov.in/documents/goala-gope/
documents	https://www.dosje.gov.in/documents/bhosali-hindu-muslim-sikh-christian/
documents	https://www.dosje.gov.in/documents/a-kumhar-prajapati-b-kumawat/
documents	https://www.dosje.gov.in/documents/ghani-ghazi-goasiara-or-ghosia/
documents	https://www.dosje.gov.in/documents/specification-of-obcs-in-respect-of-andhra-pradesh-assam-bihar-goa-gujarat-haryana-himachal-pradesh-karnataka-kerala-madhya-pradesh-maharashtra-punjab-tamil-nadu-and-utter-pradesh-no-120/
documents	https://www.dosje.gov.in/documents/turha/
documents	https://www.dosje.gov.in/documents/kanihar/
documents	https://www.dosje.gov.in/documents/specification-of-obcs-in-respect-of-andhra-pradesh-assam-bihar-goa-gujarat-haryana-himachal-pradesh-karnataka-kerala-madhya-pradesh-maharashtra-punjab-tamil-nadu-and-utter-pradesh-no-120-2/
documents	https://www.dosje.gov.in/documents/rehard/
documents	https://www.dosje.gov.in/documents/lakhera-lakhara-manihar/
documents	https://www.dosje.gov.in/documents/newar-2/
documents	https://www.dosje.gov.in/documents/lodhi-lodha-lodh/
documents	https://www.dosje.gov.in/documents/tamera/
documents	https://www.dosje.gov.in/documents/daula-soni-barderi/
documents	https://www.dosje.gov.in/documents/corrigendum-in-respect-of-andhra-pradesh-bihar-gujarat-harayana-himachal-pradesh-karnataka-kerala-madhya-pradesh-maharashtra-punjab-tamil-nadu-and-uttar-pradesh-no-12011-21-95-bcc/
documents	https://www.dosje.gov.in/documents/maha-brahman-acharai/
documents	https://www.dosje.gov.in/documents/lohar-panchal/
documents	https://www.dosje.gov.in/documents/nais/
documents	https://www.dosje.gov.in/documents/specification-of-obcs-in-respect-of-jk-manipur-sikkim-delhi-no-12011-7-95-bcc/
documents	https://www.dosje.gov.in/documents/kashyap-rajput/
documents	https://www.dosje.gov.in/documents/mali-saini-bagwan-rayee-rayeen-kunjra/
documents	https://www.dosje.gov.in/documents/kasye-rajputs/
documents	https://www.dosje.gov.in/documents/corrigendum-in-respect-of-sikkim-manipur-and-delhi-no-12011-7-1995-bcc/
documents	https://www.dosje.gov.in/documents/mirasi-dhadi/
documents	https://www.dosje.gov.in/documents/gorkha-2/
documents	https://www.dosje.gov.in/documents/mogia-mogya/
documents	https://www.dosje.gov.in/documents/first-list-of-chattisgarh/
documents	https://www.dosje.gov.in/documents/dhariya-dhosi-gadariya-gadariya-pal-baghele-panwar-hunga-lohar-garola-lohar-vishwakarma-kurmvanshi-chandrakar-chandra-nahu-kumbhi-gaval-gamel-sirvi-pinjara-hindu-kasaria-kosaria/
documents	https://www.dosje.gov.in/documents/deletion-of-koch-rajbanshi-of-assam-no-12011-2-96-bcc/
documents	https://www.dosje.gov.in/documents/pinjara-naddaf-fakir-faquir-behna-dhuniya-dhunkar-mansoori-luhar-nagauri-luhar-saifi-multani-luhar/
documents	https://www.dosje.gov.in/documents/nai-sain-baid-nai/
documents	https://www.dosje.gov.in/documents/khen-non-baniya-category/
documents	https://www.dosje.gov.in/documents/nyaria/
documents	https://www.dosje.gov.in/documents/koli-koli-patel-koli-machhi-koli-kadia-luhar-panchal-kansara-kumbhar-kapdi-khatri-vankar-khatri-rangara-baria-sorthi-soni-sonar-mali-kasbati-muslim-mansuri-muslim-darji-bhoi/
documents	https://www.dosje.gov.in/documents/addition-in-the-lists-of-andhra-pradesh-kerala-madhya-pradesh-maharashtra-orissa-tamil-nadu-tripura-up-west-bengal-no-12011-96-94-bcc/
documents	https://www.dosje.gov.in/documents/odd/
documents	https://www.dosje.gov.in/documents/khatki-butcher-kureshi-muzavar-mogal-thapania-vadhel-muslim-mir-fakir-khalifa-nai-mangela-koli-khania-salat/
documents	https://www.dosje.gov.in/documents/patwa-phadal/
documents	https://www.dosje.gov.in/documents/addition-in-the-lists-of-bihar-goa-gujarat-haryana-orissa-uttar-pradesh-and-west-bengal-no-12011-44-96-bcc/
documents	https://www.dosje.gov.in/documents/rai-including-chamling-bharbhuja-dewan-patidar-banshi-barman-pahadia-muslim-2/
documents	https://www.dosje.gov.in/documents/raika-rebaridebasi/
documents	https://www.dosje.gov.in/documents/naddaf-mansoori-as-synonyms-of-dhunia/
documents	https://www.dosje.gov.in/documents/rawat-2/
documents	https://www.dosje.gov.in/documents/corrigendum-in-respect-of-utter-pradesh-and-bihar-no-12011-68-93-bcc/
documents	https://www.dosje.gov.in/documents/ezhava-thiyya-2/
documents	https://www.dosje.gov.in/documents/corrigendum-in-respect-of-kerala-no-12011-12-96-bcc/
documents	https://www.dosje.gov.in/documents/sad-swami/
documents	https://www.dosje.gov.in/documents/satiya-sindhi/
documents	https://www.dosje.gov.in/documents/swami-vaishnav-and-vaishnav-brahmin-as-synonyms-of-bairagi/
documents	https://www.dosje.gov.in/documents/teli-malik/
documents	https://www.dosje.gov.in/documents/sikligar/
documents	https://www.dosje.gov.in/documents/sirkiwal/
documents	https://www.dosje.gov.in/documents/addition-in-the-list-of-utter-pradesh-no-12011-13-97-bcc/
documents	https://www.dosje.gov.in/documents/specification-of-obcs-in-respect-of-chandigarh-no-12011-99-94-bcc/
documents	https://www.dosje.gov.in/documents/swarnakar-sunar-soni/
documents	https://www.dosje.gov.in/documents/sain-barbers-by-caste/
documents	https://www.dosje.gov.in/documents/tamoli-tamboli/
documents	https://www.dosje.gov.in/documents/meo/
documents	https://www.dosje.gov.in/documents/teli/
documents	https://www.dosje.gov.in/documents/alvi-fakir/
documents	https://www.dosje.gov.in/documents/corrigendum-in-respect-of-maharasthra-no-12011-12-96-bcc/
documents	https://www.dosje.gov.in/documents/thathera-kansara-bharawa/
documents	https://www.dosje.gov.in/documents/maurya-shakya/
documents	https://www.dosje.gov.in/documents/mochi-other-than-those-who-are-included-in-the-list-of-scheduled-castes-for-rajasthan/
documents	https://www.dosje.gov.in/documents/sakka-bhishti-saqqa-bhishti-bhishti-abbasi/
documents	https://www.dosje.gov.in/documents/jat-6/
documents	https://www.dosje.gov.in/documents/corrigendum-in-respect-of-madhya-pradesh-no-12011-68-93-bcc/
documents	https://www.dosje.gov.in/documents/bhar-rajbhar-3/
documents	https://www.dosje.gov.in/documents/dhobi-other-than-those-who-are-included-in-the-list-of-scheduled-castes-for-rajasthan/
documents	https://www.dosje.gov.in/documents/amendment-in-the-list-of-andhra-pradesh-gujarat-chandigarh-delhi-goa-haryana-karnataka-kerala-m-p-maharashtra-orissa-punjab-rajasthan-tamil-nadu-tripura-up-west-bengal-no-12011-68-9/
documents	https://www.dosje.gov.in/documents/rangrez-nilgar/
documents	https://www.dosje.gov.in/documents/chungar/
documents	https://www.dosje.gov.in/documents/chungar/
documents	https://www.dosje.gov.in/documents/avyay-central-sector-scheme/
documents	https://www.dosje.gov.in/documents/jat-except-in-bharatpur-and-dhaulpur-districts/
documents	https://www.dosje.gov.in/documents/bari-2/
documents	https://www.dosje.gov.in/documents/empanelment-of-training-partners-under-pmspecial-2025-2/
documents	https://www.dosje.gov.in/documents/faqir-faquir-kadiris-chistis-and-naqshbandias-are-not-included/
documents	https://www.dosje.gov.in/documents/silawat-except-sompura-murtikar/
documents	https://www.dosje.gov.in/documents/kalbi/
documents	https://www.dosje.gov.in/documents/bhatiara/
documents	https://www.dosje.gov.in/documents/rai-sikh-3/
documents	https://www.dosje.gov.in/documents/mev/
documents	https://www.dosje.gov.in/documents/sindhi-musalman/
documents	https://www.dosje.gov.in/documents/compensation-for-manual-scavenging-workers-1513/
documents	https://www.dosje.gov.in/documents/deshwali/
documents	https://www.dosje.gov.in/documents/amendment-in-the-list-of-andhra-pradesh-chandigarh-bihar-goa-gujarat-karnataka-kerala-m-p-orissa-pondicherry-punjab-rajasthan-sikkim-tamil-nadu-tripura-up-west-bengal-no-12011-88-98/
documents	https://www.dosje.gov.in/documents/amendment-in-the-list-of-andhra-pradesh-bihar-delhi-gujarat-haryana-himachal-pradesh-karnataka-kerala-m-p-maharashtra-orissa-pondicherry-rajasthan-sikkim-tamil-nadu-tripura-up-west-be/
documents	https://www.dosje.gov.in/documents/amendment-inclusion-of-andhra-pradesh-goa-gujarat-haryana-karnataka-madhya-pradesh-orissa-pondicherry-rajasthan-tamil-nadu-uttar-pradesh-andwest-bengalno-12011-44-99-bcc/
documents	https://www.dosje.gov.in/documents/amendment-in-the-list-of-andhra-pradesh-gujarat-haryana-himachal-pradesh-jk-karnataka-m-p-maharashtra-orissa-pondicherry-rajasthan-tamil-nadu-tripura-up-west-bengal-no-12015-9-2000-b/
documents	https://www.dosje.gov.in/documents/amendment-in-the-list-of-andhra-pradesh-bihar-punjab-sikkim-tamil-nadu-uttar-pradesh-no-12011-1-2001-bcc/
documents	https://www.dosje.gov.in/documents/amendment-in-the-list-of-andhra-pradesh-bihar-punjab-sikkim-tamil-nadu-uttar-pradesh-no-12011-4-2002-bcc/
documents	https://www.dosje.gov.in/documents/andhra-pradesh-bihar-nct-of-delhi-goa-gujarat-karnataka-m-p-maharashtra-orissa-pondicherry-and-u-p-no-12011-9-2004-bcc/
documents	https://www.dosje.gov.in/documents/inclusion-amendment-in-the-central-lists-of-obcs-in-respect-of-daman-diu-andaman-nicobar-uttarakhand-gujarat-maharashtra-no-12011-14-2004-bcc/
documents	https://www.dosje.gov.in/documents/deletion-of-castes-in-punjab-orissano-12011-16-2007-bcc/
documents	https://www.dosje.gov.in/documents/amendment-in-the-list-of-andhra-pradesh-no-12011-1-2007-bcc/
documents	https://www.dosje.gov.in/documents/inclusion-of-adrakhi-caste-in-the-central-list-of-obcs-for-bihar-no-12018-6-2005-bcc/
documents	https://www.dosje.gov.in/documents/inclusion-amendment-in-the-list-of-chhattisgarh-jharkhand-himachal-pradesh-haryana-karnataka-and-daman-diu-and-rajasthan-no-12015-2-2007-bcc/
documents	https://www.dosje.gov.in/documents/inclusion-amendment-in-the-list-of-chhattisgarh-jharkhand-himanchal-pradesh-haryana-karnataka-rajasthan-and-daman-diu-no-12015-2-2007-bcc/
documents	https://www.dosje.gov.in/documents/aheria-aheri-heri-naik-thori-or-turi-2/
documents	https://www.dosje.gov.in/documents/barra/
documents	https://www.dosje.gov.in/documents/beta-hensi-or-hesi/
documents	https://www.dosje.gov.in/documents/changar/
documents	https://www.dosje.gov.in/documents/chirimar/
documents	https://www.dosje.gov.in/documents/daiya/
documents	https://www.dosje.gov.in/documents/kanjar-or-kanchan/
documents	https://www.dosje.gov.in/documents/inclusion-modification-andhra-pradesh-bihar-goa-gujarat-himachal-pradesh-karnataka-madhya-pradesh-maharashtra-orissa-rajasthan-tamil-nadu-uttar-pradesh-uttarakhand-west-bengal-andaman/
documents	https://www.dosje.gov.in/documents/gwaria-gauria-gwarseptember-10-1993/
documents	https://www.dosje.gov.in/documents/rehar-rahara-re/
documents	https://www.dosje.gov.in/documents/kurmi-4/
documents	https://www.dosje.gov.in/documents/kahar-jhindwar-or-jhinwar-dhinwar-or-dhiwar/
documents	https://www.dosje.gov.in/documents/ghirath-including-chang-bahti/
documents	https://www.dosje.gov.in/documents/state-wise-modification-in-the-central-list-of-obcs-no-12015-13-2010-bcc/
documents	https://www.dosje.gov.in/documents/ghasi-ghasiara-or-ghosi/
documents	https://www.dosje.gov.in/documents/state-wise-inclusion-modification-in-the-central-list-of-obcs-no-12012-05-2011-bcc/
documents	https://www.dosje.gov.in/documents/amendment-in-the-central-lists-of-obcs-in-respect-of-haryana-karnataka-no-12011-1-2015-bc-ii/
documents	https://www.dosje.gov.in/documents/amendment-in-the-list-of-kerala-no-12011-7-2014-bc-ii/
documents	https://www.dosje.gov.in/documents/amendment-in-the-list-of-madhya-pradesh-no-12011-04-2014-bc-ii/
documents	https://www.dosje.gov.in/documents/gorkha-3/
documents	https://www.dosje.gov.in/documents/labana-or-lavana/
documents	https://www.dosje.gov.in/documents/riaigar/
documents	https://www.dosje.gov.in/documents/bujhru-darkaut/
documents	https://www.dosje.gov.in/documents/inclusion-in-the-central-lists-of-obcs-in-respect-of-himachal-pradesh-no-12015-05-2011-bc-ii/
documents	https://www.dosje.gov.in/documents/sanyasi-gujrati-vyas/
documents	https://www.dosje.gov.in/documents/amendment-in-the-central-lists-of-obcs-in-respect-of-gujarat-uttarakhand-no-12011-06-2014-bc-ii/
documents	https://www.dosje.gov.in/documents/kumhar-ghumiar-prajapati-parjapatra/
documents	https://www.dosje.gov.in/documents/jat-7/
documents	https://www.dosje.gov.in/documents/nai-sain-naikuleen-brahmn/
documents	https://www.dosje.gov.in/documents/nadoda-rajput/
documents	https://www.dosje.gov.in/documents/gujjar-or-gujar-in-merged-areas-only/
documents	https://www.dosje.gov.in/documents/amendment-in-the-central-lists-of-obcs-in-respect-of-himachal-pradesh-sikkim-12011-13-2016-bc-ii/
documents	https://www.dosje.gov.in/documents/rajput-purahiakshatriya-rajput-brahmin/
documents	https://www.dosje.gov.in/documents/dhobi/
documents	https://www.dosje.gov.in/documents/kamboj-2/
documents	https://www.dosje.gov.in/documents/amendment-in-the-central-lists-of-obcs-in-respect-of-andhra-pradesh-12011-14-2016-bc-ii/
documents	https://www.dosje.gov.in/documents/kadva-patel-anjana-patel-chaudhary-desai-modh-patel-modh-patidar-baloch-muslim/
documents	https://www.dosje.gov.in/documents/amendment-in-the-central-lists-of-obcs-in-respect-of-kerala-haryana-chattisgarh-12011-15-2016-bc-ii/
documents	https://www.dosje.gov.in/documents/first-list-of-jharkhand/
documents	https://www.dosje.gov.in/documents/marada-marwada-waghari-wadwa-waghari-vaghri-gamicho-vedu-churalia-jakhudia-where-they-are-not-sts-all-as-synonyms-of-waghari/
documents	https://www.dosje.gov.in/documents/agariya-kaura-kaear-kumarbhag-pahadia/
documents	https://www.dosje.gov.in/documents/bhat-bhatt-bhat-muslim-gandharb-gandarbh-kaivartta-kaibartta-kamar-lohar-karmakar-visvakarma-kurmi-kurmi-mahto-mallah-surhiya-kewat-murawari-mangar-magar-mauriaro-ma/
documents	https://www.dosje.gov.in/documents/deleted-6/
documents	https://www.dosje.gov.in/documents/fool-mali-maratha-mali-kach-mali-jire-mali-all-as-synonyms-of-mali/
documents	https://www.dosje.gov.in/documents/bagchi/
documents	https://www.dosje.gov.in/documents/inclusion-amendment-in-the-central-lists-of-obcs-in-respect-of-the-state-of-andhra-pradesh-and-telangana-no-12011-04-2014-bc-ii/
documents	https://www.dosje.gov.in/documents/sorathia-mali-saini-mali-moria-kushwaha-rami-as-synonyms-of-mali/
documents	https://www.dosje.gov.in/documents/inclusion-amendment-in-the-central-lists-of-obcs-in-respect-of-the-states-of-bihar-jharkhand-maharashtra-madhya-pradesh-uttarakhand-jammu-and-kashmir-himachal-pradesh-and-assam-no-12011-6-2014/
documents	https://www.dosje.gov.in/documents/barwar/
documents	https://www.dosje.gov.in/documents/bhandari-2/
documents	https://www.dosje.gov.in/documents/kunai/
documents	https://www.dosje.gov.in/documents/amendment-in-the-central-list-of-obcs-in-respect-of-the-state-of-ut-of-puducherry-12011-13-2016-bc-ii/
documents	https://www.dosje.gov.in/documents/laxmi-narayan-gola/
documents	https://www.dosje.gov.in/documents/barai-tamboli/
documents	https://www.dosje.gov.in/documents/gugali-brahman/
documents	https://www.dosje.gov.in/documents/teli-sahu-teli-rathod-teli-rathore-jaiswal-teli-jaiswar-teli-gupta-teli-chaudhari-teli-tailik-modi-teli-vaishya-teli-vaniya-teli-mahajan-teli-rajput-teli-maratha-teli/
documents	https://www.dosje.gov.in/documents/amendment-in-the-central-list-of-obcs-in-respect-of-odisha-20012-1-2017-bc-ii/
documents	https://www.dosje.gov.in/documents/jagri/
documents	https://www.dosje.gov.in/documents/bagban-rayeen/
documents	https://www.dosje.gov.in/documents/amendment-in-the-central-lists-of-obcs-respect-of-the-state-of-tripura-delhi-and-karnataka-no-12011-7-2017-bc-ii/
documents	https://www.dosje.gov.in/documents/kannadiya/
documents	https://www.dosje.gov.in/documents/vilakkithalavan/
documents	https://www.dosje.gov.in/documents/dhangar-as-a-synonym-of-bharwad/
documents	https://www.dosje.gov.in/documents/kumbaran/
documents	https://www.dosje.gov.in/documents/prajapati-gujjar-prajapati-varia-prajapati-sorthia-prajapati-sorathiya-prajapati-satawara-sathwara-kadiya-satwara-kadiya-dalwadi-and-kadiya-mochi/
documents	https://www.dosje.gov.in/documents/baragi-bairagi/
documents	https://www.dosje.gov.in/documents/charan-2/
documents	https://www.dosje.gov.in/documents/thachan-kalthachan-kamsala-kannan/
documents	https://www.dosje.gov.in/documents/battera/
documents	https://www.dosje.gov.in/documents/poopandaram-maalapandaram-and-jangam-as-synonyms-of-veerasaiva-vairavi-vairagi-matapathi-gurukkal-kurukkal-yogi-gurukkal-poojari-ambalakkara-padaram-padaran-ligayat-chetty-chettiar-pappad/
documents	https://www.dosje.gov.in/documents/thachar/
documents	https://www.dosje.gov.in/documents/bharbhunja-bharbhuja/
documents	https://www.dosje.gov.in/documents/jat-sikh/
documents	https://www.dosje.gov.in/documents/vellala-including-nandinadu-vellala-and-pondi-vellala-saiva-vellala-parkavakulam-jews/
documents	https://www.dosje.gov.in/documents/jat-part-3-2/
documents	https://www.dosje.gov.in/documents/arya-vaisya/
documents	https://www.dosje.gov.in/documents/udasin/
documents	https://www.dosje.gov.in/documents/vaishava-gowder/
documents	https://www.dosje.gov.in/documents/swamy-sadh/
documents	https://www.dosje.gov.in/documents/vania-vaishya/
documents	https://www.dosje.gov.in/documents/charaj-mahabrahman/
documents	https://www.dosje.gov.in/documents/mallava-veerashaiva/
documents	https://www.dosje.gov.in/documents/nair/
documents	https://www.dosje.gov.in/documents/moopar/
documents	https://www.dosje.gov.in/documents/mahendra-medara/
documents	https://www.dosje.gov.in/documents/vishwakarma-maithi-brahman/
documents	https://www.dosje.gov.in/documents/saini-shakya/
documents	https://www.dosje.gov.in/documents/kuruba/
documents	https://www.dosje.gov.in/documents/lodhi-as-synonym-of-lodh-lodha/
documents	https://www.dosje.gov.in/documents/bhuhalia-lohar/
documents	https://www.dosje.gov.in/documents/bhat-bhatra-darpi-ramiya/
documents	https://www.dosje.gov.in/documents/jat-8/
documents	https://www.dosje.gov.in/documents/chimba-or-chimbe-chippi-or-chhippi-chimpa-darzi-tonk/
documents	https://www.dosje.gov.in/documents/chahang-2/
documents	https://www.dosje.gov.in/documents/ghoshi-raine-meo-koyari-koiri-shakya-murai-sonkar-panara-nai-barber-pinjara-hindu/
documents	https://www.dosje.gov.in/documents/kallu-kutiga-uppara-melu-sakkreyavaru-namada-uppara-sunna-uppara-sunnagara-padti-uppaliga-uppaliga-shetty-uppar-sagar/
documents	https://www.dosje.gov.in/documents/dakaut/
documents	https://www.dosje.gov.in/documents/bahach-hanjie-shikara-wallas-excluding-house-boat-owners/
documents	https://www.dosje.gov.in/documents/jat-part-1-2/
documents	https://www.dosje.gov.in/documents/kerebandiyavaru-savitha-bandari-bajanthri-bhajanthri-mahale-hadapada/
documents	https://www.dosje.gov.in/documents/lonari-chittara-chittari/
documents	https://www.dosje.gov.in/documents/bangi-sweepers-bhangi-excluding-those-in-sch-caste-khakrob/
documents	https://www.dosje.gov.in/documents/jat-part-3-3/
documents	https://www.dosje.gov.in/documents/komarpant-kumara-panth-komarpaik-kashatriya-komarpant-yakalara-yekkali-vannikula-kshatriya/
documents	https://www.dosje.gov.in/documents/barbers-rural-only/
documents	https://www.dosje.gov.in/documents/mahapatra/
documents	https://www.dosje.gov.in/documents/dhimar-mallah-kashyap-rajput/
documents	https://www.dosje.gov.in/documents/dhangar-gaadri-gadaria/
documents	https://www.dosje.gov.in/documents/fishermen-including-gada-hanz/
documents	https://www.dosje.gov.in/documents/faquir/
documents	https://www.dosje.gov.in/documents/niyargar-niargar-multani-niyaria/
documents	https://www.dosje.gov.in/documents/kamma-namdhari-nagartha-bunt-alias-nadava/
documents	https://www.dosje.gov.in/documents/dhosali-dosali/
documents	https://www.dosje.gov.in/documents/maratha-and-arya-maratha-karuneeka-kanakapillai/
documents	https://www.dosje.gov.in/documents/gawala-gowala/
documents	https://www.dosje.gov.in/documents/gaddaria/
documents	https://www.dosje.gov.in/documents/grati-rural-only/
documents	https://www.dosje.gov.in/documents/thath-as-synonym-of-teli-rathore-sahu/
documents	https://www.dosje.gov.in/documents/jhangra-brahman-khati-lohar-saifi-ramgarhia-turkhan-dhiman/
documents	https://www.dosje.gov.in/documents/vaisya-brahmin-vaishya-vani-vani/
documents	https://www.dosje.gov.in/documents/jheewar/
documents	https://www.dosje.gov.in/documents/kunchitiga/
documents	https://www.dosje.gov.in/documents/kulfaqir/
documents	https://www.dosje.gov.in/documents/jogi-nath/
documents	https://www.dosje.gov.in/documents/gaddi/
documents	https://www.dosje.gov.in/documents/kumhar-kumahar-village-potters/
documents	https://www.dosje.gov.in/documents/mukeri-makrani-as-synonym-of-banjara/
documents	https://www.dosje.gov.in/documents/madari-bazigar/
documents	https://www.dosje.gov.in/documents/bargahi-bargah-bari-mina-rawat-deshwali-dhariya-dhoshi-gadariya-gadariya-pal-baghele-panwar-hunga-lohar-garola-lohar-vishwakarma-kurumvanshi-chandrakar-chandra-nahu-kumbh/
documents	https://www.dosje.gov.in/documents/rechband/
documents	https://www.dosje.gov.in/documents/mirasi-2/
documents	https://www.dosje.gov.in/documents/otari-kaser/
documents	https://www.dosje.gov.in/documents/shaksaz/
documents	https://www.dosje.gov.in/documents/kangohra/
documents	https://www.dosje.gov.in/documents/kucha-band/
documents	https://www.dosje.gov.in/documents/thathora-tampora/
documents	https://www.dosje.gov.in/documents/lakhera-manihar/
documents	https://www.dosje.gov.in/documents/4635221884291334829-pdf/
documents	https://www.dosje.gov.in/documents/vanzara/
documents	https://www.dosje.gov.in/documents/madari-4/
documents	https://www.dosje.gov.in/documents/ansari-koli/
documents	https://www.dosje.gov.in/documents/shupri-wattal-excluding-those-in-sch-caste/
documents	https://www.dosje.gov.in/documents/sikligar-2/
documents	https://www.dosje.gov.in/documents/khatik-kasai-kasab-kasai-qureshi/
documents	https://www.dosje.gov.in/documents/agamudi-mala-hegde/
documents	https://www.dosje.gov.in/documents/meitei-meetei-including-meitei-brahmin-meitei-meetei-sanamahi-and-rajkumar/
documents	https://www.dosje.gov.in/documents/teeli-teli-rural-only/
documents	https://www.dosje.gov.in/documents/lingayat-group-findings/
documents	https://www.dosje.gov.in/documents/mochi-other-than-scheduled-castes/
documents	https://www.dosje.gov.in/documents/village-washermen/
documents	https://www.dosje.gov.in/documents/labana/
documents	https://www.dosje.gov.in/documents/kuruba-kurubaru-medhar-kuruhinashetty-hatagar-jadaru-bilimagga-simpy-sivasimpy-bilijedaru-jeda-neygi-nekar-neyge-neelgar-agasa-madivala-banagar-gowli-gauli-kawadiga-balegara-baleshettaru-jee/
documents	https://www.dosje.gov.in/documents/mirasi-3/
documents	https://www.dosje.gov.in/documents/kalal-kalar-sav-kalar-jain-kalar-kosare-kalar-lad-kalar-shivhare-kalar-zariya-kalar-suryavanshi-kalar-marthe-kalar-matthe-kalar-choukase-kalar-rai-kalar-dharwal-kalar-malviy/
documents	https://www.dosje.gov.in/documents/agri/
documents	https://www.dosje.gov.in/documents/kohli/
documents	https://www.dosje.gov.in/documents/dhobi-2/
documents	https://www.dosje.gov.in/documents/balayaya/
documents	https://www.dosje.gov.in/documents/sheer-gojries/
documents	https://www.dosje.gov.in/documents/noongar/
documents	https://www.dosje.gov.in/documents/halakshatriya/
documents	https://www.dosje.gov.in/documents/bhandari-siddi/
documents	https://www.dosje.gov.in/documents/kapadi/
documents	https://www.dosje.gov.in/documents/nalband-2/
documents	https://www.dosje.gov.in/documents/makrana-muslim/
documents	https://www.dosje.gov.in/documents/chakali/
documents	https://www.dosje.gov.in/documents/poladavaru/
documents	https://www.dosje.gov.in/documents/shorgir/
documents	https://www.dosje.gov.in/documents/nai-valand/
documents	https://www.dosje.gov.in/documents/sindhi-sonar/
documents	https://www.dosje.gov.in/documents/yellam-yelam/
documents	https://www.dosje.gov.in/documents/uppina-kolaga-vokkaliga/
documents	https://www.dosje.gov.in/documents/pinja-penja/
documents	https://www.dosje.gov.in/documents/soi/
documents	https://www.dosje.gov.in/documents/rama-kshatriya-ramaraja-kshatriya-servegara-south-kanara-serugara-north-kanara-koteyar-kotegara-kotegar-kotekar-as-synonyms-of-kotekshatriya/
documents	https://www.dosje.gov.in/documents/singhikant-singhiwala/
documents	https://www.dosje.gov.in/documents/kasera-machimmar-daldi-dhankar-sakka-bawarchi-bhatiara-muslim-attar-bhoyar-darji-dommara-lakhari-bhaldar-mahat-mahoot-mahawat-khatik-muslim-qureshi/
documents	https://www.dosje.gov.in/documents/gouda-gowda-as-a-sub-caste-of-vokkaliga/
documents	https://www.dosje.gov.in/documents/teli-2/
documents	https://www.dosje.gov.in/documents/darweshi-vaghwale-shah-muslim-religion-aashwalwale-udasi-kudmude/
documents	https://www.dosje.gov.in/documents/namadhari-gowda/
documents	https://www.dosje.gov.in/documents/dhaula-or-soni-sunar-swarnkar/
documents	https://www.dosje.gov.in/documents/kaikadi-3/
documents	https://www.dosje.gov.in/documents/gujjar-2/
documents	https://www.dosje.gov.in/documents/vokkalliga-urban-areas/
documents	https://www.dosje.gov.in/documents/beldar-kapevarbeldar-munnar-kapevarbeldar-munnar-kapubeldar-telangabeldar-telagibeldar-pentreddibeldar-bukekari-as-synonyms-of-beldar/
documents	https://www.dosje.gov.in/documents/christian-converted-from-scheduled-castes/
documents	https://www.dosje.gov.in/documents/bhar-rajbhar-4/
documents	https://www.dosje.gov.in/documents/bhadbhunja-bhurjawa-bhurji-bharadbhunga-bhuranji-bhunj/
documents	https://www.dosje.gov.in/documents/hindu-sadaru/
documents	https://www.dosje.gov.in/documents/rahbari-2/
documents	https://www.dosje.gov.in/documents/bhoi-boi-zinga-bhoi-pardeshi-bhoi-raj-bhoi-kahar-gadia-kahare-dhuria-kahar-kirat-machwa-manzi-jatia-kewat-dhiwar-dhiwar-bhoi-dheewar-dhimar-palewar-machhendra-navadi-malhar-madhav/
documents	https://www.dosje.gov.in/documents/nadar-hallikara/
documents	https://www.dosje.gov.in/documents/saini/
documents	https://www.dosje.gov.in/documents/east-indian-east-indian-christian-east-indian-cathalic/
documents	https://www.dosje.gov.in/documents/gam-vokkal-grama-vokkalu/
documents	https://www.dosje.gov.in/documents/kachhi-kachhi-shakya-kachhi-maurya-kachhi-kushwaha-2/
documents	https://www.dosje.gov.in/documents/gavandi-gujar-kadiya/
documents	https://www.dosje.gov.in/documents/jogi-brahma-kapali-joger-jogtin-kapali-raval-ravalia-sanjogi-jogar/
documents	https://www.dosje.gov.in/documents/manyaar-hindu/
documents	https://www.dosje.gov.in/documents/ladar-lad-kshatriya-lad-sugandhi-lad-ladaru-ladara-yelegar/
documents	https://www.dosje.gov.in/documents/panchama-2/
documents	https://www.dosje.gov.in/documents/shimpi-saisutar/
documents	https://www.dosje.gov.in/documents/ayyar-and-ayyyari-as-synonyms-of-bahurupi/
documents	https://www.dosje.gov.in/documents/ghisadi-lohar-gadi-lohar-ghitodi-lohar-rajput-lohar-chitodiya-lohar/
documents	https://www.dosje.gov.in/documents/golla-gouli-lingayat-gowli-gouli-kawadiga-gavali-gavli-konar-konnur-krishna-gaveli-gopal-yadav-asthanagolla-yadava-adavigolla-gopala-gopali-maniyani/
documents	https://www.dosje.gov.in/documents/khatri-kshatriya-as-synonyms-of-patkar/
documents	https://www.dosje.gov.in/documents/idiga-belchad-poojari-desha-bhandari-ediga-eliga-illiga-gamalla-halepaik-halepaikaru-billava-devar-malayali-billava-deevar-devaramakkalu-divaramakkalu-namdhari-kalal-goundia-goondl/
documents	https://www.dosje.gov.in/documents/lazad/
documents	https://www.dosje.gov.in/documents/kumbara-chakrasali-gunaga-ganagi-kula-kummara-khumara-kumbhar-kumbard-khumbhar-lingayat-kumbar-kumbara-kusavan-kulala-kulalar-moolya-sajjan-kumbara/
documents	https://www.dosje.gov.in/documents/agamudiyas-including-thuluva-vellalas/
documents	https://www.dosje.gov.in/documents/dhangar-dhanwar-ahir-telwar-hatkar-hatker-tellari-kanade-kurmar-sangar-kokni-dhangar-varahade-dhangar-sagar-segar/
documents	https://www.dosje.gov.in/documents/viswakarma-akkasale-aksali-lingayat-akkasali-achari-badigar-bailapatra-bailu-akkasali-bailu-kammara-konkani-achar-viswa-brahman-daivanga-brahman-kammar-lingayat-kammara-ausala-kambar-k/
documents	https://www.dosje.gov.in/documents/neygi-kurni-thogataru-thogatiga-thogataveera-thogatagera-thoagataveera-kshatriya-thogaja-pushpanjali-padma-shali-padma-sali-pattasale-pattasali-lingayat-neygi-nekar-neygi-kurushinasetty-l/
documents	https://www.dosje.gov.in/documents/ayeeravaisiar-confined-to-acharapakkam-chettiar-beri-chettiar-manjapudoor-chettiar-vadambar-chettiar/
documents	https://www.dosje.gov.in/documents/pachkalshi/
documents	https://www.dosje.gov.in/documents/masanjogi-sudgadsiddha-mapanjogi-sharadakar-shardakar-shardakal-balasantu/
documents	https://www.dosje.gov.in/documents/converts-to-christianity-from-any-hindu-backward-classes-community-irrespective-of-the-generation-of-conversion/
documents	https://www.dosje.gov.in/documents/satani-chattada-vaishnava-sattada-vaishnava-sattada-srivaishnava-kadri-vaishnava-chattada-shri-vaishnava-vaishnava-sameraya-sattadaval-sattadavan/
documents	https://www.dosje.gov.in/documents/mhali/
documents	https://www.dosje.gov.in/documents/baggaru-dasari-dasaru-chakravadya-dasa-ghisade-jangala-telugu-jangam-pakanathi-jangama-kodagu-kapala-kumbri-marati-uttara-kannada-district-girini-waddar-tudug-woddar-kallu-vaddar-mannu/
documents	https://www.dosje.gov.in/documents/kattunaicker/
documents	https://www.dosje.gov.in/documents/ambi-barika-rajabhoi-gangamathastha-jalagara-kabber-konkan-kharvi-koli-kolimahadev-maddar-as-synonyms-of-bestha-at-entry-no-87/
documents	https://www.dosje.gov.in/documents/gramani-sanar-nadar-ezhava-tiyya/
documents	https://www.dosje.gov.in/documents/kalavanthula/
documents	https://www.dosje.gov.in/documents/jangam-jangamar/
documents	https://www.dosje.gov.in/documents/isai-vellalar/
documents	https://www.dosje.gov.in/documents/kuyavar-kulalar-kumbarar-kummari-mannudayar-pathar-poonul-kuyavar-vellar/
documents	https://www.dosje.gov.in/documents/kannada-devanga-telugu-devanga/
documents	https://www.dosje.gov.in/documents/kamsali/
documents	https://www.dosje.gov.in/documents/kalavanthi/
documents	https://www.dosje.gov.in/documents/mappila/
documents	https://www.dosje.gov.in/documents/garudi-garudiga-garadiga/
documents	https://www.dosje.gov.in/documents/raya-rawath-ravat/
documents	https://www.dosje.gov.in/documents/namdev-maratha-mahratta-non-brahmin-including-khatik/
documents	https://www.dosje.gov.in/documents/bolahallala-ballala/
documents	https://www.dosje.gov.in/documents/patara-patra/
documents	https://www.dosje.gov.in/documents/maruthuvar-nayee-brahmin-mangali-including-ambattan-navithar-pandithar-pronopakari-pariyari/
documents	https://www.dosje.gov.in/documents/banagara/
documents	https://www.dosje.gov.in/documents/chasa/
documents	https://www.dosje.gov.in/documents/meenavar-agnikulakshatriya-mukkuvan-including-chinna-pattinavar-nattar-paravar-parvatharajakulam-pattinavar-periya-pattinavar-sembadavar-vadabalija/
documents	https://www.dosje.gov.in/documents/sadaru-sadunata-sadkula-sadar-sadu-gowda-sadu-gowdar-sadarasadari-sadara-gowda/
documents	https://www.dosje.gov.in/documents/bangali-tanti-bangiya-tanti/
documents	https://www.dosje.gov.in/documents/lubbai-including-ravuthar-maricar-saibu/
documents	https://www.dosje.gov.in/documents/gaudia-patara/
documents	https://www.dosje.gov.in/documents/agnivanni/
documents	https://www.dosje.gov.in/documents/mukkulathor-devar-including-agamudaya-devar-kallar-maravar/
documents	https://www.dosje.gov.in/documents/kulela/
documents	https://www.dosje.gov.in/documents/medara/
documents	https://www.dosje.gov.in/documents/nainar/
documents	https://www.dosje.gov.in/documents/bhanjapuran/
documents	https://www.dosje.gov.in/documents/killikyata-as-synonym-of-budubuduki/
documents	https://www.dosje.gov.in/documents/kandha-kumbhar/
documents	https://www.dosje.gov.in/documents/parkavakulam-including-malayaman-nathaman-suruthiman-udayar-parkavakula-moopanar-parkavakula-pillai-parkavakula-udaiyar/
documents	https://www.dosje.gov.in/documents/padmasaliar-padmasali-salian-saliar-pattu-saliar-saliars/
documents	https://www.dosje.gov.in/documents/thogata-soli/
documents	https://www.dosje.gov.in/documents/karnabhakthula/
documents	https://www.dosje.gov.in/documents/oda-pradhan-and-odra-pradhan-2/
documents	https://www.dosje.gov.in/documents/vadla/
documents	https://www.dosje.gov.in/documents/ekadash-teli-as-synonym-of-teli/
documents	https://www.dosje.gov.in/documents/arua/
documents	https://www.dosje.gov.in/documents/scs-converts-to-christianity-and-their-progeny/
documents	https://www.dosje.gov.in/documents/chattadasrivaishnava/
documents	https://www.dosje.gov.in/documents/baisya-karan/
documents	https://www.dosje.gov.in/documents/dasari/
documents	https://www.dosje.gov.in/documents/telugu-kachara-telugu-telanga-telenga-only-those-member-of-telugu-telanga-telenga-who-belong-to-the-same-caste-as-telaga-pamula-or-telugu-kachara/
documents	https://www.dosje.gov.in/documents/nagavasam-nagavasmsa/
documents	https://www.dosje.gov.in/documents/sengunthar-kaikolar/
documents	https://www.dosje.gov.in/documents/settibalija/
documents	https://www.dosje.gov.in/documents/vamsha-raj/
documents	https://www.dosje.gov.in/documents/vaniar/
documents	https://www.dosje.gov.in/documents/neeli-nelli/
documents	https://www.dosje.gov.in/documents/alia-raju/
documents	https://www.dosje.gov.in/documents/vishwakarma-devathilakula/
documents	https://www.dosje.gov.in/documents/sagua/
documents	https://www.dosje.gov.in/documents/muni-raula-raula-of-ganjam-district-only/
documents	https://www.dosje.gov.in/documents/vannan-vannar-rajaka-chakkali/
documents	https://www.dosje.gov.in/documents/vanniakula-kshatriya-including-naicker-padayatchi-palli-vanniar/
documents	https://www.dosje.gov.in/documents/khandayat-mahanayak-mahanayak-sudra/
documents	https://www.dosje.gov.in/documents/pala-ekari-ayyaraka-nagaralu-pondara-lodh-lodha-lodhi-kurakula/
documents	https://www.dosje.gov.in/documents/dumal-gouda/
documents	https://www.dosje.gov.in/documents/gujala-balija/
documents	https://www.dosje.gov.in/documents/viswakarma-kammalar-thatchar-porkollar-karumar-kalthatchar-thattar-vishwakarmala-kannar-pathar/
documents	https://www.dosje.gov.in/documents/jetty/
documents	https://www.dosje.gov.in/documents/pandara-mali-as-a-sub-caste-of-mali/
documents	https://www.dosje.gov.in/documents/agamudiyar-including-thuluvavilla/
documents	https://www.dosje.gov.in/documents/reddy-reddi-kampo-or-kapu-and-gajulu-kampa-or-gajulu-kapu/
documents	https://www.dosje.gov.in/documents/velama-adi-velama/
documents	https://www.dosje.gov.in/documents/maahaata-maahaanta/
documents	https://www.dosje.gov.in/documents/koppala-velama/
documents	https://www.dosje.gov.in/documents/turupu-kapu-of-srikakulam-vizianagaram-visakhapatnam-districts/
documents	https://www.dosje.gov.in/documents/belama/
documents	https://www.dosje.gov.in/documents/thiyya-ezhava/
documents	https://www.dosje.gov.in/documents/yadava-including-idayar-konar-sambar-yadava-yadava-pillai-gollalu/
documents	https://www.dosje.gov.in/documents/goudia-laxminarayana-goudia/
documents	https://www.dosje.gov.in/documents/bukka-ayyawar/
documents	https://www.dosje.gov.in/documents/yadava-naidu/
documents	https://www.dosje.gov.in/documents/bondili/
documents	https://www.dosje.gov.in/documents/salivahana-as-a-synonym-of-kummara-kulala/
documents	https://www.dosje.gov.in/documents/yerukula/
documents	https://www.dosje.gov.in/documents/vannia-vanniar-vannikula-kshatriya/
documents	https://www.dosje.gov.in/documents/odiya-benayat-oriya-benayit-odia-banayat-banayat-oriya-odia-udia/
documents	https://www.dosje.gov.in/documents/odia-od-ia-khandayat/
documents	https://www.dosje.gov.in/documents/jaiswal-kalwar/
documents	https://www.dosje.gov.in/documents/chattada-srivaishnab/
documents	https://www.dosje.gov.in/documents/mahisya/
documents	https://www.dosje.gov.in/documents/dalua-paik/
documents	https://www.dosje.gov.in/documents/sarollu/
documents	https://www.dosje.gov.in/documents/issai-vellalar/
documents	https://www.dosje.gov.in/documents/yellapu-yellapondlu-as-synonyms-of-yellapi/
documents	https://www.dosje.gov.in/documents/nokkar-nokkan/
documents	https://www.dosje.gov.in/documents/muthirayar/
documents	https://www.dosje.gov.in/documents/kaliji-kalinga/
documents	https://www.dosje.gov.in/documents/veerakodi-vellala/
documents	https://www.dosje.gov.in/documents/hansi-tanti-sukuli-vina-tulabhina-rangani-dera-dewanga-dewangulu-kosta-kusta-kustha-kostha-salia-patsalia-buna-bunkar-bunkara-bangali-tanti-bangiya-tanti-mativansa-tanti-asina-ta-2/
documents	https://www.dosje.gov.in/documents/kapu-telaga-balija-ontari-2/
documents	https://www.dosje.gov.in/documents/majjula/
documents	https://www.dosje.gov.in/documents/bhopa/
documents	https://www.dosje.gov.in/documents/narikuravar/
documents	https://www.dosje.gov.in/documents/veerashaiva-lingayat-linga-balija/
documents	https://www.dosje.gov.in/documents/reddy-gandla/
documents	https://www.dosje.gov.in/documents/gamalla/
documents	https://www.dosje.gov.in/documents/varala-thogara-balija-bholla/
documents	https://www.dosje.gov.in/documents/kurumba/
documents	https://www.dosje.gov.in/documents/dhobi-rajak-madval-including-christian-dhobis-nhavi-nai-nabhik-napit-mahalo-koki-kharvi-including-christian-kharvi/
documents	https://www.dosje.gov.in/documents/gajula-kapu-as-a-synonym-of-turupu-kapu-of-srikakulam-and-visakhapatnam-districts/
documents	https://www.dosje.gov.in/documents/mahar-excluding-those-already-in-the-sc-list-pagui/
documents	https://www.dosje.gov.in/documents/suvarnakar-sunar/
documents	https://www.dosje.gov.in/documents/medara-of-yanam/
documents	https://www.dosje.gov.in/documents/patra-3/
documents	https://www.dosje.gov.in/documents/muslim/
documents	https://www.dosje.gov.in/documents/sikligar-3/
documents	https://www.dosje.gov.in/documents/andipandaram/
documents	https://www.dosje.gov.in/documents/toorpu-chalukya-kapu/
documents	https://www.dosje.gov.in/documents/christian-renders-who-are-actually-in-the-profession-of-toddy-tapping-komarpant-thakar/
documents	https://www.dosje.gov.in/documents/kanisan-kaniyan/
documents	https://www.dosje.gov.in/documents/mehtar-muslim-2/
documents	https://www.dosje.gov.in/documents/khatriyas/
documents	https://www.dosje.gov.in/documents/nakkala/
documents	https://www.dosje.gov.in/documents/gudia-gudiya-confined-to-srikakulam-vizianagaram-and-visakhapatnam-districts-only/
documents	https://www.dosje.gov.in/documents/latin-catholics/
documents	https://www.dosje.gov.in/documents/budubunjala-bhunjwa-bhadbhunja-confined-to-hyderabad-and-ranga-reddy-districts-only/
documents	https://www.dosje.gov.in/documents/valayal-naidu-cavara-naidu-gavaralu/
documents	https://www.dosje.gov.in/documents/beri-vysya-beri-chetty/
documents	https://www.dosje.gov.in/documents/lakkamarikapu-confined-to-telangana-region-only/
documents	https://www.dosje.gov.in/documents/sardara-sadaru-hindu-sadaru-sadari-sardara-reddy-sadara-kapu-sardara-gowda-sardar/
documents	https://www.dosje.gov.in/documents/pattu-chettiar/
documents	https://www.dosje.gov.in/documents/dammali-dammala-dammula-damala-peddammavandlu-devaraavandlu-yellammavandlu-mutyalammavandlu/
documents	https://www.dosje.gov.in/documents/salia-chettiar/
documents	https://www.dosje.gov.in/documents/budubunjala-bhunjwa-bhadbhuja-confined-to-hyderabad-and-ranga-reddy-districts-only/
documents	https://www.dosje.gov.in/documents/ottar/
documents	https://www.dosje.gov.in/documents/agnikulakshatriya-palli-vadabalija-bestha-jalari-gangavar-gangaputra-goondla-vanyakulakshatriya-vannekapuvannereddi-pallikapu-pallireddi-neyyala-pattapu-2/
documents	https://www.dosje.gov.in/documents/nayi-brahmin-mangali-mangala-bajantri/
documents	https://www.dosje.gov.in/documents/ayyaraka-confined-to-srikakulam-vizianagaram-visakhapatnam-east-godavari-west-godavari-krishna-guntur-districts/
documents	https://www.dosje.gov.in/documents/neeli-2/
documents	https://www.dosje.gov.in/documents/vannan-vannar-ekali-mannan-rajaka-chakkali/
documents	https://www.dosje.gov.in/documents/vamsharaj-pitchiguntala/
documents	https://www.dosje.gov.in/documents/arekatika-katika-entry-no-62-a-qureshi-muslim-butchers/
documents	https://www.dosje.gov.in/documents/ezhuthachan-ezhuthachans/
documents	https://www.dosje.gov.in/documents/valmiki-boya-boya-bedar-kirataka-nishadi-yellapi-pedda-boya-talayari-and-chunduvallu/
documents	https://www.dosje.gov.in/documents/senai-thalaivar-2/
documents	https://www.dosje.gov.in/documents/kurakula-confined-to-srikakulam-viziangaram-visakhapatnam-districts/
documents	https://www.dosje.gov.in/documents/goud-ediga-gouda-gamalla-kalalee-goundla-settibalija-of-vishakapatnam-east-godavari-west-godavari-and-krishna-districts-and-srisayana-segidi/
documents	https://www.dosje.gov.in/documents/kasi-kapadi/
documents	https://www.dosje.gov.in/documents/achukadavandlu-in-the-districts-of-visakhapatnam-and-guntur-confined-to-hindus-only/
documents	https://www.dosje.gov.in/documents/sikligar-saikilgar/
documents	https://www.dosje.gov.in/documents/asara/
documents	https://www.dosje.gov.in/documents/barai-waarai-wari-chaurasia-tamoli-tamboli-kumavatt-kumavat-bari/
documents	https://www.dosje.gov.in/documents/bairagi-3/
documents	https://www.dosje.gov.in/documents/barhai-sutar-suthar-kunder-vishwakarma/
documents	https://www.dosje.gov.in/documents/vasudev-basudeva-basudev-vasudeva-harvola-kapdia-kapdi-gondhli/
documents	https://www.dosje.gov.in/documents/bhat-charan-charahm-salwi-sutiya-rav-jasondhi-maru-sonia/
documents	https://www.dosje.gov.in/documents/badhbhuja-bhunjwa-bhurji-dhuri-or-dhoori/
documents	https://www.dosje.gov.in/documents/powar-bhoyar-bhoyaar-panwar/
documents	https://www.dosje.gov.in/documents/chippa-chhipa-bhavsar-nilgar-jingar-nirali-ramgari-rangari-rangrez-rangarej-rangraz-rangredh-chippa-sindhi-khatri/
documents	https://www.dosje.gov.in/documents/chitari/
documents	https://www.dosje.gov.in/documents/chunkar-chungar-choongar-kulbandhiya-rajgir/
documents	https://www.dosje.gov.in/documents/bhurtiya-bhutiya/
documents	https://www.dosje.gov.in/documents/koshta-kosta-kosti-koshti-devangan-dewang-salwidewang-mala-padamhali-pademsali-sali-sutsali-salwar-salewar-jendra-jandra-koskati-garhwal-garhewal-garewar-garwar/
documents	https://www.dosje.gov.in/documents/kadere-kadore-dhunkar-dhuniya-dhanka/
documents	https://www.dosje.gov.in/documents/darji-cheepi-chhipi-chipi-shipi-mavi-namdev/
documents	https://www.dosje.gov.in/documents/goojar-gurjar/
documents	https://www.dosje.gov.in/documents/gusai-gosai-gosain-gosaib-goswami-gowsami/
documents	https://www.dosje.gov.in/documents/dholi-dafaali-dufali-gurav-guraw/
documents	https://www.dosje.gov.in/documents/mali-saini-marar/
documents	https://www.dosje.gov.in/documents/sonar-sunar-swarnakar-jhhari-jhhadi-awedhiya-audhiya/
documents	https://www.dosje.gov.in/documents/garpagari-joginath-nathjogi/
documents	https://www.dosje.gov.in/documents/thathara-thatera-kasar-kasera-tamera-tambatkar-tamrakar-tamer-otari-kaser/
documents	https://www.dosje.gov.in/documents/lakhera-lakher-kachera-kacher/
documents	https://www.dosje.gov.in/documents/khatiya-khati/
documents	https://www.dosje.gov.in/documents/kamariya/
documents	https://www.dosje.gov.in/documents/kumhar-prajapati-kumbharexcluding-chhatarpur-datia-panna-tiikamgarh-satna-rewa-sidhi-and-shahdol-districts/
documents	https://www.dosje.gov.in/documents/kalota-kolta-koltta-kalotha/
documents	https://www.dosje.gov.in/documents/kalar-kalal/
documents	https://www.dosje.gov.in/documents/nayatanayada/
documents	https://www.dosje.gov.in/documents/nai-sein-savita-shrivas-mhali-navhi-navi/
documents	https://www.dosje.gov.in/documents/loniya-luniya-lonia-lunia-odh-odhe-odhiya-ode-odiya-naaniya-muraha-muraaha-mudaha-nunia-nonia/
documents	https://www.dosje.gov.in/documents/sikligar-4/
documents	https://www.dosje.gov.in/documents/lodhi-lodha-lodh-2/
documents	https://www.dosje.gov.in/documents/patka-patki-patwa/
documents	https://www.dosje.gov.in/documents/tarha-tirwali-waddar/
documents	https://www.dosje.gov.in/documents/teli-rathore-sahu/
documents	https://www.dosje.gov.in/documents/mankar/
documents	https://www.dosje.gov.in/documents/rautiya-rotiya/
documents	https://www.dosje.gov.in/documents/kasabi-kisbi/
documents	https://www.dosje.gov.in/documents/saiees-sahees-sayees/
documents	https://www.dosje.gov.in/documents/raghwi-raghavi/
documents	https://www.dosje.gov.in/documents/bharood/
documents	https://www.dosje.gov.in/documents/meru-mer/
documents	https://www.dosje.gov.in/documents/kharol-2/
documents	https://www.dosje.gov.in/documents/rangrej/
documents	https://www.dosje.gov.in/documents/scheduled-castes-who-have-embraced-christianity/
documents	https://www.dosje.gov.in/documents/hela-2/
documents	https://www.dosje.gov.in/documents/chippa-chhipa/
documents	https://www.dosje.gov.in/documents/bhishti-bhishti-abbasi/
documents	https://www.dosje.gov.in/documents/kunjara-raine/
documents	https://www.dosje.gov.in/documents/pinjara-naddaf-fakir-faquir-behna-dhuniya-dhunkar-mansoori-sai-shah-kabrakhodu/
documents	https://www.dosje.gov.in/documents/mewati-meo-3/
documents	https://www.dosje.gov.in/documents/mirasi-4/
documents	https://www.dosje.gov.in/documents/kasai-kasab-kassab-qussab-qassab-qureshi/
documents	https://www.dosje.gov.in/documents/manihar/
documents	https://www.dosje.gov.in/documents/julaha-momin-julaha-ansari-momin-ansari/
documents	https://www.dosje.gov.in/documents/hajjambarber-nai-barber-salmani/
documents	https://www.dosje.gov.in/documents/barhaicarpenter/
documents	https://www.dosje.gov.in/documents/banjara-mukeri-makrani/
documents	https://www.dosje.gov.in/documents/tadavi/
documents	https://www.dosje.gov.in/documents/luhar-saifi-nagauri-luhar-multani-luhar/
documents	https://www.dosje.gov.in/documents/kalaigar/
documents	https://www.dosje.gov.in/documents/mochi/
documents	https://www.dosje.gov.in/documents/nat-other-than-those-included-in-the-sc-list/
documents	https://www.dosje.gov.in/documents/nalband-3/
documents	https://www.dosje.gov.in/documents/pemdi/
documents	https://www.dosje.gov.in/documents/ghoshi/
documents	https://www.dosje.gov.in/documents/gaddi-2/
documents	https://www.dosje.gov.in/documents/niyargar-niyargar-multani-niyaria/
documents	https://www.dosje.gov.in/documents/pinjara-hindu/
documents	https://www.dosje.gov.in/documents/rajwar/
documents	https://www.dosje.gov.in/documents/panika-panka-except-in-districts-of-chhatarpur-panna-rewa-satna-shahdol-umaria-sidhi-tikamgarh-and-sevda-and-datia-tehsils-of-datia-district-where-it-is-included-int-the-scheduled-tribes-lis/
documents	https://www.dosje.gov.in/documents/agharia/
documents	https://www.dosje.gov.in/documents/sodhi-sodi-sundi-sondi/
documents	https://www.dosje.gov.in/documents/shishgar/
documents	https://www.dosje.gov.in/documents/dafali-3/
documents	https://www.dosje.gov.in/documents/khairuwa/
documents	https://www.dosje.gov.in/documents/nakkal/
documents	https://www.dosje.gov.in/documents/rajjad-rajjhad/
documents	https://www.dosje.gov.in/documents/agasa/
documents	https://www.dosje.gov.in/documents/ambalakkaran/
documents	https://www.dosje.gov.in/documents/anglo-indian/
documents	https://www.dosje.gov.in/documents/aremahrati/
documents	https://www.dosje.gov.in/documents/bandari/
documents	https://www.dosje.gov.in/documents/arya/
documents	https://www.dosje.gov.in/documents/billava/
documents	https://www.dosje.gov.in/documents/chakkala/
documents	https://www.dosje.gov.in/documents/chavalakkaran/
documents	https://www.dosje.gov.in/documents/chetties-kottar-chetties-parakka-chetties-elur-chetties-attingal-chetties-pudukkada-chetties-iraniel-chetties-sri-pandara-chetties-telugu-chetties-udayamkulangara-chetties-wynadan-chetties/
documents	https://www.dosje.gov.in/documents/devadiga/
documents	https://www.dosje.gov.in/documents/devanga-4/
documents	https://www.dosje.gov.in/documents/dheevara-araya-arayavathi-mukkuvan-or-mukaya-mogaveera-valan-bovi-mukayar-nulayan-valinijiar-and-paniakkal/
documents	https://www.dosje.gov.in/documents/ezhava-izhavan-ishavan-ezhavan-ezhuva-izhuva-ishuva-izhuvan-ishuvan-ezhuvan-izhavav/
documents	https://www.dosje.gov.in/documents/ezhavathi/
documents	https://www.dosje.gov.in/documents/ezhuthachan/
documents	https://www.dosje.gov.in/documents/ganika-2/
documents	https://www.dosje.gov.in/documents/gatti/
documents	https://www.dosje.gov.in/documents/gowda/
documents	https://www.dosje.gov.in/documents/hegde/
documents	https://www.dosje.gov.in/documents/izhavan-ishavan-illuva-illuvan-irava-iruva-thiyyan-thiyya/
documents	https://www.dosje.gov.in/documents/jogi-7/
documents	https://www.dosje.gov.in/documents/kaduppattan/
documents	https://www.dosje.gov.in/documents/kaikolan/
documents	https://www.dosje.gov.in/documents/kelasikalasi-panicker/
documents	https://www.dosje.gov.in/documents/kalari-kurup-or-kalari-panicker/
documents	https://www.dosje.gov.in/documents/kannadiyan/
documents	https://www.dosje.gov.in/documents/viswakarma-including-assari-chaptegra-kallassari-kammala-karuvan-kitaran-kollan-malayala-kammala-pandi-kammala-moosari-perumkollan-thattanpandithattan-vilkurup-villasan-viswabrahmanan/
documents	https://www.dosje.gov.in/documents/kanisu-or-kaniyar-panicker-kani-or-kaniyan-ganaka-or-kanisan-or-kamnan/
documents	https://www.dosje.gov.in/documents/kavuthiyan-aduthon/
documents	https://www.dosje.gov.in/documents/koteyar/
documents	https://www.dosje.gov.in/documents/kavudiyaru-2/
documents	https://www.dosje.gov.in/documents/krishnanvaka/
documents	https://www.dosje.gov.in/documents/kerala-mudali/
documents	https://www.dosje.gov.in/documents/kudumbi/
documents	https://www.dosje.gov.in/documents/kusavan-kulala-kulala-nairor-andhra-nair-or-anthura-nair/
documents	https://www.dosje.gov.in/documents/kumbaran-2/
documents	https://www.dosje.gov.in/documents/madivala/
documents	https://www.dosje.gov.in/documents/other-muslims-excluding-i-bohra-ii-cutchi-menmon-iii-navayat-iv-turukkan-v-dakhani-muslim/
documents	https://www.dosje.gov.in/documents/maravan/
documents	https://www.dosje.gov.in/documents/maruthuvar/
documents	https://www.dosje.gov.in/documents/nadar-hindu-nadar-nadar-included-in-siuc-nadar-belonging-to-christian-religious-denominations-other-than-the-siuc/
documents	https://www.dosje.gov.in/documents/scheduled-caste-converts-to-christianity/
documents	https://www.dosje.gov.in/documents/odan/
documents	https://www.dosje.gov.in/documents/pandithar/
documents	https://www.dosje.gov.in/documents/deleted-8/
documents	https://www.dosje.gov.in/documents/panniyar/
documents	https://www.dosje.gov.in/documents/deleted-7/
documents	https://www.dosje.gov.in/documents/rajapur/
documents	https://www.dosje.gov.in/documents/sourashtra/
documents	https://www.dosje.gov.in/documents/chakravar-sakravar-kavathi/
documents	https://www.dosje.gov.in/documents/saliya-chaliyachaliyanwhose-caste-profession-is-cotton-weaving/
documents	https://www.dosje.gov.in/documents/senai-thalavar-elavaniar/
documents	https://www.dosje.gov.in/documents/siuc-excluding-nadar-specified-in-item-no-42-which-is-item-no-49-of-the-state-list/
documents	https://www.dosje.gov.in/documents/tholkolan/
documents	https://www.dosje.gov.in/documents/thottian/
documents	https://www.dosje.gov.in/documents/vaduvans-vadugan-vadukar-vaduka-vadukan/
documents	https://www.dosje.gov.in/documents/velaan-velaar/
documents	https://www.dosje.gov.in/documents/vaniar-2/
documents	https://www.dosje.gov.in/documents/vakkaliga/
documents	https://www.dosje.gov.in/documents/veluthedathu-nair-veluthedan-vannathan/
documents	https://www.dosje.gov.in/documents/veerasaiva-yogi-yogeeswara-poopandaram-maalapandaram-and-jangam/
documents	https://www.dosje.gov.in/documents/yadava-kolaya-ayar-mayar-maniyani-iruman/
documents	https://www.dosje.gov.in/documents/vilakkithala-nair-vilakkithalavan/
documents	https://www.dosje.gov.in/documents/vishavan-in-malabar-district-as-referred-to-in-sub-section-2-of-section-5-of-the-states-reorganisation-act-1956/
documents	https://www.dosje.gov.in/documents/ganjam-reddi-in-malabar-district-referred-to-in-sub-section-2-of-section-5-of-the-states-reorganisation-act-1956/
documents	https://www.dosje.gov.in/documents/malayekandi-excluding-malabar-district-as-referred-to-in-sub-section-2-of-section-5-of-the-states-reorganisation-act-1956/
documents	https://www.dosje.gov.in/documents/kammara-excluding-malabar-district-as-referred-to-in-sub-section-2-of-section-5-of-the-states-reorganisation-act-1956/
documents	https://www.dosje.gov.in/documents/thachar-who-are-carpenters/
documents	https://www.dosje.gov.in/documents/vettuva-navithan/
documents	https://www.dosje.gov.in/documents/reddiar-reddianexcluding-malabar-district-as-referred-to-in-sub-section-2-of-section-5-of-the-states-reorganisation-act-1956/
documents	https://www.dosje.gov.in/documents/saraswat-non-brahmin/
documents	https://www.dosje.gov.in/documents/odde-boyan-in-malabar-district-as-referred-to-in-sub-section-2-of-section-5-of-the-states-reorganisation-act1956/
documents	https://www.dosje.gov.in/documents/mukhari-alias-moovari/
documents	https://www.dosje.gov.in/documents/moopar-or-kallan-mooppan-or-kallan-mooppar/
documents	https://www.dosje.gov.in/documents/kongu-vellala-gounder-including-vellala-gounder-nattu-gounder-pala-gounder-poosari-gounder-and-pala-vellala-gounder/
documents	https://www.dosje.gov.in/documents/kuruba-2/
documents	https://www.dosje.gov.in/documents/abdal/
documents	https://www.dosje.gov.in/documents/mahendra-medara-2/
documents	https://www.dosje.gov.in/documents/aghori/
documents	https://www.dosje.gov.in/documents/amaat/
documents	https://www.dosje.gov.in/documents/bakho-muslim/
documents	https://www.dosje.gov.in/documents/bagdi-bagti/
documents	https://www.dosje.gov.in/documents/banpar/
documents	https://www.dosje.gov.in/documents/bari-3/
documents	https://www.dosje.gov.in/documents/beldar/
documents	https://www.dosje.gov.in/documents/barhai-vishwakarma/
documents	https://www.dosje.gov.in/documents/bhar-2/
documents	https://www.dosje.gov.in/documents/bhaskar/
documents	https://www.dosje.gov.in/documents/bhathiara-muslim/
documents	https://www.dosje.gov.in/documents/bhat-bhatt-bhat-muslim/
documents	https://www.dosje.gov.in/documents/bind-3/
documents	https://www.dosje.gov.in/documents/chain-chayeen/
documents	https://www.dosje.gov.in/documents/chandrabanshi-kahar/
documents	https://www.dosje.gov.in/documents/chanou/
documents	https://www.dosje.gov.in/documents/christian-converts-from-other-backward-classes/
documents	https://www.dosje.gov.in/documents/christian-converts-from-scheduled-castes/
documents	https://www.dosje.gov.in/documents/dhamin/
documents	https://www.dosje.gov.in/documents/dangi-2/
documents	https://www.dosje.gov.in/documents/dafali-muslim/
documents	https://www.dosje.gov.in/documents/dhanwar/
documents	https://www.dosje.gov.in/documents/dhanuk-3/
documents	https://www.dosje.gov.in/documents/dhimar/
documents	https://www.dosje.gov.in/documents/dhekaru/
documents	https://www.dosje.gov.in/documents/dhunia-muslim/
documents	https://www.dosje.gov.in/documents/dhobi-muslim/
documents	https://www.dosje.gov.in/documents/gangai-nagesh/
documents	https://www.dosje.gov.in/documents/gandharb-gandarbh/
documents	https://www.dosje.gov.in/documents/ghatwar/
documents	https://www.dosje.gov.in/documents/notification-dated-14-12-2001-for-continuation-of-the-commission/
documents	https://www.dosje.gov.in/documents/gangota-gangoth/
documents	https://www.dosje.gov.in/documents/godi-chhava/
documents	https://www.dosje.gov.in/documents/goud/
documents	https://www.dosje.gov.in/documents/idrisi-or-darzi-muslim/
documents	https://www.dosje.gov.in/documents/gulgaliya/
documents	https://www.dosje.gov.in/documents/jogi-jugi/
documents	https://www.dosje.gov.in/documents/kaivartta-kaibartta/
documents	https://www.dosje.gov.in/documents/kadar/
documents	https://www.dosje.gov.in/documents/kalandar/
documents	https://www.dosje.gov.in/documents/kagzi/
documents	https://www.dosje.gov.in/documents/kasab-kasai-muslim/
documents	https://www.dosje.gov.in/documents/kanu/
documents	https://www.dosje.gov.in/documents/kamar-lohar-karmakar-visvakarma/
documents	https://www.dosje.gov.in/documents/kewat-keot/
documents	https://www.dosje.gov.in/documents/khatik/
documents	https://www.dosje.gov.in/documents/khangar/
documents	https://www.dosje.gov.in/documents/khatwa/
documents	https://www.dosje.gov.in/documents/khelta/
documents	https://www.dosje.gov.in/documents/kochh/
documents	https://www.dosje.gov.in/documents/kulahia/
documents	https://www.dosje.gov.in/documents/korku/
documents	https://www.dosje.gov.in/documents/kurmi-kurmi-mahto-2/
documents	https://www.dosje.gov.in/documents/kushwaha-koeri/
documents	https://www.dosje.gov.in/documents/laheri/
documents	https://www.dosje.gov.in/documents/madar/
documents	https://www.dosje.gov.in/documents/madari-muslim/
documents	https://www.dosje.gov.in/documents/majhwar/
documents	https://www.dosje.gov.in/documents/mallah-surhiya-kewat-murawari/
documents	https://www.dosje.gov.in/documents/malar-malhor/
documents	https://www.dosje.gov.in/documents/mali-malakar/
documents	https://www.dosje.gov.in/documents/mangar-magar/
documents	https://www.dosje.gov.in/documents/markande/
documents	https://www.dosje.gov.in/documents/mauriari-mauriaro-mauriara/
documents	https://www.dosje.gov.in/documents/maulik/
documents	https://www.dosje.gov.in/documents/miriasin-muslim/
documents	https://www.dosje.gov.in/documents/mirshikar-muslim/
documents	https://www.dosje.gov.in/documents/mukri-mukeri-muslim/
documents	https://www.dosje.gov.in/documents/momin-muslim-julaha-ansari/
documents	https://www.dosje.gov.in/documents/nagar-this-does-not-include-maithili-brahmins-and-immigrant-nagars-from-other-states-who-are-brahmins-and-baniyas/
documents	https://www.dosje.gov.in/documents/nai-4/
documents	https://www.dosje.gov.in/documents/nalband-muslim/
documents	https://www.dosje.gov.in/documents/naiya/
documents	https://www.dosje.gov.in/documents/nat-muslim/
documents	https://www.dosje.gov.in/documents/nonia-nunia/
documents	https://www.dosje.gov.in/documents/pal-bherihar-gaderi-gaderia/
documents	https://www.dosje.gov.in/documents/pahira/
documents	https://www.dosje.gov.in/documents/pandi/
documents	https://www.dosje.gov.in/documents/pamaria-muslim/
documents	https://www.dosje.gov.in/documents/pradhan/
documents	https://www.dosje.gov.in/documents/pinganiya/
documents	https://www.dosje.gov.in/documents/prajapati-kumbhar/
documents	https://www.dosje.gov.in/documents/rajbhar-2/
documents	https://www.dosje.gov.in/documents/rajbanshi-risiya-and-poliya/
documents	https://www.dosje.gov.in/documents/rajdhobi/
documents	https://www.dosje.gov.in/documents/rangwa-2/
documents	https://www.dosje.gov.in/documents/rayeen-or-kunjra-muslim/
documents	https://www.dosje.gov.in/documents/rangrez-muslim/
documents	https://www.dosje.gov.in/documents/shekhra-2/
documents	https://www.dosje.gov.in/documents/sayee-muslim/
documents	https://www.dosje.gov.in/documents/sauta-sota/
documents	https://www.dosje.gov.in/documents/shershahbadi-2/
documents	https://www.dosje.gov.in/documents/sonar-sunar-3/
documents	https://www.dosje.gov.in/documents/shivhari/
documents	https://www.dosje.gov.in/documents/tamariya/
documents	https://www.dosje.gov.in/documents/sukiyar-2/
documents	https://www.dosje.gov.in/documents/tamoli-tamboli-2/
documents	https://www.dosje.gov.in/documents/thakurai-muslim-2/
documents	https://www.dosje.gov.in/documents/teli-3/
documents	https://www.dosje.gov.in/documents/tanti-tatwa-tati-tatin/
documents	https://www.dosje.gov.in/documents/karen-3/
documents	https://www.dosje.gov.in/documents/bhatus/
documents	https://www.dosje.gov.in/documents/tikulhar/
documents	https://www.dosje.gov.in/documents/moplas/
documents	https://www.dosje.gov.in/documents/turha-2/
documents	https://www.dosje.gov.in/documents/yadav-gwala-ahir-gope-mehar-sadgop/
documents	https://www.dosje.gov.in/documents/list-of-sewer-septic-tank-deaths-cases-where-legal-heirs-could-not-be-traced-despite-best-efforts-up-to-31st-march-2023/
documents	https://www.dosje.gov.in/documents/saikalgar-sikligar-muslim/
documents	https://www.dosje.gov.in/documents/post-1942-bengali-settlers-settled-in-the-island-under-various-rehabilitation-schemes-of-the-government-of-india/
documents	https://www.dosje.gov.in/documents/sudi-halwai-roniyar-pansari-modi-kasera-kesarwani-thathera-patwa-sinduriya-bania-mahuri-vaishya-awadh-bania-adrakhi-agrahari-vaishya/
documents	https://www.dosje.gov.in/documents/bagria-bagaria-2/
documents	https://www.dosje.gov.in/documents/chik-muslim/
documents	https://www.dosje.gov.in/documents/bairagi-baragi-baregi/
documents	https://www.dosje.gov.in/documents/kalal-eraqui/
documents	https://www.dosje.gov.in/documents/dhankar/
documents	https://www.dosje.gov.in/documents/kalwar-2/
documents	https://www.dosje.gov.in/documents/barai-tamboli-tomboli-tarboli/
documents	https://www.dosje.gov.in/documents/kaura/
documents	https://www.dosje.gov.in/documents/barra-berrer/
documents	https://www.dosje.gov.in/documents/parya/
documents	https://www.dosje.gov.in/documents/barwar-2/
documents	https://www.dosje.gov.in/documents/batera-battera/
documents	https://www.dosje.gov.in/documents/bhuhalia-lohar-bhubalia-lohar/
documents	https://www.dosje.gov.in/documents/bharbhunja-bharbhuja-bharbhuria/
documents	https://www.dosje.gov.in/documents/chhipi/
documents	https://www.dosje.gov.in/documents/chang-chahang/
documents	https://www.dosje.gov.in/documents/late/
documents	https://www.dosje.gov.in/documents/mayramaira-modak/
documents	https://www.dosje.gov.in/documents/kunai-2/
documents	https://www.dosje.gov.in/documents/pushpanamit/
documents	https://www.dosje.gov.in/documents/jhora/
documents	https://www.dosje.gov.in/documents/changar-chamgar/
documents	https://www.dosje.gov.in/documents/chirimar-chrimar/
documents	https://www.dosje.gov.in/documents/laxmi-narayan-gola-2/
documents	https://www.dosje.gov.in/documents/daiya-2/
documents	https://www.dosje.gov.in/documents/dhimar-dhinwar-jhinwar-kahar-mallah-kasye-rajputs/
documents	https://www.dosje.gov.in/documents/dhobi-4/
documents	https://www.dosje.gov.in/documents/faquir-2/
documents	https://www.dosje.gov.in/documents/gadaria-gaddaria-gadderia/
documents	https://www.dosje.gov.in/documents/ghasiara-ghosi-ghani-ghazigoasiara-or-ghosia/
documents	https://www.dosje.gov.in/documents/aheri-or-ahori-heri-naik-thori-turi/
documents	https://www.dosje.gov.in/documents/deleted-9/
documents	https://www.dosje.gov.in/documents/gwaria-gauria-or-gwar/
documents	https://www.dosje.gov.in/documents/ard-pop-popo-brahman/
documents	https://www.dosje.gov.in/documents/jhangra-brahman-jhangara-brahman-jangra-brahman-khati/
documents	https://www.dosje.gov.in/documents/jullaha-julaha-weavers-excluding-those-in-scheduled-caste/
documents	https://www.dosje.gov.in/documents/bata-hensi-or-hesi/
documents	https://www.dosje.gov.in/documents/bahti/
documents	https://www.dosje.gov.in/documents/bagria/
documents	https://www.dosje.gov.in/documents/khanghera/
documents	https://www.dosje.gov.in/documents/kumhar-kumahar/
documents	https://www.dosje.gov.in/documents/labana-vanzara/
documents	https://www.dosje.gov.in/documents/batehda/
documents	https://www.dosje.gov.in/documents/nalband-4/
documents	https://www.dosje.gov.in/documents/rai-sikh-4/
documents	https://www.dosje.gov.in/documents/pinja-penja-pemjahindumuslimchristian-sikh/
documents	https://www.dosje.gov.in/documents/baragi-bairagi-2/
documents	https://www.dosje.gov.in/documents/rehar-rehare-rehara-rer-re-rehard/
documents	https://www.dosje.gov.in/documents/bharbunha-bharbhuja-or-bharbhunja/
documents	https://www.dosje.gov.in/documents/singhikant-singiwala-singhiwala-singhikar-singhwala/
documents	https://www.dosje.gov.in/documents/shorgir-2/
documents	https://www.dosje.gov.in/documents/bhat-bhatta-darpi/
documents	https://www.dosje.gov.in/documents/teli-4/
documents	https://www.dosje.gov.in/documents/bhuhalia/
documents	https://www.dosje.gov.in/documents/chang-or-chahang/
documents	https://www.dosje.gov.in/documents/changar-2/
documents	https://www.dosje.gov.in/documents/bhar-rajbhar-5/
documents	https://www.dosje.gov.in/documents/chirimar-2/
documents	https://www.dosje.gov.in/documents/gujjar-3/
documents	https://www.dosje.gov.in/documents/soni-sunar-swarnakar-daula-soni-barderi/
documents	https://www.dosje.gov.in/documents/dhosali-dosal/
documents	https://www.dosje.gov.in/documents/dhimer-or-dhimar-or-dhiwar/
documents	https://www.dosje.gov.in/documents/loharhindu-muslim-sikh-christian-2/
documents	https://www.dosje.gov.in/documents/ghasi-ghasiara-or-ghosia/
documents	https://www.dosje.gov.in/documents/faquir-3/
documents	https://www.dosje.gov.in/documents/gowala-gwala/
documents	https://www.dosje.gov.in/documents/ghai/
documents	https://www.dosje.gov.in/documents/badhai-barhai-khati-tarkhan-jangra-brahmin-vishwakarma-ramgarhia-ramgarhia-sikh-panchal-dheeman/
documents	https://www.dosje.gov.in/documents/gadaria/
documents	https://www.dosje.gov.in/documents/arain-rayee-kunjra/
documents	https://www.dosje.gov.in/documents/hajam-nai/
documents	https://www.dosje.gov.in/documents/bairwa-berwa/
documents	https://www.dosje.gov.in/documents/deleted-10/
documents	https://www.dosje.gov.in/documents/barai-bari-tamboli/
documents	https://www.dosje.gov.in/documents/dhinwar-or-jhinwar-jheewar-jhiwar-jheur-jheer/
documents	https://www.dosje.gov.in/documents/keshap-rajput/
documents	https://www.dosje.gov.in/documents/kumhar-prajapati-kumbar-ghumar-ghumhar-2/
documents	https://www.dosje.gov.in/documents/kahar-2/
documents	https://www.dosje.gov.in/documents/bazigar-nat-kalandar-excluding-those-in-sch-caste/
documents	https://www.dosje.gov.in/documents/bharbhooja-kanu/
documents	https://www.dosje.gov.in/documents/kanjar-kanchan/
documents	https://www.dosje.gov.in/documents/labana-2/
documents	https://www.dosje.gov.in/documents/madari-6/
documents	https://www.dosje.gov.in/documents/kurmi-5/
documents	https://www.dosje.gov.in/documents/dhobi-other-than-those-who-are-already-included-in-the-list-of-scheduled-castes-of-delhi-qassar/
documents	https://www.dosje.gov.in/documents/dhinwar-jhinwar-nishad-kewat-mallah-excluding-those-in-sch-caste-kahar-kashyapnon-brahmin/
documents	https://www.dosje.gov.in/documents/mirasi-5/
documents	https://www.dosje.gov.in/documents/mallah/
documents	https://www.dosje.gov.in/documents/dhunia-pinjara-kandera-karan-dhunnewala-naddaf-mansoori/
documents	https://www.dosje.gov.in/documents/fakir-including-alvi-fakir/
documents	https://www.dosje.gov.in/documents/mehra/
documents	https://www.dosje.gov.in/documents/nalband-5/
documents	https://www.dosje.gov.in/documents/ghasiara-ghosi/
documents	https://www.dosje.gov.in/documents/gujar-gurjar-2/
documents	https://www.dosje.gov.in/documents/nar-2/
documents	https://www.dosje.gov.in/documents/jogi-goswami-nath-yogi-gosain/
documents	https://www.dosje.gov.in/documents/pinja-or-penja-panja-nadaf-nadaaf/
documents	https://www.dosje.gov.in/documents/julaha-ansari-whose-traditional-occupation-is-weaving-excluding-those-in-scs/
documents	https://www.dosje.gov.in/documents/rechband-2/
documents	https://www.dosje.gov.in/documents/kasai-qassab-quraishi/
documents	https://www.dosje.gov.in/documents/thawin/
documents	https://www.dosje.gov.in/documents/khatgune/
documents	https://www.dosje.gov.in/documents/deleted-11/
documents	https://www.dosje.gov.in/documents/kumhar-prajapati-2/
documents	https://www.dosje.gov.in/documents/lakhera-manihar-2/
documents	https://www.dosje.gov.in/documents/deleted-12/
documents	https://www.dosje.gov.in/documents/julaha-ansari-other-then-those-included-in-the-list-of-scs/
documents	https://www.dosje.gov.in/documents/pumba-2/
documents	https://www.dosje.gov.in/documents/luhar-bhubhalia-saifi/
documents	https://www.dosje.gov.in/documents/tarkhan-badhai-ramgarhi-dhimanexcluding-lohar-vishwakarma/
documents	https://www.dosje.gov.in/documents/machi-machhera/
documents	https://www.dosje.gov.in/documents/mali-saini-southia-sagarwanshi-mali-nayak/
documents	https://www.dosje.gov.in/documents/saini-2/
documents	https://www.dosje.gov.in/documents/mina-meena/
documents	https://www.dosje.gov.in/documents/choharka-other-than-sc-and-st-residing-in-the-12-gram-panchayats-in-choharghati-of-mandi-district-hp-viz-bardhan-barot-batheri-dhamchyan-kathog-latran-lapas-ropa-silbadwani-sudha/
documents	https://www.dosje.gov.in/documents/nai-hajjam-naisabita-salmani-sainbarbers-by-caste/
documents	https://www.dosje.gov.in/documents/mochi-excluding-those-in-sch-caste/
documents	https://www.dosje.gov.in/documents/populace-i-e-bangahalias-residing-since-time-immemorial-in-chhotabhangal-and-bara-bhangal-area-of-kangra-district-hp/
documents	https://www.dosje.gov.in/documents/naqqal-3/
documents	https://www.dosje.gov.in/documents/rangrez/
documents	https://www.dosje.gov.in/documents/patwa/
documents	https://www.dosje.gov.in/documents/arak-arakvanshiya-2/
documents	https://www.dosje.gov.in/documents/teli-teli-malik/
documents	https://www.dosje.gov.in/documents/rai-sikh-mahtam/
documents	https://www.dosje.gov.in/documents/bhar-rajbhar-6/
documents	https://www.dosje.gov.in/documents/meo-2/
documents	https://www.dosje.gov.in/documents/agri-2/
documents	https://www.dosje.gov.in/documents/barot-vahivancha-charan-gadhvi-gadhavi-where-they-are-not-scheduled-tribe/
documents	https://www.dosje.gov.in/documents/ahir-ayar-bericha/
documents	https://www.dosje.gov.in/documents/bavri-or-baori/
documents	https://www.dosje.gov.in/documents/bafan-muslim/
documents	https://www.dosje.gov.in/documents/bawa-atit-bawa-goswami-vairagi-bawa-gosai-ramanandi-puri-bharti-kapdi-nath-bawa-bharathari-margi-gangajalia-dashnami-bawa-giri-deshnam-goswami/
documents	https://www.dosje.gov.in/documents/bhamta-pardeshi-bhamta/
documents	https://www.dosje.gov.in/documents/bhalia/
documents	https://www.dosje.gov.in/documents/bhoi-bhoiraj-dhimar-zinga-bhoi-kevat-bhoj-bhanara-bhoi-machhindra-bhoi-palwar-bhoi-kirat-bhoi-kahar-bhoi-pardeshi-bhoi-shrimali-bhoi/
documents	https://www.dosje.gov.in/documents/bharwad-except-where-they-are-sts-motabhai-bharwad-nanabhai-bharwad-gadaria-dhangar/
documents	https://www.dosje.gov.in/documents/charan-gadhvi-charan-where-they-are-not-sts/
documents	https://www.dosje.gov.in/documents/chhara-adodia-sansi/
documents	https://www.dosje.gov.in/documents/chunara/
documents	https://www.dosje.gov.in/documents/chuvalia-koli/
documents	https://www.dosje.gov.in/documents/divecha-koli/
documents	https://www.dosje.gov.in/documents/dafer-hindu-muslim/
documents	https://www.dosje.gov.in/documents/dhobi-5/
documents	https://www.dosje.gov.in/documents/fakir-or-faquirmuslim/
documents	https://www.dosje.gov.in/documents/gadhai-muslim/
documents	https://www.dosje.gov.in/documents/gadalia-or-gadi-luharia/
documents	https://www.dosje.gov.in/documents/galiara-muslim/
documents	https://www.dosje.gov.in/documents/ghanchi-muslim-teli-modh-ghanchi-teli-sahu-teli-rathod-teli-rathore/
documents	https://www.dosje.gov.in/documents/ghedia-koli/
documents	https://www.dosje.gov.in/documents/gola-rana/
documents	https://www.dosje.gov.in/documents/hingora-muslim/
documents	https://www.dosje.gov.in/documents/julaya-garana-tariya-tari-ansari-all-muslims/
documents	https://www.dosje.gov.in/documents/jat-muslim/
documents	https://www.dosje.gov.in/documents/kaikadi-4/
documents	https://www.dosje.gov.in/documents/kambadia-bhagat/
documents	https://www.dosje.gov.in/documents/kangasia/
documents	https://www.dosje.gov.in/documents/khatki-or-kasai-chamadia-khatki-halari-khatki-all-muslim/
documents	https://www.dosje.gov.in/documents/khatik-2/
documents	https://www.dosje.gov.in/documents/khant/
documents	https://www.dosje.gov.in/documents/kharwa-bhadela/
documents	https://www.dosje.gov.in/documents/khristi-gujarati-christian-converts-from-scheduled-castes-only/
documents	https://www.dosje.gov.in/documents/koli-idaria-koli-kharwa-koli-rathwa-koli-baria-koli-bhebaria-koli/
documents	https://www.dosje.gov.in/documents/labana-mehravat-goti-hadkashi-zod-dhinga-pelya-shatbai-baman/
documents	https://www.dosje.gov.in/documents/lodha/
documents	https://www.dosje.gov.in/documents/mir-dhadhi-langha-mirasi-all-muslims/
documents	https://www.dosje.gov.in/documents/machhi-hindu-kharwa-khalas-dhimar-dhivar-bitna-tandel-mangela-khalasi-sarang-kahar/
documents	https://www.dosje.gov.in/documents/madari-nath-bharathari/
documents	https://www.dosje.gov.in/documents/majothi-kumbhar-darbar-or-daban-majothi-all-muslim/
documents	https://www.dosje.gov.in/documents/makrani-muslim/
documents	https://www.dosje.gov.in/documents/matwa-or-matwa-kureshi-muslim-gavli-hindu/
documents	https://www.dosje.gov.in/documents/me-or-meta/
documents	https://www.dosje.gov.in/documents/mena-bhil/
documents	https://www.dosje.gov.in/documents/miyana-miana-muslim/
documents	https://www.dosje.gov.in/documents/jansali-sivania-myangar-jingar-dasania-chamadia-bharatbhara-chandlia-sonari-aaribharatbhara-mochi-except-in-dang-district-umargam-taluka-of-valsad-district-where-they-are-in-sc-list/
documents	https://www.dosje.gov.in/documents/nat-nat-bajania-bajigar-natada-bajania/
documents	https://www.dosje.gov.in/documents/od/
documents	https://www.dosje.gov.in/documents/padmashali-pattushali/
documents	https://www.dosje.gov.in/documents/pinjara-ganchi-pinjara-mansuri-pinjara-all-muslim/
documents	https://www.dosje.gov.in/documents/rabari-where-they-are-not-scheduled-tribes-sorathia-rabari/
documents	https://www.dosje.gov.in/documents/raval-ravalia-jati-or-raval-yogi-rawal-jati-jagaria/
documents	https://www.dosje.gov.in/documents/salat-excluding-sompura-salat/
documents	https://www.dosje.gov.in/documents/sandhi-muslim/
documents	https://www.dosje.gov.in/documents/sarania/
documents	https://www.dosje.gov.in/documents/sargara/
documents	https://www.dosje.gov.in/documents/shrawan-sarwan/
documents	https://www.dosje.gov.in/documents/shikligar/
documents	https://www.dosje.gov.in/documents/siddi-where-they-are-not-scheduled-tribes/
documents	https://www.dosje.gov.in/documents/sipai-patni-jamat-or-turk-jamat-all-muslims/
documents	https://www.dosje.gov.in/documents/talpada-koli-where-they-are-not-scheduled-tribes/
documents	https://www.dosje.gov.in/documents/tankar/
documents	https://www.dosje.gov.in/documents/targala-bhavaiya-nayak-bhojak/
documents	https://www.dosje.gov.in/documents/thakarda-thakore-patanwadia-dharala-baria/
documents	https://www.dosje.gov.in/documents/theba-muslim/
documents	https://www.dosje.gov.in/documents/vadi/
documents	https://www.dosje.gov.in/documents/ahivancha-charan-gadhvi-of-harijan-vankar-and-chamar/
documents	https://www.dosje.gov.in/documents/valand-nayi-hindu-hajam-muslim-khalipha-muslim-babar-hindu/
documents	https://www.dosje.gov.in/documents/vankar-sadhu/
documents	https://www.dosje.gov.in/documents/vansfoda-vansfodia-or-vanza/
documents	https://www.dosje.gov.in/documents/vanzara-and-kangsiwala-hindu-and-vanzara-muslim-of-dangs-district-only/
documents	https://www.dosje.gov.in/documents/waghari-dataniya-waghari-vedu-waghari-talpada-waghari-gamachi-waghari-godadia-waghari-chibhadia-waghari-marada-or-marwada-waghari-wadwa-waghari/
documents	https://www.dosje.gov.in/documents/vaghri-gamicho-vedu-churalia-jhakudia-where-they-are-not-sts/
documents	https://www.dosje.gov.in/documents/wagherhindu-muslim/
documents	https://www.dosje.gov.in/documents/wandhara/
documents	https://www.dosje.gov.in/documents/pakhali/
documents	https://www.dosje.gov.in/documents/sathwara-satawara-sathwara-kadiya-satwara-kadiya-dalwadi-and-kadiya/
documents	https://www.dosje.gov.in/documents/mali-fool-mali-marathi-mali-kach-mali-jire-mali-bagban-rayeen/
documents	https://www.dosje.gov.in/documents/rajbhar-bhar/
documents	https://www.dosje.gov.in/documents/kumbhar-prajapativaria-prajapati-gujjar-prajapati-varia-prajapati-sorthia-prajapati-sorathiya-prajapati/
documents	https://www.dosje.gov.in/documents/lakhara-lakhwara-laxkar/
documents	https://www.dosje.gov.in/documents/koshti-2/
documents	https://www.dosje.gov.in/documents/swakul-sali-sali/
documents	https://www.dosje.gov.in/documents/kalal/
documents	https://www.dosje.gov.in/documents/vanza-darji-darji-sai-sutar/
documents	https://www.dosje.gov.in/documents/mistri-suthar-sutar-suthar-mistri-gurjar-suthar-sutar-gujjar-gujjar-suthar-sutar/
documents	https://www.dosje.gov.in/documents/luhar-lohar-panchal/
documents	https://www.dosje.gov.in/documents/mahia-maiya-2/
documents	https://www.dosje.gov.in/documents/kachhia-kachhi-kachhi-kushwaha-maurya-koiri/
documents	https://www.dosje.gov.in/documents/bhandari-4/
documents	https://www.dosje.gov.in/documents/kathi/
documents	https://www.dosje.gov.in/documents/bhadbhunja/
documents	https://www.dosje.gov.in/documents/chhipa/
documents	https://www.dosje.gov.in/documents/jagri-2/
documents	https://www.dosje.gov.in/documents/khavas/
documents	https://www.dosje.gov.in/documents/sagar-2/
documents	https://www.dosje.gov.in/documents/arab-muslim/
documents	https://www.dosje.gov.in/documents/nizama-hindu/
documents	https://www.dosje.gov.in/documents/sumra-muslim/
documents	https://www.dosje.gov.in/documents/tamboli/
documents	https://www.dosje.gov.in/documents/banjara-lambadi-lamani-sugali/
documents	https://www.dosje.gov.in/documents/christian-chamar/
documents	https://www.dosje.gov.in/documents/christian-mahar/
documents	https://www.dosje.gov.in/documents/dhangar/
documents	https://www.dosje.gov.in/documents/dhobi-6/
documents	https://www.dosje.gov.in/documents/dhor/
documents	https://www.dosje.gov.in/documents/gauda/
documents	https://www.dosje.gov.in/documents/goggi/
documents	https://www.dosje.gov.in/documents/gosavi/
documents	https://www.dosje.gov.in/documents/kasar/
documents	https://www.dosje.gov.in/documents/koli-koli-patel-koli-machhi-koli-kadia/
documents	https://www.dosje.gov.in/documents/kunbi/
documents	https://www.dosje.gov.in/documents/mitna/
documents	https://www.dosje.gov.in/documents/naidu/
documents	https://www.dosje.gov.in/documents/nath-jogi/
documents	https://www.dosje.gov.in/documents/nhavi-nai/
documents	https://www.dosje.gov.in/documents/yadav-gavli/
documents	https://www.dosje.gov.in/documents/rana/
documents	https://www.dosje.gov.in/documents/luhar-panchal/
documents	https://www.dosje.gov.in/documents/kansara/
documents	https://www.dosje.gov.in/documents/kumbhar-prajapati/
documents	https://www.dosje.gov.in/documents/kapdi/
documents	https://www.dosje.gov.in/documents/khatri-vankar/
documents	https://www.dosje.gov.in/documents/khatri-rangara/
documents	https://www.dosje.gov.in/documents/baria/
documents	https://www.dosje.gov.in/documents/sorthi/
documents	https://www.dosje.gov.in/documents/mali-3/
documents	https://www.dosje.gov.in/documents/kasbati-muslim/
documents	https://www.dosje.gov.in/documents/mansuri-muslim/
documents	https://www.dosje.gov.in/documents/darji/
documents	https://www.dosje.gov.in/documents/vanza/
documents	https://www.dosje.gov.in/documents/khatki-butcher/
documents	https://www.dosje.gov.in/documents/kureshi-muzavar-mogal-thapania-vadhel-muslim/
documents	https://www.dosje.gov.in/documents/fakir/
documents	https://www.dosje.gov.in/documents/khalifa-nai/
documents	https://www.dosje.gov.in/documents/koli-khania/
documents	https://www.dosje.gov.in/documents/salat/
documents	https://www.dosje.gov.in/documents/ahir-brajwasi-gawli-gawali-goli-lingayat-gaoli-gowari-gwari-gowra-gawari-gwara-jadav-yadav-raut-thethwar-gop-gopal/
documents	https://www.dosje.gov.in/documents/badhbhuja-bhunjwa-bhurji-dhuri-or-dhoori-2/
documents	https://www.dosje.gov.in/documents/bairagi-4/
documents	https://www.dosje.gov.in/documents/banjara-kachiriwala-banjara-laman-banjara-bamania-banjara-laman-lambani-banjari-mathura-mathura-labhan-mathura-banjari-navi-banjara-jogi-banjara-nayak-naykada-lambana-lambara-lambhani-labh/
documents	https://www.dosje.gov.in/documents/barai-waarai-wari-chaurasia-tamoli-tamboli-kumavatt-kumavat/
documents	https://www.dosje.gov.in/documents/barhai-sutar-suthar-kunder-vishwakarma-2/
documents	https://www.dosje.gov.in/documents/bhat-charan-charahm-sawli-sutiya-rav-jasondhi-maru-sonia/
documents	https://www.dosje.gov.in/documents/bhatiyara-3/
documents	https://www.dosje.gov.in/documents/bhurtiya-bhutiya-2/
documents	https://www.dosje.gov.in/documents/chippa-chhipa-bhavsar-nilgar-jingar-nirali-ramgari-rangari-rangrez-rangarej-rangraz-rangredh-chippa-sindhi-khatri-2/
documents	https://www.dosje.gov.in/documents/chitari-2/
documents	https://www.dosje.gov.in/documents/chunkar-chungar-choongar-kulbandhiya-rajgir-2/
documents	https://www.dosje.gov.in/documents/dangi-3/
documents	https://www.dosje.gov.in/documents/darji-cheepi-chhipi-chipi-shipi-mavi-namdev-2/
documents	https://www.dosje.gov.in/documents/deshwali-mewati/
documents	https://www.dosje.gov.in/documents/dhobi-excluding-the-area-where-they-are-listed-as-scheduled-castes/
documents	https://www.dosje.gov.in/documents/dholi-dafaali-dufali-gurav-guraw-2/
documents	https://www.dosje.gov.in/documents/gadariya-dhangar-kurmar-hatgar-hatkar-haatkaar-gaadri-gadaria-gari-gayari-dhariya-dhosi-gadariya-gadariya-pal-baghele/
documents	https://www.dosje.gov.in/documents/garpagari-joginath-nathjogi-2/
documents	https://www.dosje.gov.in/documents/ghoshi-2/
documents	https://www.dosje.gov.in/documents/goojar-gurjar-2/
documents	https://www.dosje.gov.in/documents/gusai-gosai-gosain-gosaib-goswami-gowsami-2/
documents	https://www.dosje.gov.in/documents/rangrej-2/
documents	https://www.dosje.gov.in/documents/bhishti-bhishti-abbasi-2/
documents	https://www.dosje.gov.in/documents/chippa-chhipa-2/
documents	https://www.dosje.gov.in/documents/hela-3/
documents	https://www.dosje.gov.in/documents/bhatiyara-4/
documents	https://www.dosje.gov.in/documents/dhobi-7/
documents	https://www.dosje.gov.in/documents/mewati-meo-4/
documents	https://www.dosje.gov.in/documents/pinjara-naddaf-fakir-faquir-behna-dhunia-dhunkar-mansoori/
documents	https://www.dosje.gov.in/documents/kunjara-raine-2/
documents	https://www.dosje.gov.in/documents/manihar-2/
documents	https://www.dosje.gov.in/documents/kasai-kasab-kassab-quasab-qassab-qassab-qureshi/
documents	https://www.dosje.gov.in/documents/mirasi-6/
documents	https://www.dosje.gov.in/documents/barhai-carpenter/
documents	https://www.dosje.gov.in/documents/julaha-momin-julaha-ansari-momin-ansari-2/
documents	https://www.dosje.gov.in/documents/luhar-nagauri-luhar-saifi-multani-luhar/
documents	https://www.dosje.gov.in/documents/tadavi-2/
documents	https://www.dosje.gov.in/documents/deleted-13/
documents	https://www.dosje.gov.in/documents/banjara-mukeri-makrani-2/
documents	https://www.dosje.gov.in/documents/deleted-14/
documents	https://www.dosje.gov.in/documents/agamudayar-including-thozhu-or-thuluva-vellala/
documents	https://www.dosje.gov.in/documents/mochi-2/
documents	https://www.dosje.gov.in/documents/dhangar-2/
documents	https://www.dosje.gov.in/documents/ambalakarar-ambalakaranincluding-servai/
documents	https://www.dosje.gov.in/documents/kalaigar-2/
documents	https://www.dosje.gov.in/documents/dhobi-rajak-madval-including-christian-dhobies/
documents	https://www.dosje.gov.in/documents/alitkar/
documents	https://www.dosje.gov.in/documents/nalband-6/
documents	https://www.dosje.gov.in/documents/nhavi-nai-nabhik-napit-mahalo-barber-including-christians/
documents	https://www.dosje.gov.in/documents/mirdha-excluding-jat-muslim/
documents	https://www.dosje.gov.in/documents/bajania/
documents	https://www.dosje.gov.in/documents/nathjogi/
documents	https://www.dosje.gov.in/documents/andi-pandaram/
documents	https://www.dosje.gov.in/documents/buttal/
documents	https://www.dosje.gov.in/documents/kumbhar-including-christians/
documents	https://www.dosje.gov.in/documents/arayar-arayan-nulayar-in-kanniyakumari-district-and-shencottah-taluk-of-tirunelveli-district/
documents	https://www.dosje.gov.in/documents/kadere-kadore-dhunkar-dhuniya-dhanka-2/
documents	https://www.dosje.gov.in/documents/bailapatar-bailpatar-bilapatar/
documents	https://www.dosje.gov.in/documents/aryavathi-in-kanniyakumari-district-and-shencottah-taluk-of-tirunelveli-district/
documents	https://www.dosje.gov.in/documents/bhavaiya-targala/
documents	https://www.dosje.gov.in/documents/bairagi-bava-bavaji-byaragi-bavani/
documents	https://www.dosje.gov.in/documents/kalar-kalal-dudsena/
documents	https://www.dosje.gov.in/documents/attur-kilnad-koravar-in-salem-south-arcot-ramanathapuram-kamarajar-and-pasumpon-muthuramadigam-district/
documents	https://www.dosje.gov.in/documents/balasanthoshi/
documents	https://www.dosje.gov.in/documents/badagar/
documents	https://www.dosje.gov.in/documents/kalota-kolta-koltta/
documents	https://www.dosje.gov.in/documents/bhavin/
documents	https://www.dosje.gov.in/documents/bhatraju-other-than-kshatriya-raju/
documents	https://www.dosje.gov.in/documents/bazigar/
documents	https://www.dosje.gov.in/documents/bhisti-or-pakhali/
documents	https://www.dosje.gov.in/documents/teli-5/
documents	https://www.dosje.gov.in/documents/shimpi/
documents	https://www.dosje.gov.in/documents/basdewa-vasudeva/
documents	https://www.dosje.gov.in/documents/mahar-including-christians-and-excluding-those-who-are-already-included-in-sc-list/
documents	https://www.dosje.gov.in/documents/bhadbhunja-bhurjawa-bhurji-bharadbhunga-bhuranji-bhunj-bhujwa/
documents	https://www.dosje.gov.in/documents/pagui-gabit/
documents	https://www.dosje.gov.in/documents/bhanta/
documents	https://www.dosje.gov.in/documents/kalaikar/
documents	https://www.dosje.gov.in/documents/billava-2/
documents	https://www.dosje.gov.in/documents/bedaru-valimiki-barki-parivara-bendar-berad-boya-naikamakkalu-naikwadi-palegar-ramoshi-talwar-valmikimakkalum-vedan-parivara-nayaka-talawara-myasa-nayaka-urs-nayaka-byada-bargi-hirs/
documents	https://www.dosje.gov.in/documents/karmariya/
documents	https://www.dosje.gov.in/documents/beria/
documents	https://www.dosje.gov.in/documents/bandari-naik-blacksmith-tinsmith/
documents	https://www.dosje.gov.in/documents/kasabi-kisbi-2/
documents	https://www.dosje.gov.in/documents/christian-renders-who-are-actually-in-the-profession-of-toddy-tapping/
documents	https://www.dosje.gov.in/documents/kharol-3/
documents	https://www.dosje.gov.in/documents/thakar/
documents	https://www.dosje.gov.in/documents/vishwakarma-chari-mesta/
documents	https://www.dosje.gov.in/documents/ahom/
documents	https://www.dosje.gov.in/documents/baria-2/
documents	https://www.dosje.gov.in/documents/barui/
documents	https://www.dosje.gov.in/documents/barjubi/
documents	https://www.dosje.gov.in/documents/chutia-chutiya/
documents	https://www.dosje.gov.in/documents/choudang/
documents	https://www.dosje.gov.in/documents/ganak-in-districts-of-cachar-karimganj-hailakandi/
documents	https://www.dosje.gov.in/documents/ghosh-gop-gowala-gawala-goal-goala/
documents	https://www.dosje.gov.in/documents/khatiya-khati-khathiya/
documents	https://www.dosje.gov.in/documents/kupadhar-kushiari-parh-2/
documents	https://www.dosje.gov.in/documents/kirar-kirad-dhakar-dhakad/
documents	https://www.dosje.gov.in/documents/manipuri-including-manipuri-brahmin-manipuri-muslim/
documents	https://www.dosje.gov.in/documents/moran-matak/
documents	https://www.dosje.gov.in/documents/koshta-kosta-kosti-koshti-devangan-dewang-salwidewang-mala-padamhali-pademsali-sali-sutsali-salwar-salewar-jendra-jandra-koskati-garhwal-garhewal-garewar/
documents	https://www.dosje.gov.in/documents/mukhi/
documents	https://www.dosje.gov.in/documents/kotwar-kutwar-kotwal/
documents	https://www.dosje.gov.in/documents/napit-2/
documents	https://www.dosje.gov.in/documents/kumhar-prajapati-kumbhar/
documents	https://www.dosje.gov.in/documents/nepali-i-e-thapa-gurung-lama-gaine-rai-chhetri-lihu-magar-lohar-dami-sarki-i-e-cobbler/
documents	https://www.dosje.gov.in/documents/lakhera-lakher-kachera-kacher-2/
documents	https://www.dosje.gov.in/documents/koch-rajbongshi-the-entry-after-restoration-of-caste-community-koch-rajbonshi-w-e-f-03-04-1997-expect-for-the-period-when-ordinance-regarding-inclusion-of-the-caste-community-2/
documents	https://www.dosje.gov.in/documents/lodhi-lodha-lodh-3/
documents	https://www.dosje.gov.in/documents/lohar-luhar-lohpita-gadoley-gadela-lohpata-lohpeta-vishwakarma-hunga-lohar-garola-lohar-vishwakarma-2/
documents	https://www.dosje.gov.in/documents/saloi/
documents	https://www.dosje.gov.in/documents/loniya-luniya-lonia-lunia-odh-odhe-odhiya-ode-odiya-naaniya-muraha-muraaha-mudaha-mudaaha-nunia-nonia/
documents	https://www.dosje.gov.in/documents/mankar-2/
documents	https://www.dosje.gov.in/documents/scheduled-caste-persons-converted-to-christianity-2/
documents	https://www.dosje.gov.in/documents/tea-garden-labourers-tea-garden-tribes-ex-tea-garden-labourers-ex-tea-garden-tribes-as-listed-below/
documents	https://www.dosje.gov.in/documents/arya-mala/
documents	https://www.dosje.gov.in/documents/barhai/
documents	https://www.dosje.gov.in/documents/bhokta/
documents	https://www.dosje.gov.in/documents/bowri/
documents	https://www.dosje.gov.in/documents/bhumij/
documents	https://www.dosje.gov.in/documents/beldar-2/
documents	https://www.dosje.gov.in/documents/bhatta/
documents	https://www.dosje.gov.in/documents/bhaat/
documents	https://www.dosje.gov.in/documents/chandalgada-chandalagade/
documents	https://www.dosje.gov.in/documents/charan-or-gadhavi/
documents	https://www.dosje.gov.in/documents/beshtar-bunde-beshta/
documents	https://www.dosje.gov.in/documents/chippa/
documents	https://www.dosje.gov.in/documents/das-or-dangdidas/
documents	https://www.dosje.gov.in/documents/bhamta-bhomptra-paradeshi-bhampta-bhomptra-takari-uchillian/
documents	https://www.dosje.gov.in/documents/depala/
documents	https://www.dosje.gov.in/documents/devdig-dewadiga/
documents	https://www.dosje.gov.in/documents/dhangar-dhangari-dange-dongari-2/
documents	https://www.dosje.gov.in/documents/budbudki-budbudkala-devari-joshi-budubuduki-bududki-chhetri-garadi/
documents	https://www.dosje.gov.in/documents/devanga-5/
documents	https://www.dosje.gov.in/documents/gujrath-baori/
documents	https://www.dosje.gov.in/documents/chara-chhar-chhara/
documents	https://www.dosje.gov.in/documents/gadri/
documents	https://www.dosje.gov.in/documents/garpagri-garpagari/
documents	https://www.dosje.gov.in/documents/chapper-band-chapper-banda-muslim/
documents	https://www.dosje.gov.in/documents/chitrakathijoshi/
documents	https://www.dosje.gov.in/documents/gurou-gurav/
documents	https://www.dosje.gov.in/documents/darvesu/
documents	https://www.dosje.gov.in/documents/gawli-muslim-gawli/
documents	https://www.dosje.gov.in/documents/dombi-dasaru/
documents	https://www.dosje.gov.in/documents/gavandi-gujar-kadiya-2/
documents	https://www.dosje.gov.in/documents/hatkar-hatker/
documents	https://www.dosje.gov.in/documents/durgamurga-burburcha/
documents	https://www.dosje.gov.in/documents/jajak/
documents	https://www.dosje.gov.in/documents/modiga-modikara-modikar/
documents	https://www.dosje.gov.in/documents/jatigar/
documents	https://www.dosje.gov.in/documents/golla-gouli-lingayat-gowli-gauli-kawadiga-gavali-gavli-konar-konnur-krishna-gavali-gopal-yadav-asthanagolla-yadava-adavigolla-gopala-gopali-maniyani/
documents	https://www.dosje.gov.in/documents/javeri/
documents	https://www.dosje.gov.in/documents/jogi-8/
documents	https://www.dosje.gov.in/documents/chigaribetegar-vaghri-wagiri-nirshikari-bagri-baori-phasachari-vagri/
documents	https://www.dosje.gov.in/documents/johari/
documents	https://www.dosje.gov.in/documents/julaha-momin-julaha-ansari-momin-ansari-3/
documents	https://www.dosje.gov.in/documents/helava-holeva/
documents	https://www.dosje.gov.in/documents/javeri-jawari/
documents	https://www.dosje.gov.in/documents/jingar-3/
documents	https://www.dosje.gov.in/documents/kammi/
documents	https://www.dosje.gov.in/documents/kapdi-2/
documents	https://www.dosje.gov.in/documents/johari-2/
documents	https://www.dosje.gov.in/documents/entry-has-been-adjusted-in-the-new-entry-no-65/
documents	https://www.dosje.gov.in/documents/jogi-brahma-kapali-joger-jogtin-kapali-raval-ravalia-sanjogi-jogar-2/
documents	https://www.dosje.gov.in/documents/entry-has-been-adjusted-in-the-new-entry-no-65-2/
documents	https://www.dosje.gov.in/documents/kamati-kaman/
documents	https://www.dosje.gov.in/documents/korchar/
documents	https://www.dosje.gov.in/documents/kanjari-kanjar-kanjir/
documents	https://www.dosje.gov.in/documents/kachora/
documents	https://www.dosje.gov.in/documents/kamati/
documents	https://www.dosje.gov.in/documents/kalkari-kelkari-khelkari/
documents	https://www.dosje.gov.in/documents/koli-christian-koli-chumble-gabit-kharwa-or-kharwi-machimar-koli-mangela-mangala-panbhare-panbhari-son-koli-koli-suryavamshi-vaiti-ahir-koli-pan-koli-bari-khandeshi-koli-kharva-or-kharvi/
documents	https://www.dosje.gov.in/documents/kolhati-kolhatigi/
documents	https://www.dosje.gov.in/documents/koshti-halba-koshti-ladkoshti-gadhewal-koshti-jainkoshti-salevar-padmashali-chanewar-channewar-chenewar/
documents	https://www.dosje.gov.in/documents/korwar-korwari-kaikadi-koragar-yerkala-erakala-kunchi-korva-koramasetty-yerukala/
documents	https://www.dosje.gov.in/documents/kuchhria/
documents	https://www.dosje.gov.in/documents/kumbhar-kumhar/
documents	https://www.dosje.gov.in/documents/kunbi-lewa-kunbi-lewa-patil-lewa-patidar-kurmi/
documents	https://www.dosje.gov.in/documents/nat-natuva/
documents	https://www.dosje.gov.in/documents/natha-panthi-daurigosayi/
documents	https://www.dosje.gov.in/documents/kachi-kachhi-kachhia-2/
documents	https://www.dosje.gov.in/documents/pamlor/
documents	https://www.dosje.gov.in/documents/kasar-kasera-kanchar-kachari/
documents	https://www.dosje.gov.in/documents/meru-mer-2/
documents	https://www.dosje.gov.in/documents/pichguntala-pichigunta-pichuguntala/
documents	https://www.dosje.gov.in/documents/nai-sein-savita-shrivas-mhali-navhi-navi-2/
documents	https://www.dosje.gov.in/documents/nayata-nayada/
documents	https://www.dosje.gov.in/documents/panika-panka/
documents	https://www.dosje.gov.in/documents/labha/
documents	https://www.dosje.gov.in/documents/patka-patki-patwa-2/
documents	https://www.dosje.gov.in/documents/sarania-2/
documents	https://www.dosje.gov.in/documents/ladia-ladhia-lari-laria/
documents	https://www.dosje.gov.in/documents/lakhera/
documents	https://www.dosje.gov.in/documents/pinjara-hindu-pinjara-hindu-kesaria-kosaria/
documents	https://www.dosje.gov.in/documents/shikkaligar-shikalgar-sikkaligara/
documents	https://www.dosje.gov.in/documents/raghwi-raghavi-2/
documents	https://www.dosje.gov.in/documents/lohar-lohar-gada-dodi-khatawali-panchal/
documents	https://www.dosje.gov.in/documents/vadi-2/
documents	https://www.dosje.gov.in/documents/machhi-machimmar-daldi/
documents	https://www.dosje.gov.in/documents/powar-bhoyar-bhoyaar-panwar-2/
documents	https://www.dosje.gov.in/documents/vaidu/
documents	https://www.dosje.gov.in/documents/vasudev/
documents	https://www.dosje.gov.in/documents/lingayat-medhar-batter-burnedgowriga-gowri-gowrimaratha/
documents	https://www.dosje.gov.in/documents/manbhav/
documents	https://www.dosje.gov.in/documents/rajwar-2/
documents	https://www.dosje.gov.in/documents/rautiya-rotiya-2/
documents	https://www.dosje.gov.in/documents/basor/
documents	https://www.dosje.gov.in/documents/marwar-baori/
documents	https://www.dosje.gov.in/documents/me/
documents	https://www.dosje.gov.in/documents/baiga/
documents	https://www.dosje.gov.in/documents/saiees-sayees/
documents	https://www.dosje.gov.in/documents/mahli-mhali/
documents	https://www.dosje.gov.in/documents/baijara/
documents	https://www.dosje.gov.in/documents/halawakki-wakkal-vakkal-gram-vakkal-gam-gowda-gam-gawada-gam-vokkal-grama-vokkalu-gavada-karevakkal-kunchavakkal-attevakkal-shilwakkal-halakkivakkal/
documents	https://www.dosje.gov.in/documents/bondo/
documents	https://www.dosje.gov.in/documents/mahali/
documents	https://www.dosje.gov.in/documents/scheduled-castes-who-have-embraced-christianity-2/
documents	https://www.dosje.gov.in/documents/binjia/
documents	https://www.dosje.gov.in/documents/agasa-lingayat-agasa-sakala-madivala-madivalaru-lingayat-madivala-sakalavadu-tsakala-chakala-vannan-dhobi-parit-rajaka/
documents	https://www.dosje.gov.in/documents/ambalavasi-ambalakarma-ambalakaran/
documents	https://www.dosje.gov.in/documents/birjia/
documents	https://www.dosje.gov.in/documents/sikligar-5/
documents	https://www.dosje.gov.in/documents/mathura-3/
documents	https://www.dosje.gov.in/documents/beddi/
documents	https://www.dosje.gov.in/documents/sodhi-sudi-sundi-sondi/
documents	https://www.dosje.gov.in/documents/anduran/
documents	https://www.dosje.gov.in/documents/namdhari-paik/
documents	https://www.dosje.gov.in/documents/chamar/
documents	https://www.dosje.gov.in/documents/navi-nhavi-nai-nabhik-hajam-kalseru-navliga-kanshi-valand/
documents	https://www.dosje.gov.in/documents/sonar-swarnakar-jhhari-jhhadi-awedhiya-audhiya-jhhani-soni-swarnkar/
documents	https://www.dosje.gov.in/documents/bahurupi/
documents	https://www.dosje.gov.in/documents/chere/
documents	https://www.dosje.gov.in/documents/tarha-tirwali-waddar-2/
documents	https://www.dosje.gov.in/documents/nonia-lonia-luniya-nuniya/
documents	https://www.dosje.gov.in/documents/bathal-battal-batter-battar/
documents	https://www.dosje.gov.in/documents/teli-rathore-sahu-2/
documents	https://www.dosje.gov.in/documents/chick-banik/
documents	https://www.dosje.gov.in/documents/bhaat-bhatraj-bohrot-bhatraju/
documents	https://www.dosje.gov.in/documents/dandari/
documents	https://www.dosje.gov.in/documents/neeli-3/
documents	https://www.dosje.gov.in/documents/neelkanti/
documents	https://www.dosje.gov.in/documents/thathara-thatera-kasar-kasera-tamera-tambatkar-tamrakar-tamer/
documents	https://www.dosje.gov.in/documents/binapatta/
documents	https://www.dosje.gov.in/documents/dusad/
documents	https://www.dosje.gov.in/documents/vasudev-basudeva-basudev-vasudeva-harvola-kapdia-kapdi-gondhli-2/
documents	https://www.dosje.gov.in/documents/bingi/
documents	https://www.dosje.gov.in/documents/ganda/
documents	https://www.dosje.gov.in/documents/agharia-2/
documents	https://www.dosje.gov.in/documents/padharia/
documents	https://www.dosje.gov.in/documents/bogad-bogadi-bagadi-bogodi-bagaadi-bagdi-bagodi-begadi-bagali/
documents	https://www.dosje.gov.in/documents/mowar/
documents	https://www.dosje.gov.in/documents/nat-other-than-those-included-in-the-sc-list-2/
documents	https://www.dosje.gov.in/documents/gonda/
documents	https://www.dosje.gov.in/documents/gond/
documents	https://www.dosje.gov.in/documents/ghansi/
documents	https://www.dosje.gov.in/documents/gorait/
documents	https://www.dosje.gov.in/documents/hari/
documents	https://www.dosje.gov.in/documents/padiar/
documents	https://www.dosje.gov.in/documents/phasechari/
documents	https://www.dosje.gov.in/documents/holra/
documents	https://www.dosje.gov.in/documents/pareet-or-dhobi-including-gujarati-dhobi/
documents	https://www.dosje.gov.in/documents/jolha/
documents	https://www.dosje.gov.in/documents/patkar-somwanshiy-sahasrarjun-kshatriya-patwokari-patewegar-pategar-pattegar-patwi-kshtriya-patkar/
documents	https://www.dosje.gov.in/documents/keot/
documents	https://www.dosje.gov.in/documents/phulari/
documents	https://www.dosje.gov.in/documents/khonyor/
documents	https://www.dosje.gov.in/documents/raikari/
documents	https://www.dosje.gov.in/documents/kawar/
documents	https://www.dosje.gov.in/documents/rachbandhia/
documents	https://www.dosje.gov.in/documents/agnikulakshatriya-palli-vadabalija-bestha-jalari-gangavar-gangaputra-goondla-vanyakulakshtriya-vannekapu-vannereddi-pallikapu-pallireddi-neyyala-and-pattapu/
documents	https://www.dosje.gov.in/documents/karmali/
documents	https://www.dosje.gov.in/documents/balasanthu-bahurupi-3/
documents	https://www.dosje.gov.in/documents/korwa/
documents	https://www.dosje.gov.in/documents/bandara/
documents	https://www.dosje.gov.in/documents/rangari/
documents	https://www.dosje.gov.in/documents/kol/
documents	https://www.dosje.gov.in/documents/raot-rawt-rautia/
documents	https://www.dosje.gov.in/documents/budabukkala-2/
documents	https://www.dosje.gov.in/documents/kalihandi/
documents	https://www.dosje.gov.in/documents/rajaka-chakali-vannar-chakali-vannar/
documents	https://www.dosje.gov.in/documents/kotwal/
documents	https://www.dosje.gov.in/documents/dasari-formerly-engaged-in-bhikshatana/
documents	https://www.dosje.gov.in/documents/rangrej-bhawsar-or-rangari/
documents	https://www.dosje.gov.in/documents/kharia/
documents	https://www.dosje.gov.in/documents/dommara-3/
documents	https://www.dosje.gov.in/documents/kumhar/
documents	https://www.dosje.gov.in/documents/gangiredlavaru-4/
documents	https://www.dosje.gov.in/documents/khodal/
documents	https://www.dosje.gov.in/documents/jangam-whose-traditional-occupation-is-begging-3/
documents	https://www.dosje.gov.in/documents/jogi-9/
documents	https://www.dosje.gov.in/documents/katipapala-3/
documents	https://www.dosje.gov.in/documents/korcha-koracha/
documents	https://www.dosje.gov.in/documents/khond/
documents	https://www.dosje.gov.in/documents/medari-or-mahendra-3/
documents	https://www.dosje.gov.in/documents/koya/
documents	https://www.dosje.gov.in/documents/mondivaru-mondibanda-banda-2/
documents	https://www.dosje.gov.in/documents/kondpan/
documents	https://www.dosje.gov.in/documents/kohor/
documents	https://www.dosje.gov.in/documents/nayi-brahmin-mangali-mangala-bajantri-2/
documents	https://www.dosje.gov.in/documents/kormakar/
documents	https://www.dosje.gov.in/documents/kashan/
documents	https://www.dosje.gov.in/documents/deleted-15/
documents	https://www.dosje.gov.in/documents/lodha-2/
documents	https://www.dosje.gov.in/documents/sangar/
documents	https://www.dosje.gov.in/documents/lodhi/
documents	https://www.dosje.gov.in/documents/madari-7/
documents	https://www.dosje.gov.in/documents/sanjogi/
documents	https://www.dosje.gov.in/documents/mahli/
documents	https://www.dosje.gov.in/documents/sarania-3/
documents	https://www.dosje.gov.in/documents/suppalig-sappaliga/
documents	https://www.dosje.gov.in/documents/mohali/
documents	https://www.dosje.gov.in/documents/sahis-sais-shis/
documents	https://www.dosje.gov.in/documents/vamsharaj-pitchiguntala-2/
documents	https://www.dosje.gov.in/documents/modi/
documents	https://www.dosje.gov.in/documents/mahato/
documents	https://www.dosje.gov.in/documents/pamula-3/
documents	https://www.dosje.gov.in/documents/sapera-nath/
documents	https://www.dosje.gov.in/documents/pardhi-mirshikari-nirshikari/
documents	https://www.dosje.gov.in/documents/malpatharia/
documents	https://www.dosje.gov.in/documents/singiwala/
documents	https://www.dosje.gov.in/documents/dammali-dammala-dammula-damala-peddammavandlu-devaravandlu-yellammavandlu-mutyalammavandlu-2/
documents	https://www.dosje.gov.in/documents/majwar/
documents	https://www.dosje.gov.in/documents/swakul-sali/
documents	https://www.dosje.gov.in/documents/mirdhar/
documents	https://www.dosje.gov.in/documents/veeramushti-nettikotalaveerabhadreeya/
documents	https://www.dosje.gov.in/documents/shimpi-bhavgar-shiv-shimpi-namdev-jain-shimpi-shravak-shimpi-shetwal-saitwal-saisutar/
documents	https://www.dosje.gov.in/documents/nonia-nunia-2/
documents	https://www.dosje.gov.in/documents/valmiki-boya-boya-bedar-kirataka-nishadi-yellapi-pedda-boya-talayari-and-chunduvallu-2/
documents	https://www.dosje.gov.in/documents/sonar/
documents	https://www.dosje.gov.in/documents/targala/
documents	https://www.dosje.gov.in/documents/gudala-3/
documents	https://www.dosje.gov.in/documents/thoria/
documents	https://www.dosje.gov.in/documents/kanjara-bhatta-3/
documents	https://www.dosje.gov.in/documents/nagbansi/
documents	https://www.dosje.gov.in/documents/kinthala-kalinga-buragana-kalinga-buragam-kalinga-pandiri-kalinga-kalinga/
documents	https://www.dosje.gov.in/documents/oraon/
documents	https://www.dosje.gov.in/documents/kepmare-or-reddika-3/
documents	https://www.dosje.gov.in/documents/pasi-2/
documents	https://www.dosje.gov.in/documents/tambat-twashta-kasar-kansar-kasar/
documents	https://www.dosje.gov.in/documents/mondepatta-mondipatta/
documents	https://www.dosje.gov.in/documents/paidi/
documents	https://www.dosje.gov.in/documents/thogti-thogati/
documents	https://www.dosje.gov.in/documents/entry-has-been-adjusted-in-the-new-entry-no-65-3/
documents	https://www.dosje.gov.in/documents/nokkar-3/
documents	https://www.dosje.gov.in/documents/pan-2/
documents	https://www.dosje.gov.in/documents/pariki-muggula-2/
documents	https://www.dosje.gov.in/documents/panika/
documents	https://www.dosje.gov.in/documents/wansfoda/
documents	https://www.dosje.gov.in/documents/parja/
documents	https://www.dosje.gov.in/documents/warthi/
documents	https://www.dosje.gov.in/documents/yerkula/
documents	https://www.dosje.gov.in/documents/patratanti/
documents	https://www.dosje.gov.in/documents/rajwar-3/
documents	https://www.dosje.gov.in/documents/bhawasar/
documents	https://www.dosje.gov.in/documents/sahora/
documents	https://www.dosje.gov.in/documents/yata-3/
documents	https://www.dosje.gov.in/documents/santhal-santal/
documents	https://www.dosje.gov.in/documents/chopemari-3/
documents	https://www.dosje.gov.in/documents/kaikadi-5/
documents	https://www.dosje.gov.in/documents/turi/
documents	https://www.dosje.gov.in/documents/joshinandiwala/
documents	https://www.dosje.gov.in/documents/kurhinshetty/
documents	https://www.dosje.gov.in/documents/odde-oddilu-vaddi-vaddelu-vaddera-waddera-3/
documents	https://www.dosje.gov.in/documents/tassa/
documents	https://www.dosje.gov.in/documents/teli-6/
documents	https://www.dosje.gov.in/documents/teli-7/
documents	https://www.dosje.gov.in/documents/maria/
documents	https://www.dosje.gov.in/documents/mandula/
documents	https://www.dosje.gov.in/documents/mehtar-muslim-3/
documents	https://www.dosje.gov.in/documents/yogi-jogi-jugi-nath/
documents	https://www.dosje.gov.in/documents/maimal-muslim-fisherman/
documents	https://www.dosje.gov.in/documents/tanti-2/
documents	https://www.dosje.gov.in/documents/kunapuli-3/
documents	https://www.dosje.gov.in/documents/achukadavandluin-the-districts-of-visakhapatnam-and-guntur-and-confined-to-hindus-only/
documents	https://www.dosje.gov.in/documents/samanthula-samantha-sountia-sauntia-confined-to-srikakulam-district/
documents	https://www.dosje.gov.in/documents/aryakshatriya-chittari-giniyar-chitrakara-nakhas-3/
documents	https://www.dosje.gov.in/documents/deleted-16/
documents	https://www.dosje.gov.in/documents/devanga-6/
documents	https://www.dosje.gov.in/documents/deleted-17/
documents	https://www.dosje.gov.in/documents/goud-ediga-gouda-gamalla-kalalee-goundla-settibalija-of-visakhapatnam-east-godavari-west-godavari-and-krishna-districts-and-srisayana-segidi/
documents	https://www.dosje.gov.in/documents/kurmi-confined-to-krishna-district-only/
documents	https://www.dosje.gov.in/documents/dudekula-laddaf-pinjari-or-noorbash-3/
documents	https://www.dosje.gov.in/documents/sikligar-saikilgar-3/
documents	https://www.dosje.gov.in/documents/gandla-telikula-devathilakula-3/
documents	https://www.dosje.gov.in/documents/patra-4/
documents	https://www.dosje.gov.in/documents/jandra-2/
documents	https://www.dosje.gov.in/documents/atirasa-of-polavaram-gopalapuram-koyyalagudem-buttayagudem-chagallu-mandals-of-west-godavari-distt-and-devipattanam-korukonda-and-gokavaram-mandals-of-east-godavari-distt/
documents	https://www.dosje.gov.in/documents/kummara-or-kulala-or-salivahana/
documents	https://www.dosje.gov.in/documents/sarollu-2/
documents	https://www.dosje.gov.in/documents/vannia-vanniar-vannikula-kshatriya-2/
documents	https://www.dosje.gov.in/documents/karikalabhakthulu-kaikolan-or-kaikala-sengundam-or-sengunther-2/
documents	https://www.dosje.gov.in/documents/gajula-balijawho-are-traditionally-associated-with-selling-of-bangles/
documents	https://www.dosje.gov.in/documents/karnabhakthulu-3/
documents	https://www.dosje.gov.in/documents/deleted-18/
documents	https://www.dosje.gov.in/documents/kurakula-confined-to-srikakulam-vizianagaram-and-visakhapatnam-districts/
documents	https://www.dosje.gov.in/documents/kuruba-or-kuruma-2/
documents	https://www.dosje.gov.in/documents/nagavaddilu/
documents	https://www.dosje.gov.in/documents/deleted-19/
documents	https://www.dosje.gov.in/documents/neelakanthi-3/
documents	https://www.dosje.gov.in/documents/patkar-khatri-2/
documents	https://www.dosje.gov.in/documents/pondara-confined-to-srikakulam-vizianagaram-and-visakhapatnam-districts/
documents	https://www.dosje.gov.in/documents/ayyaraka-confined-to-srikakulam-vizianagaram-visakhapatnam-east-godavari-west-godavari-krishna-guntur-districts-2/
documents	https://www.dosje.gov.in/documents/perika-perika-balija-puragiri-kshatriya-3/
documents	https://www.dosje.gov.in/documents/nessi-or-kurni/
documents	https://www.dosje.gov.in/documents/pala-ekari/
documents	https://www.dosje.gov.in/documents/yadava-golla-2/
documents	https://www.dosje.gov.in/documents/padmasali-sali-salivan-pattusali-senapathulu-thogata-sali-4/
documents	https://www.dosje.gov.in/documents/uppara-or-sagara/
documents	https://www.dosje.gov.in/documents/deleted-20/
documents	https://www.dosje.gov.in/documents/turupu-kapu-and-gajula-kapu-of-srikakulam-vizianagram-visakhapatnam-districts-who-are-subject-to-social-customs-of-divorce-remarriages-among-their-women/
documents	https://www.dosje.gov.in/documents/swakulasali/
documents	https://www.dosje.gov.in/documents/thogata-thogati-or-thogataveerakshatriya-3/
documents	https://www.dosje.gov.in/documents/tammali-non-brahmins-shudra-caste/
documents	https://www.dosje.gov.in/documents/viswabrahmin-or-viswakarma-ausula-or-kamsali-kammari-kanchari-vadla-or-vadra-or-vadrangi-and-silpi/
documents	https://www.dosje.gov.in/documents/satani-chattadasrivaishnava-3/
documents	https://www.dosje.gov.in/documents/rangarez-or-bhavasara-kshatriya-3/
documents	https://www.dosje.gov.in/documents/scheduled-castes-converts-to-christianity-and-their-progeny-3/
documents	https://www.dosje.gov.in/documents/poosala-3/
documents	https://www.dosje.gov.in/documents/agaru/
documents	https://www.dosje.gov.in/documents/neeli-4/
documents	https://www.dosje.gov.in/documents/arekatika-katika-3/
documents	https://www.dosje.gov.in/documents/nagavasam-nagavamsa/
documents	https://www.dosje.gov.in/documents/atagara/
documents	https://www.dosje.gov.in/documents/mudiraj-mutrasi-tenugollu-2/
documents	https://www.dosje.gov.in/documents/bhatraju-2/
documents	https://www.dosje.gov.in/documents/mathura-4/
documents	https://www.dosje.gov.in/documents/chippolumera/
documents	https://www.dosje.gov.in/documents/krishnabhalija-dasari-bukka/
documents	https://www.dosje.gov.in/documents/gavara/
documents	https://www.dosje.gov.in/documents/godaba/
documents	https://www.dosje.gov.in/documents/hatkar-3/
documents	https://www.dosje.gov.in/documents/surya-balija-kalavanthula-ganika-2/
documents	https://www.dosje.gov.in/documents/jakkala/
documents	https://www.dosje.gov.in/documents/koshti-3/
documents	https://www.dosje.gov.in/documents/jingar-4/
documents	https://www.dosje.gov.in/documents/kandra/
documents	https://www.dosje.gov.in/documents/nilgar-neeli-nirali-nili-nirhali/
documents	https://www.dosje.gov.in/documents/koskanti-devanga/
documents	https://www.dosje.gov.in/documents/sutar-suthar/
documents	https://www.dosje.gov.in/documents/futgudi/
documents	https://www.dosje.gov.in/documents/pinjara-pinjari-mansoori-nadaff/
documents	https://www.dosje.gov.in/documents/billala/
documents	https://www.dosje.gov.in/documents/davari-devari/
documents	https://www.dosje.gov.in/documents/teli-teli-lingayat-teli-sahu-teli-rathod-ganiga/
documents	https://www.dosje.gov.in/documents/mali-sub-castes-phul-mali-phule-halade-kacha-kadu-bawane-ad-prabhu-ad-shethi-jire-unde-lingayat-mali-banka-mali-gase-mali-kosare-mali-marar-maral-savta-mali-van-mali-bagban-rayeen/
documents	https://www.dosje.gov.in/documents/talwar-kanade/
documents	https://www.dosje.gov.in/documents/raghavi-in-vidarbha-districts/
documents	https://www.dosje.gov.in/documents/bhandari-6/
documents	https://www.dosje.gov.in/documents/kathar-kathar-wani-kanthahar-wani-lingayat-wani-or-ladwani-excluded/
documents	https://www.dosje.gov.in/documents/fakir-bhandarwala-fakir/
documents	https://www.dosje.gov.in/documents/tamboli-dhakad-mitkari-wani-wani-boral-boraal-borul-borad-2/
documents	https://www.dosje.gov.in/documents/christians-converted-from-scheduled-castes/
documents	https://www.dosje.gov.in/documents/yadav-ahir-2/
documents	https://www.dosje.gov.in/documents/entry-has-been-adjusted-in-the-new-entry-no-65-4/
documents	https://www.dosje.gov.in/documents/berad-bedar-naikwadi-talwar-walmiki/
documents	https://www.dosje.gov.in/documents/bester-besta-besti-bestallu-sanchaluwaddar/
documents	https://www.dosje.gov.in/documents/kaikadi-mumbai-thana-kolaba-ratnagiri-nashik-dhule-jalgaon-pune-ahmednagar-satara-sangli-kolhapur-sholapur-aurangabad-beed-parbhani-osmanabad-nanded-districts-and-rajura-tehsil-of-ch/
documents	https://www.dosje.gov.in/documents/chhara-kanjar-kanjar-bhat-nat/
documents	https://www.dosje.gov.in/documents/banjara-banjari-goar-banjara-lambada-lambara-lambade-lambhani-charan-banjara-labhan-mathura-labhani-mathura-banjara-kachikiwale-banjara-laman-banjara-laman-lamani-laban-dhali-dhalia-dhalia-banjara/
documents	https://www.dosje.gov.in/documents/raj-pardhi-gaon-pardhi-haran-shikari/
documents	https://www.dosje.gov.in/documents/rajput-bhamta-pardeshi-bhamta-pardeshi-bhamti/
documents	https://www.dosje.gov.in/documents/vaghari-salat-salat-vaghri/
documents	https://www.dosje.gov.in/documents/gosavi-bava-bairagi-bharati-girigosavi-bharati-gosavi-saraswati-parbat-sagar-ban-or-van-teerth-ashram-gosavi-puri-gusai-gosai-nathpanthi-gosavi/
documents	https://www.dosje.gov.in/documents/beldar-muslim-beldar-od/
documents	https://www.dosje.gov.in/documents/bharadi-balasantoshi-kinggriwale-nath-bava-nath-jogi-nath-pandhi-davari-gosavi/
documents	https://www.dosje.gov.in/documents/chitrakathi/
documents	https://www.dosje.gov.in/documents/ghisadi-lohar-gadi-lohar-ghitodi-lohar-rajput-lohar-chitodiya-lohar-2/
documents	https://www.dosje.gov.in/documents/golla-gollewar-goler-golkar/
documents	https://www.dosje.gov.in/documents/gopal-gopal-bhorpi-khelkari/
documents	https://www.dosje.gov.in/documents/helve-hilav/
documents	https://www.dosje.gov.in/documents/joshi-budbudki-damruwale-sahedev-joshi-sarvade-saroda-kudmude/
documents	https://www.dosje.gov.in/documents/kolhati-dombari/
documents	https://www.dosje.gov.in/documents/mairal-dangat-vir/
documents	https://www.dosje.gov.in/documents/masanjogi-sudgadsiddha-mapanjogi-sharadakar-shardakar-shardakal-balasantu-2/
documents	https://www.dosje.gov.in/documents/nandiwale-tirmal/
documents	https://www.dosje.gov.in/documents/raval-raul-or-raval-yogi/
documents	https://www.dosje.gov.in/documents/thakkar-in-ratnagiri-district-only/
documents	https://www.dosje.gov.in/documents/vasudeo/
documents	https://www.dosje.gov.in/documents/agharia-agaria-aghria/
documents	https://www.dosje.gov.in/documents/aranedan/
documents	https://www.dosje.gov.in/documents/asur/
documents	https://www.dosje.gov.in/documents/badhai-barhai-bindhania-sutradhar-badhira-badhria/
documents	https://www.dosje.gov.in/documents/badasuda/
documents	https://www.dosje.gov.in/documents/baipari/
documents	https://www.dosje.gov.in/documents/baira/
documents	https://www.dosje.gov.in/documents/bairagi-5/
documents	https://www.dosje.gov.in/documents/bariji-or-barui-tambuli-tamali/
documents	https://www.dosje.gov.in/documents/barika-bhandari-napit-nai/
documents	https://www.dosje.gov.in/documents/bellara/
documents	https://www.dosje.gov.in/documents/bentkar/
documents	https://www.dosje.gov.in/documents/bhatua/
documents	https://www.dosje.gov.in/documents/bhogta/
documents	https://www.dosje.gov.in/documents/bhokta-2/
documents	https://www.dosje.gov.in/documents/bhujan/
documents	https://www.dosje.gov.in/documents/bhuliya/
documents	https://www.dosje.gov.in/documents/birjhia/
documents	https://www.dosje.gov.in/documents/bissoy-barangi-jodia-bennangi-daduva-frangi-hollar-jhoriya-kollai-konde-paranga-pengajodia-sodojodia-takoara/
documents	https://www.dosje.gov.in/documents/national-survey-conducted-under-namaste-scheme-2615/
documents	https://www.dosje.gov.in/documents/sewer-and-septic-tank-workers-2648/
documents	https://www.dosje.gov.in/documents/binedhanies/
documents	https://www.dosje.gov.in/documents/bogada/
documents	https://www.dosje.gov.in/documents/bolodhia/
documents	https://www.dosje.gov.in/documents/buruashankar-barna-suankar/
documents	https://www.dosje.gov.in/documents/byagari/
documents	https://www.dosje.gov.in/documents/chaupal/
documents	https://www.dosje.gov.in/documents/chero/
documents	https://www.dosje.gov.in/documents/cheruman/
documents	https://www.dosje.gov.in/documents/chikbaraik/
documents	https://www.dosje.gov.in/documents/chik/
documents	https://www.dosje.gov.in/documents/chitra-chitrakar-chitrasilpi/
documents	https://www.dosje.gov.in/documents/dahalia/
documents	https://www.dosje.gov.in/documents/darji-2/
documents	https://www.dosje.gov.in/documents/damal/
documents	https://www.dosje.gov.in/documents/dangua/
documents	https://www.dosje.gov.in/documents/dehuri/
documents	https://www.dosje.gov.in/documents/dhakhada/
documents	https://www.dosje.gov.in/documents/dhaner/
documents	https://www.dosje.gov.in/documents/dumala-dumal/
documents	https://www.dosje.gov.in/documents/ghatwar-2/
documents	https://www.dosje.gov.in/documents/girigiris/
documents	https://www.dosje.gov.in/documents/godda/
documents	https://www.dosje.gov.in/documents/gola-golla-gope-gop-sadgope-sadgop-ahir-gour-gouda-goudo-mekala-golla-punnu-golla-yadav-laxminarayan-gola-and-goudia-gola-gopal-gopala-sholakhandia-maghada-gouda-dumal-gouda-mathurap/
documents	https://www.dosje.gov.in/documents/gudiaor-guria-gurja-gunju/
documents	https://www.dosje.gov.in/documents/gosangi/
documents	https://www.dosje.gov.in/documents/gondu-bato-bhirthya-budho-kouriya-hato-jatako-joria/
documents	https://www.dosje.gov.in/documents/habra/
documents	https://www.dosje.gov.in/documents/hansi-tanti-sukulivina-tulabhina-rangani-dera-dewanga-dewangulu-kosta-kusta-kustha-kostha-salia-patsalia-buna-bunkar-bunkara-bangali-tanti-bangiya-tanti-matibansa-tanti-asina-tanti-as/
documents	https://www.dosje.gov.in/documents/holeya/
documents	https://www.dosje.gov.in/documents/irula/
documents	https://www.dosje.gov.in/documents/bhoi-boi-zinga-bhoi-pardeshi-bhoi-raj-bhoi-kahar-gadia-kahare-dhuria-kahar-kirat-machwa-manzi-jatia-kewat-dhiwar-dhiwar-bhoi-dheewar-dhimar-palewar-machhendra-navadi-malhar-malhav/
documents	https://www.dosje.gov.in/documents/thelariin-dhulia-nasik-jalgaon-and-aurangabad-district/
documents	https://www.dosje.gov.in/documents/otari-otankar-otkar-vatari-ojhari-vatkar-vatkari-votankar-vatokar-otkari-otokar-vatokaar/
documents	https://www.dosje.gov.in/documents/dhangar-dhanwar-ahir-telwar-hatkar-hatker-tellari-kanade-kurmar-sangar-kokni-dhangar-varahade-dhangar-sagar-segar-2/
documents	https://www.dosje.gov.in/documents/powar-bhoyar-pawar-bhoyar-note-entry-no-216-does-not-include-persons-having-their-surnames-as-pawar-or-powar-but-not-belonging-to-aforesaid-caste-community/
documents	https://www.dosje.gov.in/documents/khatik-khatik-muslim-other-than-those-who-are-included-in-the-list-of-scheduled-castes-for-maharashtra-kasai-kasai-qureshi-qureshi-kasab/
documents	https://www.dosje.gov.in/documents/pahad-pahadi/
documents	https://www.dosje.gov.in/documents/kalal-kalar-sav-kalar-jain-kalar-2/
documents	https://www.dosje.gov.in/documents/kohli-this-does-not-cover-members-of-the-khatri-caste-community-who-originally-belong-to-the-punjab-and-use-kohli-as-a-title-surname/
documents	https://www.dosje.gov.in/documents/yellam-yelam-yalam-yallam/
documents	https://www.dosje.gov.in/documents/odevar/
documents	https://www.dosje.gov.in/documents/govari-gawari/
documents	https://www.dosje.gov.in/documents/muslim-madari-gaarudi-saapwale-jadoogar/
documents	https://www.dosje.gov.in/documents/bawarchi-bhatiara-muslim/
documents	https://www.dosje.gov.in/documents/bhoyar/
documents	https://www.dosje.gov.in/documents/dommara-4/
documents	https://www.dosje.gov.in/documents/bhaldar/
documents	https://www.dosje.gov.in/documents/darwesi-vaghwale-shah-muslim-religion-aashwalwale/
documents	https://www.dosje.gov.in/documents/udasi/
documents	https://www.dosje.gov.in/documents/kunkuwale/
documents	https://www.dosje.gov.in/documents/hanbar/
documents	https://www.dosje.gov.in/documents/gadariya/
documents	https://www.dosje.gov.in/documents/kulekdagi-kullekadgi-kullakadagi-kuladagi/
documents	https://www.dosje.gov.in/documents/lad-shakhiy-wani/
documents	https://www.dosje.gov.in/documents/mujawar/
documents	https://www.dosje.gov.in/documents/muslim-religion-bhangi-mehtar-lalbeg-halalkhor-khakrob-the-members-of-which-are-actually-in-the-safai-karamchari-profession/
documents	https://www.dosje.gov.in/documents/dhawad-2/
documents	https://www.dosje.gov.in/documents/manyaar-hindu-2/
documents	https://www.dosje.gov.in/documents/vedu-waaghari/
documents	https://www.dosje.gov.in/documents/lazad-2/
documents	https://www.dosje.gov.in/documents/jadapus/
documents	https://www.dosje.gov.in/documents/jogi-or-yogi/
documents	https://www.dosje.gov.in/documents/kadan/
documents	https://www.dosje.gov.in/documents/abdal-2/
documents	https://www.dosje.gov.in/documents/aghori-2/
documents	https://www.dosje.gov.in/documents/kasabkasai-muslim/
documents	https://www.dosje.gov.in/documents/kadar-2/
documents	https://www.dosje.gov.in/documents/kaivartta-kaibartta-2/
documents	https://www.dosje.gov.in/documents/kaura-2/
documents	https://www.dosje.gov.in/documents/kochh-2/
documents	https://www.dosje.gov.in/documents/korku-2/
documents	https://www.dosje.gov.in/documents/kagzi-2/
documents	https://www.dosje.gov.in/documents/kamar-lohar-karmkar-visvakarma/
documents	https://www.dosje.gov.in/documents/kushwaha-koeri-2/
documents	https://www.dosje.gov.in/documents/kapadia/
documents	https://www.dosje.gov.in/documents/khatik-3/
documents	https://www.dosje.gov.in/documents/khatwa-2/
documents	https://www.dosje.gov.in/documents/khatwe/
documents	https://www.dosje.gov.in/documents/khadwar-only-in-the-districts-of-sivan-rohtas/
documents	https://www.dosje.gov.in/documents/khelta-2/
documents	https://www.dosje.gov.in/documents/gaddi-4/
documents	https://www.dosje.gov.in/documents/gangai-ganesh-2/
documents	https://www.dosje.gov.in/documents/gorh-gonrh-only-in-the-districts-of-saran-rohtas/
documents	https://www.dosje.gov.in/documents/goud-2/
documents	https://www.dosje.gov.in/documents/chik-muslim-2/
documents	https://www.dosje.gov.in/documents/chandrabanshi-kahar-2/
documents	https://www.dosje.gov.in/documents/chanou-2/
documents	https://www.dosje.gov.in/documents/jogi-jugi-2/
documents	https://www.dosje.gov.in/documents/tikulhar-2/
documents	https://www.dosje.gov.in/documents/dhekaru-2/
documents	https://www.dosje.gov.in/documents/tanti-tatwa-tati-tatin-2/
documents	https://www.dosje.gov.in/documents/tamariya-2/
documents	https://www.dosje.gov.in/documents/tamoli-tamboli-3/
documents	https://www.dosje.gov.in/documents/deleted-21/
documents	https://www.dosje.gov.in/documents/devhar/
documents	https://www.dosje.gov.in/documents/dhanuk-4/
documents	https://www.dosje.gov.in/documents/dhunia-muslim-2/
documents	https://www.dosje.gov.in/documents/dhankar-2/
documents	https://www.dosje.gov.in/documents/dhimar-2/
documents	https://www.dosje.gov.in/documents/nai-5/
documents	https://www.dosje.gov.in/documents/nat-muslim-2/
documents	https://www.dosje.gov.in/documents/naiya-2/
documents	https://www.dosje.gov.in/documents/prajapati-kumhar/
documents	https://www.dosje.gov.in/documents/pinganiya-2/
documents	https://www.dosje.gov.in/documents/pradhan-2/
documents	https://www.dosje.gov.in/documents/pahira-2/
documents	https://www.dosje.gov.in/documents/shekhra-3/
documents	https://www.dosje.gov.in/documents/bari-4/
documents	https://www.dosje.gov.in/documents/bind-4/
documents	https://www.dosje.gov.in/documents/barai/
documents	https://www.dosje.gov.in/documents/bhar-3/
documents	https://www.dosje.gov.in/documents/bhat-bhatt/
documents	https://www.dosje.gov.in/documents/mallah-surhiya-kewat-murawari-2/
documents	https://www.dosje.gov.in/documents/mehtar-lalbegi-muslim-halalkhor-bhangi/
documents	https://www.dosje.gov.in/documents/majhwar-2/
documents	https://www.dosje.gov.in/documents/mangar-magar-2/
documents	https://www.dosje.gov.in/documents/maulik-2/
documents	https://www.dosje.gov.in/documents/mauriaro-mauriara/
documents	https://www.dosje.gov.in/documents/momin-muslim-ansari-julaha/
documents	https://www.dosje.gov.in/documents/rajbhar-3/
documents	https://www.dosje.gov.in/documents/rajbanshi-risiya-poliya/
documents	https://www.dosje.gov.in/documents/rangrez-muslim-2/
documents	https://www.dosje.gov.in/documents/rayeen-or-kunjramuslim/
documents	https://www.dosje.gov.in/documents/shivhari-2/
documents	https://www.dosje.gov.in/documents/sonar-sunar-4/
documents	https://www.dosje.gov.in/documents/idrisi-or-darzimuslim/
documents	https://www.dosje.gov.in/documents/christian-converts-from-other-backward-classes-2/
documents	https://www.dosje.gov.in/documents/dangi-4/
documents	https://www.dosje.gov.in/documents/kalal-eraqui-2/
documents	https://www.dosje.gov.in/documents/kulahia-2/
documents	https://www.dosje.gov.in/documents/bondil/
documents	https://www.dosje.gov.in/documents/oddar-including-boya-donga-boya-gorrela-dodda-boya-kalvathila-boya-pedda-boya-oddar-kal-oddar-nellorepet-oddar-and-sooramari-oddar/
documents	https://www.dosje.gov.in/documents/changayampudi-koravar-in-north-arcot-district/
documents	https://www.dosje.gov.in/documents/chavalakarar-in-kanniyakumari-district-and-shencottah-taluk-of-tirunelveli-district/
documents	https://www.dosje.gov.in/documents/converts-to-christianity-from-scheduled-castes-irrespective-of-the-generation-of-conversion-for-the-purpose-of-reservation-of-seats-in-educational-institutions-and-for-seats-in-public-services/
documents	https://www.dosje.gov.in/documents/c-s-i-formerly-s-i-u-c-in-kanniyakumari-district-and-shencottah-taluk-of-tirunelveli-district/
documents	https://www.dosje.gov.in/documents/dasari-including-donga-dasari-and-gudu-dasari/
documents	https://www.dosje.gov.in/documents/dekkani-muslim-2/
documents	https://www.dosje.gov.in/documents/devangar-sedar/
documents	https://www.dosje.gov.in/documents/dobbai-koracha-in-tiruchirappally-and-pudukottai-districts/
documents	https://www.dosje.gov.in/documents/donga-ur-koracha/
documents	https://www.dosje.gov.in/documents/enadi/
documents	https://www.dosje.gov.in/documents/ezhavathy-in-kanyakumari-district-and-shencottah-taluk-of-tirunelveli-district/
documents	https://www.dosje.gov.in/documents/gandarvakottai-koravar-in-thanjavur-tiruchirapally-pudukottai-and-south-arcot-districts/
documents	https://www.dosje.gov.in/documents/gavara-gavarai-kavarai-and-vadugarvaduvar-other-than-kamma-kapu-balija-and-reddi/
documents	https://www.dosje.gov.in/documents/hegde-2/
documents	https://www.dosje.gov.in/documents/inji-koravar-in-thanjavur-tiruchirapalli-and-pudukottai-districts/
documents	https://www.dosje.gov.in/documents/isaivellalar/
documents	https://www.dosje.gov.in/documents/shershahbadi-3/
documents	https://www.dosje.gov.in/documents/nagarthis-does-not-include-maithili-brahmins-immigrant-nagars-from-other-states-who-are-brahmins-baniyas/
documents	https://www.dosje.gov.in/documents/saikalgar-sikligar-muslim-2/
documents	https://www.dosje.gov.in/documents/thakurai-muslim-3/
documents	https://www.dosje.gov.in/documents/adrakhi/
documents	https://www.dosje.gov.in/documents/soyar/
documents	https://www.dosje.gov.in/documents/itfarosh-itafarosh-gadheri-2/
documents	https://www.dosje.gov.in/documents/chhipi-2/
documents	https://www.dosje.gov.in/documents/maila/
documents	https://www.dosje.gov.in/documents/malasar/
documents	https://www.dosje.gov.in/documents/malis-korchia-malis-paido-malis-podda-malis/
documents	https://www.dosje.gov.in/documents/manna-dhora/
documents	https://www.dosje.gov.in/documents/maune/
documents	https://www.dosje.gov.in/documents/matangi/
documents	https://www.dosje.gov.in/documents/mavilan/
documents	https://www.dosje.gov.in/documents/monger/
documents	https://www.dosje.gov.in/documents/mukhadora-mokka-dhora/
documents	https://www.dosje.gov.in/documents/muliya/
documents	https://www.dosje.gov.in/documents/muria/
documents	https://www.dosje.gov.in/documents/nahar/
documents	https://www.dosje.gov.in/documents/nalakeyava/
documents	https://www.dosje.gov.in/documents/nayadi/
documents	https://www.dosje.gov.in/documents/nuhura-nuhuraj/
documents	https://www.dosje.gov.in/documents/ojulu-or-metta-kamasalie/
documents	https://www.dosje.gov.in/documents/padaria-pamaria-pandara/
documents	https://www.dosje.gov.in/documents/pagadai/
documents	https://www.dosje.gov.in/documents/paigarapu/
documents	https://www.dosje.gov.in/documents/pal/
documents	https://www.dosje.gov.in/documents/palasi/
documents	https://www.dosje.gov.in/documents/paliyan/
documents	https://www.dosje.gov.in/documents/palli/
documents	https://www.dosje.gov.in/documents/pambada/
documents	https://www.dosje.gov.in/documents/paniyan/
documents	https://www.dosje.gov.in/documents/paraiyan/
documents	https://www.dosje.gov.in/documents/paravan/
documents	https://www.dosje.gov.in/documents/parhaiya/
documents	https://www.dosje.gov.in/documents/pita/
documents	https://www.dosje.gov.in/documents/raneyar/
documents	https://www.dosje.gov.in/documents/ronas/
documents	https://www.dosje.gov.in/documents/routia/
documents	https://www.dosje.gov.in/documents/sankhari/
documents	https://www.dosje.gov.in/documents/sanyasi-membram/
documents	https://www.dosje.gov.in/documents/sholagar/
documents	https://www.dosje.gov.in/documents/sinke/
documents	https://www.dosje.gov.in/documents/suda/
documents	https://www.dosje.gov.in/documents/sulia/
documents	https://www.dosje.gov.in/documents/sunri-sundi-sundhi/
documents	https://www.dosje.gov.in/documents/teli-telli-kubara-kubera-talakar-sahu-sahoo-bahaldia-baladia-2/
documents	https://www.dosje.gov.in/documents/telaga-pamula-telugu-kachara-telugu-telanga-telenga-only-those-members-of-telugu-telanga-telenga-who-belong-to-the-same-caste-as-telega-pamula-or-telegu-kachara/
documents	https://www.dosje.gov.in/documents/thanu/
documents	https://www.dosje.gov.in/documents/thoti/
documents	https://www.dosje.gov.in/documents/tivoro/
documents	https://www.dosje.gov.in/documents/toda/
documents	https://www.dosje.gov.in/documents/valluvan/
documents	https://www.dosje.gov.in/documents/vettuvan/
documents	https://www.dosje.gov.in/documents/yandi/
documents	https://www.dosje.gov.in/documents/yerna-golta/
documents	https://www.dosje.gov.in/documents/saraka-saraka-tanti-2/
documents	https://www.dosje.gov.in/documents/patara-patra-goudia-patara-asini-patara-aswini-ashwini-patara/
documents	https://www.dosje.gov.in/documents/kurmi-kuruma-chasa-kudumi-kurma-kurmi-mahto-kurmi-khetriya-kurumi-kudumi-kshyatriya-kurum/
documents	https://www.dosje.gov.in/documents/kalanji-kalinji-kalingi/
documents	https://www.dosje.gov.in/documents/ashtralohi-ashtalohi-karmakar-kamila-sunari-sunaree-viswa-brahman-sunari-swarnakar-swaransilpi/
documents	https://www.dosje.gov.in/documents/kalanga/
documents	https://www.dosje.gov.in/documents/bhanja-puran/
documents	https://www.dosje.gov.in/documents/koppula-vellama-kapala-velama-kapulu-elama-koppala-elama-kappula-elama-kupala-velama-kapala-elama-kapala-elaga-koppala-velama/
documents	https://www.dosje.gov.in/documents/kalwarkalal-kalar/
documents	https://www.dosje.gov.in/documents/arua-2/
documents	https://www.dosje.gov.in/documents/alia/
documents	https://www.dosje.gov.in/documents/kalandi-baishanaba-kalandi-vaishnab-tamuli-tamili-bangiya-tambuli-tambili-bangiya-tamboli-bangiya-tamili-tambula/
documents	https://www.dosje.gov.in/documents/belama-2/
documents	https://www.dosje.gov.in/documents/chattada-srivaishnab-2/
documents	https://www.dosje.gov.in/documents/majjula-2/
documents	https://www.dosje.gov.in/documents/bhopa-2/
documents	https://www.dosje.gov.in/documents/kammara-kamara-kamar-kammaro-muli-lohuru-loharo-astolohi-kamar/
documents	https://www.dosje.gov.in/documents/kanakkan/
documents	https://www.dosje.gov.in/documents/kandarpa/
documents	https://www.dosje.gov.in/documents/kanjar/
documents	https://www.dosje.gov.in/documents/karhara-kachara-kachera/
documents	https://www.dosje.gov.in/documents/karmali-2/
documents	https://www.dosje.gov.in/documents/kattunayakan/
documents	https://www.dosje.gov.in/documents/khandnals/
documents	https://www.dosje.gov.in/documents/khatti-khatti/
documents	https://www.dosje.gov.in/documents/khodra-khadura-kharuda/
documents	https://www.dosje.gov.in/documents/khetauri/
documents	https://www.dosje.gov.in/documents/kolam/
documents	https://www.dosje.gov.in/documents/konda-kapu/
documents	https://www.dosje.gov.in/documents/kondareddy-reddy-dhakas/
documents	https://www.dosje.gov.in/documents/koraga/
documents	https://www.dosje.gov.in/documents/kota/
documents	https://www.dosje.gov.in/documents/kudubi/
documents	https://www.dosje.gov.in/documents/kumbhar-kulal-kumbhar-kumbharo-kandha-kumbhar-kumbhakar/
documents	https://www.dosje.gov.in/documents/kundamatia/
documents	https://www.dosje.gov.in/documents/kuraiar/
documents	https://www.dosje.gov.in/documents/kurichchan/
documents	https://www.dosje.gov.in/documents/kuruman-kurumba/
documents	https://www.dosje.gov.in/documents/lakhra/
documents	https://www.dosje.gov.in/documents/lambadi/
documents	https://www.dosje.gov.in/documents/machua/
documents	https://www.dosje.gov.in/documents/magura/
documents	https://www.dosje.gov.in/documents/magatha-goudus-bermia-goudus-boodo-magatha-dongayath-goudu-ladya-goudu-poona-magatha-sana-magatha/
documents	https://www.dosje.gov.in/documents/annual-report-2023-24/
documents	https://www.dosje.gov.in/documents/magadhi-goral/
documents	https://www.dosje.gov.in/documents/maghi-or-meghia/
documents	https://www.dosje.gov.in/documents/bajania-bajenia/
documents	https://www.dosje.gov.in/documents/bhardi-bhargi/
documents	https://www.dosje.gov.in/documents/ghisadi/
documents	https://www.dosje.gov.in/documents/gondali-ghondali-gondaliga-gondhali-gondhalli/
documents	https://www.dosje.gov.in/documents/howgar-hawgar-hawadiga/
documents	https://www.dosje.gov.in/documents/dang-dasar/
documents	https://www.dosje.gov.in/documents/dholi/
documents	https://www.dosje.gov.in/documents/nandiwala-2/
documents	https://www.dosje.gov.in/documents/katabu-katabar/
documents	https://www.dosje.gov.in/documents/masaniayogi/
documents	https://www.dosje.gov.in/documents/kashikapdi-kashikapadi-tirumali/
documents	https://www.dosje.gov.in/documents/kanjirbhat-khanjarbhat-kanjirbhaat/
documents	https://www.dosje.gov.in/documents/sadajoshi/
documents	https://www.dosje.gov.in/documents/takankar/
documents	https://www.dosje.gov.in/documents/vir-veer-veeramasti/
documents	https://www.dosje.gov.in/documents/sansia/
documents	https://www.dosje.gov.in/documents/sarordi-saroda/
documents	https://www.dosje.gov.in/documents/bakadra/
documents	https://www.dosje.gov.in/documents/bawtar/
documents	https://www.dosje.gov.in/documents/bhavin-2/
documents	https://www.dosje.gov.in/documents/agnani/
documents	https://www.dosje.gov.in/documents/ambattan/
documents	https://www.dosje.gov.in/documents/atari-athari/
documents	https://www.dosje.gov.in/documents/aghori-karkarmunda/
documents	https://www.dosje.gov.in/documents/chunchar/
documents	https://www.dosje.gov.in/documents/digwan-jingar/
documents	https://www.dosje.gov.in/documents/chaptegar-chaptegara/
documents	https://www.dosje.gov.in/documents/charodi-mestha/
documents	https://www.dosje.gov.in/documents/chitara/
documents	https://www.dosje.gov.in/documents/chamboti/
documents	https://www.dosje.gov.in/documents/chambukutti/
documents	https://www.dosje.gov.in/documents/chaliyan-teruvan-challiya/
documents	https://www.dosje.gov.in/documents/gabit-gabbit-gapit-gaabit-daaljidaavat/
documents	https://www.dosje.gov.in/documents/gangakula-gangemakkalu-gangamatha-gangaputra-gowrimatha-ambig-ambiga-ambi-barika-rajbhoi-gangamathastha-jalagara-konkankharvi-koli-kolimahadev-maddar-bestha-kabbaliga-kabbili-kabber/
documents	https://www.dosje.gov.in/documents/gosavi-gosayi-gosain-atit/
documents	https://www.dosje.gov.in/documents/gujar-guzar/
documents	https://www.dosje.gov.in/documents/gurav-lingayat-gurav-gurov-tambli-tamballa-gurava-gurou/
documents	https://www.dosje.gov.in/documents/ghadsi-ghadshi/
documents	https://www.dosje.gov.in/documents/giddidki-pingle-pingale/
documents	https://www.dosje.gov.in/documents/goniga-sadu-setty-sadhu-chetty-sadhu-setty-sadhu-chetty-sadhu-shetty-telugu-chetty-telugu-chettiar-telugu-shetty-telugu-setty-telungupatti-chetty-telungu-chetty-telungu-chettiar-24-mane-t/
documents	https://www.dosje.gov.in/documents/ghadi-gadiga-gunagi/
documents	https://www.dosje.gov.in/documents/kasbin/
documents	https://www.dosje.gov.in/documents/kavadi/
documents	https://www.dosje.gov.in/documents/karuva/
documents	https://www.dosje.gov.in/documents/kasai-katik-khatik-katuka-katuga-aray-are-kasai-ari-katikelu-kalal-khatik-kasab-maratti-except-in-south-kanara-district-suryavamsha-kshatriya/
documents	https://www.dosje.gov.in/documents/kasar-kansar-kanchori-kanchera-kanchugara-bogara/
documents	https://www.dosje.gov.in/documents/kadu-konkani/
documents	https://www.dosje.gov.in/documents/kanate/
documents	https://www.dosje.gov.in/documents/karikudumbi/
documents	https://www.dosje.gov.in/documents/honniyar/
documents	https://www.dosje.gov.in/documents/hoovadiga-hugar-hoogar-lingayat-hugar-hoogara-hoogaran-maalgar-lingayat-malgar-mali-phoolmali-phulmali-phulari-phoolari-jeer-lingayat-jeer/
documents	https://www.dosje.gov.in/documents/hanabaru-krishna-golla-anubaru-atanabaru-hanbar-hanabar/
documents	https://www.dosje.gov.in/documents/handevazir/
documents	https://www.dosje.gov.in/documents/kumbara-chakrasali-gunaga-ganagi-kula-kummara-khumara-kumbhar-kumbard-khumbhar-lingayat-kumbar-kumbara-kusavan-kulala-kulalar-moolya-sajjan-kumbara-2/
documents	https://www.dosje.gov.in/documents/kanbi-kulwadi-kunbi/
documents	https://www.dosje.gov.in/documents/kurma-kurmi/
documents	https://www.dosje.gov.in/documents/kutuma/
documents	https://www.dosje.gov.in/documents/kanisan-kaniyar-kaniyaru-kaniya-kaniyanother-than-kollegal-taluqa-of-mysore-district-kanyan-balyaya/
documents	https://www.dosje.gov.in/documents/kotekshatriya-rama-kshatriya-ramaraja-kshatriya-servgar-south-kanara-serugara-north-kanara-koteyar-kotegara-kotegar-other-than-those-included-in-the-list-of-sc-kotekar/
documents	https://www.dosje.gov.in/documents/kudubi-2/
documents	https://www.dosje.gov.in/documents/kolayan-urali/
documents	https://www.dosje.gov.in/documents/kalayiri-koleri-kolari/
documents	https://www.dosje.gov.in/documents/kolla-kollala/
documents	https://www.dosje.gov.in/documents/kavutian/
documents	https://www.dosje.gov.in/documents/kichagara/
documents	https://www.dosje.gov.in/documents/marayan-maravan-2/
documents	https://www.dosje.gov.in/documents/mudhar-2/
documents	https://www.dosje.gov.in/documents/lonari/
documents	https://www.dosje.gov.in/documents/mannan/
documents	https://www.dosje.gov.in/documents/marta/
documents	https://www.dosje.gov.in/documents/ladar-lad-kshatriya-lad-sugandhi-lad-ladaru-ladara-yelegar-3/
documents	https://www.dosje.gov.in/documents/kuruba-excluding-coorg-district-kurub-kurab-kuruban-kurumban-kurumba-lingayat-kuruba-kurubaru-halumatha-dhangar-bharwad-goraya/
documents	https://www.dosje.gov.in/documents/pullavan/
documents	https://www.dosje.gov.in/documents/reinudas/
documents	https://www.dosje.gov.in/documents/patra-5/
documents	https://www.dosje.gov.in/documents/patramela/
documents	https://www.dosje.gov.in/documents/pichati/
documents	https://www.dosje.gov.in/documents/pannekara-konkani/
documents	https://www.dosje.gov.in/documents/panika-2/
documents	https://www.dosje.gov.in/documents/pandaram-pandar-pandara/
documents	https://www.dosje.gov.in/documents/panaba/
documents	https://www.dosje.gov.in/documents/padit/
documents	https://www.dosje.gov.in/documents/panasa-pansa/
documents	https://www.dosje.gov.in/documents/osthan/
documents	https://www.dosje.gov.in/documents/otari/
documents	https://www.dosje.gov.in/documents/nadora-uppunador-upanador-upa-nadavuar-torke-nador-nador-nadavar-nadava/
documents	https://www.dosje.gov.in/documents/nalki/
documents	https://www.dosje.gov.in/documents/mukkavan/
documents	https://www.dosje.gov.in/documents/murrari/
documents	https://www.dosje.gov.in/documents/uppara-uppar-uppera-lingayat-uppara-sunnagara-uppaliyan-beldar-chunar-gavandi-govandi-gavadi-goundi-melusakkare-kallu-kutiga-uppara-melusakkreyavaru-namada-uppara-sunna-uppara-sunnagar/
documents	https://www.dosje.gov.in/documents/tigala-thigala-tigler-vannikula-kshatriya-vanniya-vanniyar-vannia-gounder-gounder-gownder-padayachi-kander-shambhukula-kshatriya-agnikula-kshatriya-dharmaraja-kapu-kurovan-palli-agnivanni-agni/
documents	https://www.dosje.gov.in/documents/tilvi/
documents	https://www.dosje.gov.in/documents/sutsali/
documents	https://www.dosje.gov.in/documents/tachayiri/
documents	https://www.dosje.gov.in/documents/tilari-tirali/
documents	https://www.dosje.gov.in/documents/shanan/
documents	https://www.dosje.gov.in/documents/sudir-sudra/
documents	https://www.dosje.gov.in/documents/sanyasi-3/
documents	https://www.dosje.gov.in/documents/satarkar/
documents	https://www.dosje.gov.in/documents/rajapuri-rajpur-balavalikar/
documents	https://www.dosje.gov.in/documents/saniyaar/
documents	https://www.dosje.gov.in/documents/vokaliga-vakkaliga-sarpa-vokkaliga-rural-areas-only-uppina-kolaga-vokkaliga-gouda-gowda-hallikara/
documents	https://www.dosje.gov.in/documents/maravar/
documents	https://www.dosje.gov.in/documents/idiga-belchad-poojari-desha-bhandari-ediga-eliga-iliga-halepaik-halepaikaru-billava-devar-malayali-billava-deevar-devaramakkalu-divaramakkalu-namdhari-kalal-goundla-goondla-thiyan/
documents	https://www.dosje.gov.in/documents/gatti-gattiyavaru/
documents	https://www.dosje.gov.in/documents/gudigara/
documents	https://www.dosje.gov.in/documents/yeralu/
documents	https://www.dosje.gov.in/documents/scheduled-castes-converts-to-christianity/
documents	https://www.dosje.gov.in/documents/vettuvan-2/
documents	https://www.dosje.gov.in/documents/yekalar-yaklar-egilika/
documents	https://www.dosje.gov.in/documents/velluthedan/
documents	https://www.dosje.gov.in/documents/pategar-patvekari-pattegar-somavamsha-sahasrarjuna-kshatriya/
documents	https://www.dosje.gov.in/documents/devanga-devang-koshti-hutgar-hutkar-jed-lingayat-bilijedaru-jeda-winkar-julohi-hulkar-hatagar-lingayat-hatgar/
documents	https://www.dosje.gov.in/documents/neygi-kurni-thogataru-thogatiga-thogataveera-thogatagera-thogataveera-kshatriya-thogaja-pushpanjali-padma-shali-padma-sali-pattasale-pattasali-lingayat-neygi-nekar-neygi-kurushinasetty-l/
documents	https://www.dosje.gov.in/documents/darzi-bhavasar-kshatriya-chippi-chippiga-simpi-shimpi-lingayat-simpy-sivasimpy-sai-mirai-rangari-rangrez-nilari-namdev-namdev-simpy-rangare-neelagar-lingayat-neelagar-banagara/
documents	https://www.dosje.gov.in/documents/nayinda-lingayat-nayinda-nayanaja-kshatriya-nayanaja-kshatri-hajjam-hajama-nhavi-nadiga-ambattan-mangala-kelasi-kshowrad-kshowrik-kshaurika-kshowrika-chouriya-navalig-navaligara-n/
documents	https://www.dosje.gov.in/documents/ganiga-lingayat-ganiga-ganigar-lingayat-sajjan-sajjanaganigar-teli-gandla-vaniyan/
documents	https://www.dosje.gov.in/documents/viswakarma-akkasale-aksali-lingayat-akkasali-achari-badigar-bailapatra-bailu-akkasali-bailu-kammara-konkani-achar-viswa-brahman-daivagna-brahman-kammar-lingayat-kammara-ausala-kambar-k/
documents	https://www.dosje.gov.in/documents/devadiga-devadigar-moili-moyili-devadig-devali-sappaliga-sheregar-servegar-suplig-padiar-seregara/
documents	https://www.dosje.gov.in/documents/kotari-kottari-kotary-kottary/
documents	https://www.dosje.gov.in/documents/nairy-nairi/
documents	https://www.dosje.gov.in/documents/pinjara-pinjari-nadaf-ladaf-mansoori-dudekula-mansuri/
documents	https://www.dosje.gov.in/documents/kumara-panth-komarpant-komarpaik/
documents	https://www.dosje.gov.in/documents/balija-balajiga-banajiga-bale-balajiga-dasa-banajiga-naidu-bhogam-teluga-kalavanthi-telaga-balija-teluga-banajiga-setty-balija-setty-banajiga-kasban-mannur-munnar-mutrasi-matracha-jan/
documents	https://www.dosje.gov.in/documents/somavamsha-arya-kshatriya-tambat-nalabund-chitragar-chitara-chittari-aryakshatriya-sarige-jeeragar-najabund/
documents	https://www.dosje.gov.in/documents/rajput-2/
documents	https://www.dosje.gov.in/documents/satani-chattada-vaishnava-sattada-vaishnava-sattada-srivaishnava-kadri-vaishnava-chattada-shri-vaishnava-vaishnava-sameraya-sattadaval-sattadavan-2/
documents	https://www.dosje.gov.in/documents/kodagu-kapala/
documents	https://www.dosje.gov.in/documents/kumbri-marati-uttara-kannada-district/
documents	https://www.dosje.gov.in/documents/ghisade/
documents	https://www.dosje.gov.in/documents/jangala-telugu-jangama-pakanathi-jangama/
documents	https://www.dosje.gov.in/documents/dasari-dasaru-chakravadya-dasa/
documents	https://www.dosje.gov.in/documents/hindu-sadaru-2/
documents	https://www.dosje.gov.in/documents/baggaru/
documents	https://www.dosje.gov.in/documents/kumbri-maratha-belonging-to-uttra-kannada-district/
documents	https://www.dosje.gov.in/documents/kulavadi-sudra-marati-belonging-to-uttara-kannada-district/
documents	https://www.dosje.gov.in/documents/bandhari/
documents	https://www.dosje.gov.in/documents/siddi-excluding-uttar-kannada-district/
documents	https://www.dosje.gov.in/documents/pandara-pandar-pendara-pendari-pindari/
documents	https://www.dosje.gov.in/documents/other-muslims-excluding-i-cutchi-memon-ii/
documents	https://www.dosje.gov.in/documents/koyava/
documents	https://www.dosje.gov.in/documents/lingyat-banagar/
documents	https://www.dosje.gov.in/documents/full-mali-baghban-bagban-bagwan/
documents	https://www.dosje.gov.in/documents/andi-andipandaram/
documents	https://www.dosje.gov.in/documents/raya-rawath-ravat-2/
documents	https://www.dosje.gov.in/documents/daveri/
documents	https://www.dosje.gov.in/documents/garudi-garudiga-garadiga-hindu-and-muslim-whose-traditional-occupation-is-snake-charming-and-performing-juggling-and-acrobats/
documents	https://www.dosje.gov.in/documents/amma-kodava/
documents	https://www.dosje.gov.in/documents/banna-kodagu-district/
documents	https://www.dosje.gov.in/documents/kodagu-heggade-kodagu-dist/
documents	https://www.dosje.gov.in/documents/girini-waddar-tudug-woddar-kallu-vaddar-mannu-voddar-bhandi-vaddar/
documents	https://www.dosje.gov.in/documents/billava-3/
documents	https://www.dosje.gov.in/documents/boyar/
documents	https://www.dosje.gov.in/documents/badagar-2/
documents	https://www.dosje.gov.in/documents/bestha-siviar/
documents	https://www.dosje.gov.in/documents/archakari-vellala/
documents	https://www.dosje.gov.in/documents/attur-melnad-koravar-in-salem-district/
documents	https://www.dosje.gov.in/documents/alwar-azhavar-and-alavar-in-kanniyakumari-district-and-sheoncottah-taulk-of-tirunelveli-district/
documents	https://www.dosje.gov.in/documents/dudekula/
documents	https://www.dosje.gov.in/documents/eravallar-except-kanniyakumari-district-and-shencottah-taluk-of-tirunelveli-district-where-the-community-is-a-scheduled-tribe/
documents	https://www.dosje.gov.in/documents/dobba-koravar-in-salem-district/
documents	https://www.dosje.gov.in/documents/dommara-including-domb-dommar/
documents	https://www.dosje.gov.in/documents/c-k-koravar-in-south-arcot-district/
documents	https://www.dosje.gov.in/documents/dabi-koravar-in-thanjavur-trichirapally-pudkukottai-and-north-arcot-district/
documents	https://www.dosje.gov.in/documents/chakkala-2/
documents	https://www.dosje.gov.in/documents/chettu-or-chetty-including-kottar-chetty-elur-chetty-pathira-chetty-valayal-chetty-pudukkadai-chetty-in-kanniyakumari-district-and-shencottah-taluk-of-tirunelveli-district/
documents	https://www.dosje.gov.in/documents/jhetty/
documents	https://www.dosje.gov.in/documents/jambuvanodai/
documents	https://www.dosje.gov.in/documents/jangam/
documents	https://www.dosje.gov.in/documents/idiga/
documents	https://www.dosje.gov.in/documents/illathu-pillaimar-illuvar-ezhuvar-and-illathar/
documents	https://www.dosje.gov.in/documents/gowda-including-gammala-kalali-and-anuppa-gounder/
documents	https://www.dosje.gov.in/documents/hegde-3/
documents	https://www.dosje.gov.in/documents/ganagavar/
documents	https://www.dosje.gov.in/documents/gounder/
documents	https://www.dosje.gov.in/documents/ezhuthachar-in-kanniyakumari-district-and-shencottah-taluk-of-tirunelveli-district/
documents	https://www.dosje.gov.in/documents/ezhuva-in-kanniyakumari-district-and-shencottah-taluk-of-tirunelveli-district/
documents	https://www.dosje.gov.in/documents/kalveli-gounder/
documents	https://www.dosje.gov.in/documents/kambar/
documents	https://www.dosje.gov.in/documents/kammalar-or-viswakarma-viswakammala-including-thattar-porkollar-kannar-karumar-kollar-thacher-kalthacher-kamsala-and-viswabrahmin-2/
documents	https://www.dosje.gov.in/documents/kalinji-dabikoravar-in-thanjavur-and-pudukottai-districts/
documents	https://www.dosje.gov.in/documents/kallar-including-easanattu-kallar-gandarvakkottai-kallar-koottappal-kallar-piramalai-kallar-and-periasooriyur-kallar/
documents	https://www.dosje.gov.in/documents/kalari-kurup-including-kalari-panieker-in-kanniyakumari-district-and-shencottah-taluk-of-tirunelveli-district/
documents	https://www.dosje.gov.in/documents/kalingi/
documents	https://www.dosje.gov.in/documents/kala-koravar-in-thanjavur-tiruchirapally-and-pudukottai-districts/
documents	https://www.dosje.gov.in/documents/kaikolan-kaikolar-sengunthar/
documents	https://www.dosje.gov.in/documents/kaladi/
documents	https://www.dosje.gov.in/documents/jogi-including-jogis/
documents	https://www.dosje.gov.in/documents/kabbera/
documents	https://www.dosje.gov.in/documents/kongu-chettiar-in-coimbatore-and-periyar-district-only/
documents	https://www.dosje.gov.in/documents/kongu-vellalar-including-vellala-gounder-nattu-gounder-narambukkatti-gounder-tirumudi-vellalar-thondu-vellalar-pala-gounder-poosari-gounder-anuppa-vellala-gounder-padaithalai-gounder-chendala/
documents	https://www.dosje.gov.in/documents/khatri/
documents	https://www.dosje.gov.in/documents/kepmari-in-chengalpattu-pudukottai-and-tiruchirapalli-districts/
documents	https://www.dosje.gov.in/documents/kerala-mudali-2/
documents	https://www.dosje.gov.in/documents/kharvi/
documents	https://www.dosje.gov.in/documents/katesar-pattamkatti/
documents	https://www.dosje.gov.in/documents/kavuthiyar/
documents	https://www.dosje.gov.in/documents/kannada-saineegar-kannadiyar-throughout-the-state-and-dasapalanjika-coimbatore-erode-and-nilgiris-districts/
documents	https://www.dosje.gov.in/documents/karuneegar-seer-karuneegar-sri-karuneegar-sarattu-karuneegar-kaikatti-karuneegar-mathu-vazhi-kanakkar-sozhi-kanakkar-and-sunnambu-karuneegar/
documents	https://www.dosje.gov.in/documents/kani-kanisu-kaniyar-panikkar/
documents	https://www.dosje.gov.in/documents/lambadi-2/
documents	https://www.dosje.gov.in/documents/kurumba-where-they-are-not-scheduled-tribes-kurumba-gounder-2/
documents	https://www.dosje.gov.in/documents/labbai-rowthar-and-marakayar-whether-their-spoken-language-is-tamil-or-urdu/
documents	https://www.dosje.gov.in/documents/kunnuvar-mannadi/
documents	https://www.dosje.gov.in/documents/kurhini-chetty/
documents	https://www.dosje.gov.in/documents/kudumbi-in-kanniyakumari-district-and-shencottah-taluk-of-tirunelveli-district/
documents	https://www.dosje.gov.in/documents/kulala-including-kuyavar-kumbarar-and-velar/
documents	https://www.dosje.gov.in/documents/kunchidigar/
documents	https://www.dosje.gov.in/documents/koteyar-2/
documents	https://www.dosje.gov.in/documents/krishnanvaka-in-kanniyakumari-district-and-shencottah-taluk-of-tirunelveli-district/
documents	https://www.dosje.gov.in/documents/koravar-in-chengalpattu-ramanathapuram-kamarajar-pasumpen-mutouramalingam-pudukottai-thanjavur-tiruchirappalli-tirunelveli-madras-madurai-and-the-nilgiris-districts/
documents	https://www.dosje.gov.in/documents/koppala-velama-2/
documents	https://www.dosje.gov.in/documents/koracha/
documents	https://www.dosje.gov.in/documents/mooppan/
documents	https://www.dosje.gov.in/documents/meenavar-parvatharajakulam-pattanavar-sembadavarincluding-converts-to-christianity/
documents	https://www.dosje.gov.in/documents/monda-koravar/
documents	https://www.dosje.gov.in/documents/maravar-including-karumaravar-appanad-kondayamkottai-maravar-and-sembanad-maravar/
documents	https://www.dosje.gov.in/documents/maruthuvar-navithar-mangala-velakkattalavar-velakkattalanair-and-pronopakari/
documents	https://www.dosje.gov.in/documents/male/
documents	https://www.dosje.gov.in/documents/maujagar/
documents	https://www.dosje.gov.in/documents/mapilla/
documents	https://www.dosje.gov.in/documents/mahendra-medara-3/
documents	https://www.dosje.gov.in/documents/malayan-malayar/
documents	https://www.dosje.gov.in/documents/jangama/
documents	https://www.dosje.gov.in/documents/mahratta-non-brahmin-including-namdev-mahratta/
documents	https://www.dosje.gov.in/documents/latin-catholic-in-kanniyakumari-district-and-shencottah-taluk-of-tirunelveli-district/
documents	https://www.dosje.gov.in/documents/panar-except-in-kanniyakumari-district-and-shencottah-taluk-of-tirunelveli-district-where-the-community-is-a-scheduled-caste/
documents	https://www.dosje.gov.in/documents/pannayar-including-kathikarar-in-kanniyakumari-district/
documents	https://www.dosje.gov.in/documents/ovachar/
documents	https://www.dosje.gov.in/documents/pamulu/
documents	https://www.dosje.gov.in/documents/odiya/
documents	https://www.dosje.gov.in/documents/odar-in-kanniyakumari-district-and-shencottah-taluk-of-tirunelveli-district/
documents	https://www.dosje.gov.in/documents/nanjil-mudali-in-kanniyakumari-district-and-shencottah-taluk-of-tirunelveli-district/
documents	https://www.dosje.gov.in/documents/narikoravar/
documents	https://www.dosje.gov.in/documents/nokkar-4/
documents	https://www.dosje.gov.in/documents/nadar-shanar-and-gramani-including-christian-nadar-christian-shanar-and-christian-gramani/
documents	https://www.dosje.gov.in/documents/nagaram/
documents	https://www.dosje.gov.in/documents/naikkar-in-kanniyakumari-district-and-shencottah-taluk-of-tirunelveli-district/
documents	https://www.dosje.gov.in/documents/mukkuvan-mukkuvar-or-mukayar-including-converts-to-christianity/
documents	https://www.dosje.gov.in/documents/muthuraja-muthuracha-muttiriyar-muthiriyar-mutharaiyar/
documents	https://www.dosje.gov.in/documents/mutlakampatti/
documents	https://www.dosje.gov.in/documents/moundadan-chetty/
documents	https://www.dosje.gov.in/documents/sakkaraithamadai-koravar-in-north-arcot-district/
documents	https://www.dosje.gov.in/documents/salem-melnad-koravar-in-madurai-coimbatore-periyar-pudukottai-tiruchirappalli-salem-and-north-arcot-districts/
documents	https://www.dosje.gov.in/documents/sadhu-chetty-including-telugu-chetty-telugupatty-chetty-twenty-four-manai-telugu-chetty/
documents	https://www.dosje.gov.in/documents/sakkaravar-or-kavathi-in-kanniyakumari-district-and-shencottah-taluk-of-tirunelveli-district/
documents	https://www.dosje.gov.in/documents/poraya/
documents	https://www.dosje.gov.in/documents/pulluvar-or-pooluvar-pooluva-gounder/
documents	https://www.dosje.gov.in/documents/pusala/
documents	https://www.dosje.gov.in/documents/perumkollar-in-kanniyakumari-district-and-shencottah-taluk-of-tirunelveli-district/
documents	https://www.dosje.gov.in/documents/ponnai-koravar-in-north-arcot-district/
documents	https://www.dosje.gov.in/documents/paravar-including-converts-to-christianity-except-in-kanniya-kumari-district-and-shenocottah-taluk-of-tirunelveli-district-where-the-community-is-a-scheduled-caste/
documents	https://www.dosje.gov.in/documents/parkavakulam-suruthimar-including-those-suruthimar-who-call-themselves-as-moopanar-nathamar-including-those-nathamar-who-call-themselves-as-nainar-malayamar/
documents	https://www.dosje.gov.in/documents/perike-including-perike-balija/
documents	https://www.dosje.gov.in/documents/pannirandam-chettiar-or-uthama-chettiar/
documents	https://www.dosje.gov.in/documents/thogatta-veerakshatriya/
documents	https://www.dosje.gov.in/documents/tholkollar-in-kanniyakumari-district-and-shencottah-taluk-of-tirunelveli-district/
documents	https://www.dosje.gov.in/documents/thalli-koravar-in-salem-district/
documents	https://www.dosje.gov.in/documents/thogamalai-koravar-or-kepmari-in-tiruchirappalli-and-pudukottai-districts/
documents	https://www.dosje.gov.in/documents/sozhia-chetty/
documents	https://www.dosje.gov.in/documents/sozhia-vellalar-including-sozha-vellalar-vetrilaikarar-kodikalkarar-and-keeraikarar/
documents	https://www.dosje.gov.in/documents/srisayar/
documents	https://www.dosje.gov.in/documents/senaithalaivar-senaikudiyar-and-illaivaniar/
documents	https://www.dosje.gov.in/documents/sourashtra-patnulkarar/
documents	https://www.dosje.gov.in/documents/saranga-palli-koravar/
documents	https://www.dosje.gov.in/documents/sathatha-srivaishnava-including-sathanai-chattadi-and-chattada-srivaishnava/
documents	https://www.dosje.gov.in/documents/savalakkarar/
documents	https://www.dosje.gov.in/documents/salem-uppu-koravar-in-salem-district/
documents	https://www.dosje.gov.in/documents/salivagana-salivahana/
documents	https://www.dosje.gov.in/documents/saliyar-padmasaliyar-pathusaliyar-pattariya-and-adhaviyar/
documents	https://www.dosje.gov.in/documents/vaniyar-vania-chettiar-including-gandla-ganika-telikula-and-chekkalar/
documents	https://www.dosje.gov.in/documents/vallambar/
documents	https://www.dosje.gov.in/documents/valmiki/
documents	https://www.dosje.gov.in/documents/urali-gounder-throughout-the-state-and-orudya-gounder-or-oorudaya-gounder-in-madurai-coimbatore-periyar-tiueechirapalli-pudukottai-and-salem-districts/
documents	https://www.dosje.gov.in/documents/vaduvarpatti-koravar-in-madurai-ramanathauram-pasumpon-muthuramalingam-kamarajar-tirunelveli-tiruchirappalli-and-pudukottai-districts/
documents	https://www.dosje.gov.in/documents/valaiyar-including-chettinad-valaiyar/
documents	https://www.dosje.gov.in/documents/thottiya-naicker-including-rajakambalam-gollavar-sillavar-thockalavar-and-tholuva-naicker-erragollar/
documents	https://www.dosje.gov.in/documents/uppara-uappillia-and-sagara/
documents	https://www.dosje.gov.in/documents/uppukoravar-or-settipalli-koravar-in-thanjavur-pudukottai-madurai-and-north-arcot-districts/
documents	https://www.dosje.gov.in/documents/tholuva-naicker-and-vetalakara-naicker/
documents	https://www.dosje.gov.in/documents/thondaman/
documents	https://www.dosje.gov.in/documents/thoriyar-badaga-thoraiyar-of-nilgiris-thoraiyarplains/
documents	https://www.dosje.gov.in/documents/virakodi-vellala-former-panisaivan-only/
documents	https://www.dosje.gov.in/documents/vokkaligar-including-vakkaligar-okkaligar-kappiliyar-kappiliya-okkaliya-gowda-okkaliya-gowda-okkaliga-gowda-okkaliya-gowder/
documents	https://www.dosje.gov.in/documents/wynad-chetty-the-nilgiris-dist/
documents	https://www.dosje.gov.in/documents/yadava-including-idaiyar-telugu-speaking-idaiyar-known-as-vaduga-ayar-or-vaduga-idaiyar-or-golla-mond-golla-and-asthanthra-golla-2/
documents	https://www.dosje.gov.in/documents/veluthodathu-nair-in-kanniyakumari-district-and-shencottah-taluk-of-tirunelveli-district/
documents	https://www.dosje.gov.in/documents/vetta-koravar-in-salem-district/
documents	https://www.dosje.gov.in/documents/vetuva-gounder-punnan-vettuva-gounder/
documents	https://www.dosje.gov.in/documents/veerasaiva-in-kanniyakumari-district-and-shenocottah-taluk-of-tirunelveli-district/
documents	https://www.dosje.gov.in/documents/vellan-chettiar-agaram-vellan-chettiar/
documents	https://www.dosje.gov.in/documents/varaganeri-koravar-in-tiruchira-palli-and-pudukottai-districts/
documents	https://www.dosje.gov.in/documents/vayalpad-or-nawalpeta-koracha/
documents	https://www.dosje.gov.in/documents/veduvar-vettaikkarar-throughout-the-state-and-vedar-except-in-kanniyakumari-district-and-shencottah-taluk-of-tirunelveli-district-where-the-community-is-a-scheduled-caste/
documents	https://www.dosje.gov.in/documents/vannar-salavai-thozhilalar-including-agasa-madivala-ekali-rajakula-veluthadar-and-rajaka-except-in-kanniyakumari-district-and-shencottah-taluk-in-tirunelveli-district-where-the-community-is-a-s/
documents	https://www.dosje.gov.in/documents/vanniyakula-kshatriya-including-vanniya-vanniyar-vannia-gounder-gounder-or-kander-padayachi-palli-and-agnikula-kshatriya/
documents	https://www.dosje.gov.in/documents/latin-catholic-christian-vannar-in-kanniyakumari-district-2/
documents	https://www.dosje.gov.in/documents/kallar-kula-thondaman-2/
documents	https://www.dosje.gov.in/documents/thiyya/
documents	https://www.dosje.gov.in/documents/pulavar/
documents	https://www.dosje.gov.in/documents/nangudi-vellalar/
documents	https://www.dosje.gov.in/documents/kuga-vellalar/
documents	https://www.dosje.gov.in/documents/battu-turkas/
documents	https://www.dosje.gov.in/documents/devagudi-talayari/
documents	https://www.dosje.gov.in/documents/podikara-vellalar/
documents	https://www.dosje.gov.in/documents/yerukula-2/
documents	https://www.dosje.gov.in/documents/yogeeswarar-2/
documents	https://www.dosje.gov.in/documents/christian-converts-from-any-hindu-backward-classes/
documents	https://www.dosje.gov.in/documents/yavana/
documents	https://www.dosje.gov.in/documents/adi-gaur-brahman/
documents	https://www.dosje.gov.in/documents/ander-kotiyan-ander-kot/
documents	https://www.dosje.gov.in/documents/yati/
documents	https://www.dosje.gov.in/documents/jachak-jaga/
documents	https://www.dosje.gov.in/documents/damani-nagarchi/
documents	https://www.dosje.gov.in/documents/panchal-panchal-brahman-vishwakarma-and-sharma-saifi/
documents	https://www.dosje.gov.in/documents/bhavsar/
documents	https://www.dosje.gov.in/documents/kayastha-2/
documents	https://www.dosje.gov.in/documents/gaur-brahman/
documents	https://www.dosje.gov.in/documents/chungar-2/
documents	https://www.dosje.gov.in/documents/sirvi-dari/
documents	https://www.dosje.gov.in/documents/jat-part-1-3/
documents	https://www.dosje.gov.in/documents/jat-part-2-4/
documents	https://www.dosje.gov.in/documents/jat-part-3-4/
documents	https://www.dosje.gov.in/documents/kharadi-manihar-sakka-bhisti-saqqa-bhisti-bhishti-abbasi-mochi-excluding-scs/
documents	https://www.dosje.gov.in/documents/mansoori-lodh-dyer-rangrez-nilgar/
documents	https://www.dosje.gov.in/documents/tamboli-chaurasia-kurmi-kumrawal/
documents	https://www.dosje.gov.in/documents/gujar-muslim-lobar-muslim-nai-muslim-muasi-muslim-saini-and-bagwan/
documents	https://www.dosje.gov.in/documents/dhobi-excluding-scs/
documents	https://www.dosje.gov.in/documents/kansara-bharawa-wazir/
documents	https://www.dosje.gov.in/documents/pujari-sewak/
documents	https://www.dosje.gov.in/documents/silawat-except-sompura-murtikar-2/
documents	https://www.dosje.gov.in/documents/rayee-rayeen-kunjra/
documents	https://www.dosje.gov.in/documents/bisayati-and-machuara/
documents	https://www.dosje.gov.in/documents/gaddi-5/
documents	https://www.dosje.gov.in/documents/baid-nai/
documents	https://www.dosje.gov.in/documents/baragaon-brahman-rangad-muslim-rao-rajput/
documents	https://www.dosje.gov.in/documents/joshi/
documents	https://www.dosje.gov.in/documents/kasai-hammal-palledar-kasab-qureshi/
documents	https://www.dosje.gov.in/documents/sain-2/
documents	https://www.dosje.gov.in/documents/bairagi-6/
documents	https://www.dosje.gov.in/documents/faqir-faquirkadirischistisand-naqshbandias-are-not-includedkumawatkachhi-kushwaha-kachhi-shakya-maurya/
documents	https://www.dosje.gov.in/documents/sipahi-muslim/
documents	https://www.dosje.gov.in/documents/vachet-palival/
documents	https://www.dosje.gov.in/documents/daroga-rajot/
documents	https://www.dosje.gov.in/documents/sunar-soni/
documents	https://www.dosje.gov.in/documents/kalbi-2/
documents	https://www.dosje.gov.in/documents/chobdar-siddh-rajput-patidar-kulmi-kurmi-and-patel-dangi-anjana-sahu-rathore-as-sub-castes-synonyms-of-teli-ghanchi-kakri-krekani/
documents	https://www.dosje.gov.in/documents/rai-sikhbhatiarakayamkhanimuslim-guru-garu-garg-brahman-sheikh-farooqui-as-a-synonym-of-bhatiara/
documents	https://www.dosje.gov.in/documents/bishnoi/
documents	https://www.dosje.gov.in/documents/rangasami-adbhopa-nishad-bhisti-gayri-mev-sindhi-musalman-deshwali/
documents	https://www.dosje.gov.in/documents/annual-report-2024-25/
documents	https://www.dosje.gov.in/documents/hearing-proceeding-by-honble-chairman-18/
documents	https://www.dosje.gov.in/documents/hearing-proceeding-by-honble-chairman-19/
documents	https://www.dosje.gov.in/documents/hearing-proceeding-by-honble-chairman-20/
documents	https://www.dosje.gov.in/documents/hearing-proceeding-by-honble-chairman-15/
documents	https://www.dosje.gov.in/documents/hearing-proceeding-by-honble-chairman-16/
documents	https://www.dosje.gov.in/documents/hearing-proceeding-by-honble-chairman-17/
documents	https://www.dosje.gov.in/documents/hearing-proceeding-by-honble-chairman-11/
documents	https://www.dosje.gov.in/documents/hearing-proceeding-by-honble-chairman-12/
documents	https://www.dosje.gov.in/documents/hearing-proceeding-by-honble-chairman-13/
documents	https://www.dosje.gov.in/documents/hearing-proceeding-by-honble-chairman-14/
documents	https://www.dosje.gov.in/documents/hearing-proceeding-by-honble-chairman-8/
documents	https://www.dosje.gov.in/documents/hearing-proceeding-by-honble-chairman-9/
documents	https://www.dosje.gov.in/documents/hearing-proceeding-by-honble-chairman-10/
documents	https://www.dosje.gov.in/documents/hearing-proceeding-by-honble-chairman-4/
documents	https://www.dosje.gov.in/documents/hearing-proceeding-by-honble-chairman-5/
documents	https://www.dosje.gov.in/documents/hearing-proceeding-by-honble-chairman-6/
documents	https://www.dosje.gov.in/documents/hearing-proceeding-by-honble-chairman-7/
documents	https://www.dosje.gov.in/documents/hearing-proceeding-by-honble-chairman-2/
documents	https://www.dosje.gov.in/documents/hearing-proceeding-by-honble-chairman-3/
documents	https://www.dosje.gov.in/documents/hearing-proceeding-by-honble-chairman/
documents	https://www.dosje.gov.in/documents/hearing-proceeding-by-honble-chairman-37/
documents	https://www.dosje.gov.in/documents/hearing-proceeding-by-honble-chairman-38/
documents	https://www.dosje.gov.in/documents/hearing-proceeding-by-honble-chairman-39/
documents	https://www.dosje.gov.in/documents/hearing-proceeding-by-honble-chairman-40/
documents	https://www.dosje.gov.in/documents/hearing-proceeding-by-honble-chairman-34/
documents	https://www.dosje.gov.in/documents/hearing-proceeding-by-honble-chairman-35/
documents	https://www.dosje.gov.in/documents/hearing-proceeding-by-honble-chairman-36/
documents	https://www.dosje.gov.in/documents/hearing-proceeding-by-honble-chairman-30/
documents	https://www.dosje.gov.in/documents/hearing-proceeding-by-honble-chairman-31/
documents	https://www.dosje.gov.in/documents/hearing-proceeding-by-honble-chairman-32/
documents	https://www.dosje.gov.in/documents/hearing-proceeding-by-honble-chairman-33/
documents	https://www.dosje.gov.in/documents/hearing-proceeding-by-honble-chairman-27/
documents	https://www.dosje.gov.in/documents/hearing-proceeding-by-honble-chairman-28/
documents	https://www.dosje.gov.in/documents/hearing-proceeding-by-honble-chairman-29/
documents	https://www.dosje.gov.in/documents/hearing-proceeding-by-honble-chairman-23/
documents	https://www.dosje.gov.in/documents/hearing-proceeding-by-honble-chairman-24/
documents	https://www.dosje.gov.in/documents/hearing-proceeding-by-honble-chairman-25/
documents	https://www.dosje.gov.in/documents/hearing-proceeding-by-honble-chairman-26/
documents	https://www.dosje.gov.in/documents/hearing-proceeding-by-honble-chairman-21/
documents	https://www.dosje.gov.in/documents/hearing-proceeding-by-honble-chairman-22/
documents	https://www.dosje.gov.in/documents/hearing-proceeding-by-honble-chairman-58/
documents	https://www.dosje.gov.in/documents/hearing-proceeding-by-honble-chairman-59/
documents	https://www.dosje.gov.in/documents/hearing-proceeding-by-honble-chairman-60/
documents	https://www.dosje.gov.in/documents/hearing-proceeding-by-honble-chairman-54/
documents	https://www.dosje.gov.in/documents/hearing-proceeding-by-honble-chairman-55/
documents	https://www.dosje.gov.in/documents/hearing-proceeding-by-honble-chairman-56/
documents	https://www.dosje.gov.in/documents/hearing-proceeding-by-honble-chairman-57/
documents	https://www.dosje.gov.in/documents/hearing-proceeding-by-honble-chairman-51/
documents	https://www.dosje.gov.in/documents/hearing-proceeding-by-honble-chairman-52/
documents	https://www.dosje.gov.in/documents/hearing-proceeding-by-honble-chairman-53/
documents	https://www.dosje.gov.in/documents/hearing-proceeding-by-honble-chairman-48/
documents	https://www.dosje.gov.in/documents/hearing-proceeding-by-honble-chairman-49/
documents	https://www.dosje.gov.in/documents/hearing-proceeding-by-honble-chairman-50/
documents	https://www.dosje.gov.in/documents/hearing-proceeding-by-honble-chairman-44/
documents	https://www.dosje.gov.in/documents/hearing-proceeding-by-honble-chairman-45/
documents	https://www.dosje.gov.in/documents/hearing-proceeding-by-honble-chairman-46/
documents	https://www.dosje.gov.in/documents/hearing-proceeding-by-honble-chairman-47/
documents	https://www.dosje.gov.in/documents/hearing-proceeding-by-honble-chairman-42/
documents	https://www.dosje.gov.in/documents/hearing-proceeding-by-honble-chairman-43/
documents	https://www.dosje.gov.in/documents/hearing-proceeding-by-honble-chairman-41/
documents	https://www.dosje.gov.in/documents/hearing-proceeding-by-honble-chairman-80/
documents	https://www.dosje.gov.in/documents/hearing-proceeding-by-honble-chairman-76/
documents	https://www.dosje.gov.in/documents/hearing-proceeding-by-honble-chairman-77/
documents	https://www.dosje.gov.in/documents/hearing-proceeding-by-honble-chairman-78/
documents	https://www.dosje.gov.in/documents/hearing-proceeding-by-honble-chairman-79/
documents	https://www.dosje.gov.in/documents/hearing-proceeding-by-honble-chairman-73/
documents	https://www.dosje.gov.in/documents/hearing-proceeding-by-honble-chairman-74/
documents	https://www.dosje.gov.in/documents/hearing-proceeding-by-honble-chairman-75/
documents	https://www.dosje.gov.in/documents/hearing-proceeding-by-honble-chairman-69/
documents	https://www.dosje.gov.in/documents/hearing-proceeding-by-honble-chairman-70/
documents	https://www.dosje.gov.in/documents/hearing-proceeding-by-honble-chairman-71/
documents	https://www.dosje.gov.in/documents/hearing-proceeding-by-honble-chairman-72/
documents	https://www.dosje.gov.in/documents/hearing-proceeding-by-honble-chairman-66/
documents	https://www.dosje.gov.in/documents/hearing-proceeding-by-honble-chairman-67/
documents	https://www.dosje.gov.in/documents/hearing-proceeding-by-honble-chairman-68/
documents	https://www.dosje.gov.in/documents/hearing-proceeding-by-honble-chairman-62/
documents	https://www.dosje.gov.in/documents/hearing-proceeding-by-honble-chairman-63/
documents	https://www.dosje.gov.in/documents/hearing-proceeding-by-honble-chairman-64/
documents	https://www.dosje.gov.in/documents/hearing-proceeding-by-honble-chairman-65/
documents	https://www.dosje.gov.in/documents/hearing-proceeding-by-honble-chairman-61/
documents	https://www.dosje.gov.in/documents/hearing-proceeding-by-honble-chairman-98/
documents	https://www.dosje.gov.in/documents/hearing-proceeding-by-honble-chairman-99/
documents	https://www.dosje.gov.in/documents/hearing-proceeding-by-honble-chairman-100/
documents	https://www.dosje.gov.in/documents/hearing-proceeding-by-honble-chairman-94/
documents	https://www.dosje.gov.in/documents/hearing-proceeding-by-honble-chairman-95/
documents	https://www.dosje.gov.in/documents/hearing-proceeding-by-honble-chairman-96/
documents	https://www.dosje.gov.in/documents/hearing-proceeding-by-honble-chairman-97/
documents	https://www.dosje.gov.in/documents/hearing-proceeding-by-honble-chairman-90/
documents	https://www.dosje.gov.in/documents/hearing-proceeding-by-honble-chairman-91/
documents	https://www.dosje.gov.in/documents/hearing-proceeding-by-honble-chairman-92/
documents	https://www.dosje.gov.in/documents/hearing-proceeding-by-honble-chairman-93/
documents	https://www.dosje.gov.in/documents/hearing-proceeding-by-honble-chairman-86/
documents	https://www.dosje.gov.in/documents/hearing-proceeding-by-honble-chairman-87/
documents	https://www.dosje.gov.in/documents/hearing-proceeding-by-honble-chairman-88/
documents	https://www.dosje.gov.in/documents/hearing-proceeding-by-honble-chairman-89/
documents	https://www.dosje.gov.in/documents/hearing-proceeding-by-honble-chairman-82/
documents	https://www.dosje.gov.in/documents/hearing-proceeding-by-honble-chairman-83/
documents	https://www.dosje.gov.in/documents/hearing-proceeding-by-honble-chairman-84/
documents	https://www.dosje.gov.in/documents/hearing-proceeding-by-honble-chairman-85/
documents	https://www.dosje.gov.in/documents/hearing-proceeding-by-honble-chairman-81/
documents	https://www.dosje.gov.in/documents/hearing-proceeding-by-honble-memberat-19/
documents	https://www.dosje.gov.in/documents/hearing-proceeding-by-honble-memberat-20/
documents	https://www.dosje.gov.in/documents/hearing-proceeding-by-honble-memberat-15/
documents	https://www.dosje.gov.in/documents/hearing-proceeding-by-honble-memberat-16/
documents	https://www.dosje.gov.in/documents/hearing-proceeding-by-honble-memberat-17/
documents	https://www.dosje.gov.in/documents/hearing-proceeding-by-honble-memberat-18/
documents	https://www.dosje.gov.in/documents/hearing-proceeding-by-honble-memberat-12/
documents	https://www.dosje.gov.in/documents/hearing-proceeding-by-honble-memberat-13/
documents	https://www.dosje.gov.in/documents/hearing-proceeding-by-honble-memberat-14/
documents	https://www.dosje.gov.in/documents/hearing-proceeding-by-honble-memberat-8/
documents	https://www.dosje.gov.in/documents/hearing-proceeding-by-honble-memberat-9/
documents	https://www.dosje.gov.in/documents/hearing-proceeding-by-honble-memberat-10/
documents	https://www.dosje.gov.in/documents/hearing-proceeding-by-honble-memberat-11/
documents	https://www.dosje.gov.in/documents/hearing-proceeding-by-honble-memberat-5/
documents	https://www.dosje.gov.in/documents/hearing-proceeding-by-honble-memberat-6/
documents	https://www.dosje.gov.in/documents/hearing-proceeding-by-honble-memberat-7/
documents	https://www.dosje.gov.in/documents/hearing-proceeding-by-honble-memberat-2/
documents	https://www.dosje.gov.in/documents/hearing-proceeding-by-honble-memberat-3/
documents	https://www.dosje.gov.in/documents/hearing-proceeding-by-honble-memberat-4/
documents	https://www.dosje.gov.in/documents/hearing-proceeding-by-honble-memberat/
documents	https://www.dosje.gov.in/documents/hearing-proceeding-by-honble-memberksp-18/
documents	https://www.dosje.gov.in/documents/hearing-proceeding-by-honble-memberksp-15/
documents	https://www.dosje.gov.in/documents/hearing-proceeding-by-honble-memberksp-16/
documents	https://www.dosje.gov.in/documents/hearing-proceeding-by-honble-memberksp-17/
documents	https://www.dosje.gov.in/documents/hearing-proceeding-by-honble-memberksp-11/
documents	https://www.dosje.gov.in/documents/hearing-proceeding-by-honble-memberksp-12/
documents	https://www.dosje.gov.in/documents/hearing-proceeding-by-honble-memberksp-13/
documents	https://www.dosje.gov.in/documents/hearing-proceeding-by-honble-memberksp-14/
documents	https://www.dosje.gov.in/documents/hearing-proceeding-by-honble-memberksp-7/
documents	https://www.dosje.gov.in/documents/hearing-proceeding-by-honble-memberksp-8/
documents	https://www.dosje.gov.in/documents/hearing-proceeding-by-honble-memberksp-9/
documents	https://www.dosje.gov.in/documents/hearing-proceeding-by-honble-memberksp-10/
documents	https://www.dosje.gov.in/documents/hearing-proceeding-by-honble-memberksp-4/
documents	https://www.dosje.gov.in/documents/hearing-proceeding-by-honble-memberksp-5/
documents	https://www.dosje.gov.in/documents/hearing-proceeding-by-honble-memberksp-6/
documents	https://www.dosje.gov.in/documents/hearing-proceeding-by-honble-memberksp/
documents	https://www.dosje.gov.in/documents/hearing-proceeding-by-honble-memberksp-2/
documents	https://www.dosje.gov.in/documents/hearing-proceeding-by-honble-memberksp-3/
documents	https://www.dosje.gov.in/documents/hearing-proceeding-by-honble-memberat-21/
documents	https://www.dosje.gov.in/documents/hearing-proceeding-by-honble-memberat-22/
documents	https://www.dosje.gov.in/documents/hearing-proceeding-by-honble-memberksp-36/
documents	https://www.dosje.gov.in/documents/hearing-proceeding-by-honble-memberksp-37/
documents	https://www.dosje.gov.in/documents/hearing-proceeding-by-honble-memberksp-33/
documents	https://www.dosje.gov.in/documents/hearing-proceeding-by-honble-memberksp-34/
documents	https://www.dosje.gov.in/documents/hearing-proceeding-by-honble-memberksp-35/
documents	https://www.dosje.gov.in/documents/hearing-proceeding-by-honble-memberksp-29/
documents	https://www.dosje.gov.in/documents/hearing-proceeding-by-honble-memberksp-30/
documents	https://www.dosje.gov.in/documents/hearing-proceeding-by-honble-memberksp-31/
documents	https://www.dosje.gov.in/documents/hearing-proceeding-by-honble-memberksp-32/
documents	https://www.dosje.gov.in/documents/hearing-proceeding-by-honble-memberksp-26/
documents	https://www.dosje.gov.in/documents/hearing-proceeding-by-honble-memberksp-27/
documents	https://www.dosje.gov.in/documents/hearing-proceeding-by-honble-memberksp-28/
documents	https://www.dosje.gov.in/documents/hearing-proceeding-by-honble-memberksp-22/
documents	https://www.dosje.gov.in/documents/hearing-proceeding-by-honble-memberksp-23/
documents	https://www.dosje.gov.in/documents/hearing-proceeding-by-honble-memberksp-24/
documents	https://www.dosje.gov.in/documents/hearing-proceeding-by-honble-memberksp-25/
documents	https://www.dosje.gov.in/documents/hearing-proceeding-by-honble-memberksp-19/
documents	https://www.dosje.gov.in/documents/hearing-proceeding-by-honble-memberksp-20/
documents	https://www.dosje.gov.in/documents/hearing-proceeding-by-honble-memberksp-21/
documents	https://www.dosje.gov.in/documents/hearing-proceeding-by-honble-memberksp-50/
documents	https://www.dosje.gov.in/documents/hearing-proceeding-by-honble-memberksp-46/
documents	https://www.dosje.gov.in/documents/hearing-proceeding-by-honble-memberksp-47/
documents	https://www.dosje.gov.in/documents/hearing-proceeding-by-honble-memberksp-48/
documents	https://www.dosje.gov.in/documents/hearing-proceeding-by-honble-memberksp-49/
documents	https://www.dosje.gov.in/documents/hearing-proceeding-by-honble-memberksp-43/
documents	https://www.dosje.gov.in/documents/hearing-proceeding-by-honble-memberksp-44/
documents	https://www.dosje.gov.in/documents/hearing-proceeding-by-honble-memberksp-45/
documents	https://www.dosje.gov.in/documents/hearing-proceeding-by-honble-memberksp-39/
documents	https://www.dosje.gov.in/documents/hearing-proceeding-by-honble-memberksp-40/
documents	https://www.dosje.gov.in/documents/hearing-proceeding-by-honble-memberksp-41/
documents	https://www.dosje.gov.in/documents/hearing-proceeding-by-honble-memberksp-42/
documents	https://www.dosje.gov.in/documents/hearing-proceeding-by-honble-memberksp-38/
documents	https://www.dosje.gov.in/documents/hearing-proceeding-by-honble-vice-chairman-12/
documents	https://www.dosje.gov.in/documents/hearing-proceeding-by-honble-vice-chairman-13/
documents	https://www.dosje.gov.in/documents/hearing-proceeding-by-honble-vice-chairman-14/
documents	https://www.dosje.gov.in/documents/hearing-proceeding-by-honble-vice-chairman-8/
documents	https://www.dosje.gov.in/documents/hearing-proceeding-by-honble-vice-chairman-9/
documents	https://www.dosje.gov.in/documents/hearing-proceeding-by-honble-vice-chairman-10/
documents	https://www.dosje.gov.in/documents/hearing-proceeding-by-honble-vice-chairman-11/
documents	https://www.dosje.gov.in/documents/hearing-proceeding-by-honble-vice-chairman-7/
documents	https://www.dosje.gov.in/documents/hearing-proceeding-by-honble-vice-chairman-6/
documents	https://www.dosje.gov.in/documents/hearing-proceeding-by-honble-vice-chairman-2/
documents	https://www.dosje.gov.in/documents/hearing-proceeding-by-honble-vice-chairman-3/
documents	https://www.dosje.gov.in/documents/hearing-proceeding-by-honble-vice-chairman-4/
documents	https://www.dosje.gov.in/documents/hearing-proceeding-by-honble-vice-chairman-5/
documents	https://www.dosje.gov.in/documents/hearing-proceeding-by-honble-membersy-2/
documents	https://www.dosje.gov.in/documents/hearing-proceeding-by-honble-membersy-3/
documents	https://www.dosje.gov.in/documents/hearing-proceeding-by-honble-vice-chairman/
documents	https://www.dosje.gov.in/documents/hearing-proceeding-by-honble-memberksp-51/
documents	https://www.dosje.gov.in/documents/hearing-proceeding-by-honble-membersy/
documents	https://www.dosje.gov.in/documents/hearing-proceeding-by-honble-vice-chairman-33/
documents	https://www.dosje.gov.in/documents/hearing-proceeding-by-honble-vice-chairman-34/
documents	https://www.dosje.gov.in/documents/hearing-proceeding-by-honble-vice-chairman-30/
documents	https://www.dosje.gov.in/documents/hearing-proceeding-by-honble-vice-chairman-31/
documents	https://www.dosje.gov.in/documents/hearing-proceeding-by-honble-vice-chairman-32/
documents	https://www.dosje.gov.in/documents/hearing-proceeding-by-honble-vice-chairman-27/
documents	https://www.dosje.gov.in/documents/hearing-proceeding-by-honble-vice-chairman-28/
documents	https://www.dosje.gov.in/documents/hearing-proceeding-by-honble-vice-chairman-29/
documents	https://www.dosje.gov.in/documents/hearing-proceeding-by-honble-vice-chairman-25/
documents	https://www.dosje.gov.in/documents/hearing-proceeding-by-honble-vice-chairman-26/
documents	https://www.dosje.gov.in/documents/hearing-proceeding-by-honble-vice-chairman-23/
documents	https://www.dosje.gov.in/documents/hearing-proceeding-by-honble-vice-chairman-24/
documents	https://www.dosje.gov.in/documents/hearing-proceeding-by-honble-vice-chairman-19/
documents	https://www.dosje.gov.in/documents/hearing-proceeding-by-honble-vice-chairman-20/
documents	https://www.dosje.gov.in/documents/hearing-proceeding-by-honble-vice-chairman-21/
documents	https://www.dosje.gov.in/documents/hearing-proceeding-by-honble-vice-chairman-22/
documents	https://www.dosje.gov.in/documents/hearing-proceeding-by-honble-vice-chairman-16/
documents	https://www.dosje.gov.in/documents/hearing-proceeding-by-honble-vice-chairman-17/
documents	https://www.dosje.gov.in/documents/hearing-proceeding-by-honble-vice-chairman-18/
documents	https://www.dosje.gov.in/documents/hearing-proceeding-by-honble-vice-chairman-15/
documents	https://www.dosje.gov.in/documents/hearing-proceeding-by-honble-vice-chairman-53/
documents	https://www.dosje.gov.in/documents/hearing-proceeding-by-honble-vice-chairman-54/
documents	https://www.dosje.gov.in/documents/hearing-proceeding-by-honble-vice-chairman-50/
documents	https://www.dosje.gov.in/documents/hearing-proceeding-by-honble-vice-chairman-51/
documents	https://www.dosje.gov.in/documents/hearing-proceeding-by-honble-vice-chairman-52/
documents	https://www.dosje.gov.in/documents/hearing-proceeding-by-honble-vice-chairman-46/
documents	https://www.dosje.gov.in/documents/hearing-proceeding-by-honble-vice-chairman-47/
documents	https://www.dosje.gov.in/documents/hearing-proceeding-by-honble-vice-chairman-48/
documents	https://www.dosje.gov.in/documents/hearing-proceeding-by-honble-vice-chairman-49/
documents	https://www.dosje.gov.in/documents/hearing-proceeding-by-honble-vice-chairman-45/
documents	https://www.dosje.gov.in/documents/hearing-proceeding-by-honble-vice-chairman-43/
documents	https://www.dosje.gov.in/documents/hearing-proceeding-by-honble-vice-chairman-44/
documents	https://www.dosje.gov.in/documents/hearing-proceeding-by-honble-vice-chairman-40/
documents	https://www.dosje.gov.in/documents/hearing-proceeding-by-honble-vice-chairman-41/
documents	https://www.dosje.gov.in/documents/hearing-proceeding-by-honble-vice-chairman-42/
documents	https://www.dosje.gov.in/documents/hearing-proceeding-by-honble-vice-chairman-36/
documents	https://www.dosje.gov.in/documents/hearing-proceeding-by-honble-vice-chairman-37/
documents	https://www.dosje.gov.in/documents/hearing-proceeding-by-honble-vice-chairman-38/
documents	https://www.dosje.gov.in/documents/hearing-proceeding-by-honble-vice-chairman-39/
documents	https://www.dosje.gov.in/documents/hearing-proceeding-by-honble-vice-chairman-35/
documents	https://www.dosje.gov.in/documents/hearing-proceeding-by-honble-vice-chairman-72/
documents	https://www.dosje.gov.in/documents/hearing-proceeding-by-honble-vice-chairman-73/
documents	https://www.dosje.gov.in/documents/hearing-proceeding-by-honble-vice-chairman-74/
documents	https://www.dosje.gov.in/documents/hearing-proceeding-by-honble-vice-chairman-69/
documents	https://www.dosje.gov.in/documents/hearing-proceeding-by-honble-vice-chairman-70/
documents	https://www.dosje.gov.in/documents/hearing-proceeding-by-honble-vice-chairman-71/
documents	https://www.dosje.gov.in/documents/hearing-proceeding-by-honble-vice-chairman-66/
documents	https://www.dosje.gov.in/documents/hearing-proceeding-by-honble-vice-chairman-67/
documents	https://www.dosje.gov.in/documents/hearing-proceeding-by-honble-vice-chairman-68/
documents	https://www.dosje.gov.in/documents/hearing-proceeding-by-honble-vice-chairman-65/
documents	https://www.dosje.gov.in/documents/hearing-proceeding-by-honble-vice-chairman-62/
documents	https://www.dosje.gov.in/documents/hearing-proceeding-by-honble-vice-chairman-63/
documents	https://www.dosje.gov.in/documents/hearing-proceeding-by-honble-vice-chairman-64/
documents	https://www.dosje.gov.in/documents/hearing-proceeding-by-honble-vice-chairman-58/
documents	https://www.dosje.gov.in/documents/hearing-proceeding-by-honble-vice-chairman-59/
documents	https://www.dosje.gov.in/documents/hearing-proceeding-by-honble-vice-chairman-60/
documents	https://www.dosje.gov.in/documents/hearing-proceeding-by-honble-vice-chairman-61/
documents	https://www.dosje.gov.in/documents/hearing-proceeding-by-honble-vice-chairman-55/
documents	https://www.dosje.gov.in/documents/hearing-proceeding-by-honble-vice-chairman-56/
documents	https://www.dosje.gov.in/documents/hearing-proceeding-by-honble-vice-chairman-57/
documents	https://www.dosje.gov.in/documents/hearing-proceeding-by-honble-vice-chairman-92/
documents	https://www.dosje.gov.in/documents/hearing-proceeding-by-honble-vice-chairman-93/
documents	https://www.dosje.gov.in/documents/hearing-proceeding-by-honble-vice-chairman-94/
documents	https://www.dosje.gov.in/documents/hearing-proceeding-by-honble-vice-chairman-88/
documents	https://www.dosje.gov.in/documents/hearing-proceeding-by-honble-vice-chairman-89/
documents	https://www.dosje.gov.in/documents/hearing-proceeding-by-honble-vice-chairman-90/
documents	https://www.dosje.gov.in/documents/hearing-proceeding-by-honble-vice-chairman-91/
documents	https://www.dosje.gov.in/documents/hearing-proceeding-by-honble-vice-chairman-86/
documents	https://www.dosje.gov.in/documents/hearing-proceeding-by-honble-vice-chairman-87/
documents	https://www.dosje.gov.in/documents/hearing-proceeding-by-honble-vice-chairman-85/
documents	https://www.dosje.gov.in/documents/hearing-proceeding-by-honble-vice-chairman-83/
documents	https://www.dosje.gov.in/documents/hearing-proceeding-by-honble-vice-chairman-84/
documents	https://www.dosje.gov.in/documents/hearing-proceeding-by-honble-vice-chairman-80/
documents	https://www.dosje.gov.in/documents/hearing-proceeding-by-honble-vice-chairman-81/
documents	https://www.dosje.gov.in/documents/hearing-proceeding-by-honble-vice-chairman-82/
documents	https://www.dosje.gov.in/documents/hearing-proceeding-by-honble-vice-chairman-77/
documents	https://www.dosje.gov.in/documents/hearing-proceeding-by-honble-vice-chairman-78/
documents	https://www.dosje.gov.in/documents/hearing-proceeding-by-honble-vice-chairman-79/
documents	https://www.dosje.gov.in/documents/hearing-proceeding-by-honble-vice-chairman-75/
documents	https://www.dosje.gov.in/documents/hearing-proceeding-by-honble-vice-chairman-76/
documents	https://www.dosje.gov.in/documents/hearing-proceeding-by-honble-vice-chairman-106/
documents	https://www.dosje.gov.in/documents/hearing-proceeding-by-honble-memberksp-55/
documents	https://www.dosje.gov.in/documents/hearing-proceeding-by-honble-vice-chairman-104/
documents	https://www.dosje.gov.in/documents/hearing-proceeding-by-honble-vice-chairman-105/
documents	https://www.dosje.gov.in/documents/hearing-proceeding-by-honble-memberksp-52/
documents	https://www.dosje.gov.in/documents/hearing-proceeding-by-honble-memberksp-53/
documents	https://www.dosje.gov.in/documents/hearing-proceeding-by-honble-memberksp-54/
documents	https://www.dosje.gov.in/documents/hearing-proceeding-by-honble-chairman-103/
documents	https://www.dosje.gov.in/documents/hearing-proceeding-by-honble-chairman-104/
documents	https://www.dosje.gov.in/documents/hearing-proceeding-by-honble-chairman-102/
documents	https://www.dosje.gov.in/documents/hearing-proceeding-by-honble-vice-chairman-102/
documents	https://www.dosje.gov.in/documents/hearing-proceeding-by-honble-vice-chairman-103/
documents	https://www.dosje.gov.in/documents/hearing-proceeding-by-honble-chairman-101/
documents	https://www.dosje.gov.in/documents/hearing-proceeding-by-honble-vice-chairman-99/
documents	https://www.dosje.gov.in/documents/hearing-proceeding-by-honble-vice-chairman-100/
documents	https://www.dosje.gov.in/documents/hearing-proceeding-by-honble-vice-chairman-101/
documents	https://www.dosje.gov.in/documents/hearing-proceeding-by-honble-vice-chairman-96/
documents	https://www.dosje.gov.in/documents/hearing-proceeding-by-honble-vice-chairman-97/
documents	https://www.dosje.gov.in/documents/hearing-proceeding-by-honble-vice-chairman-98/
documents	https://www.dosje.gov.in/documents/hearing-proceeding-by-honble-vice-chairman-95/
documents	https://www.dosje.gov.in/documents/hearing-proceeding-by-honble-vice-chairman-126/
documents	https://www.dosje.gov.in/documents/hearing-proceeding-by-honble-vice-chairman-124/
documents	https://www.dosje.gov.in/documents/hearing-proceeding-by-honble-vice-chairman-125/
documents	https://www.dosje.gov.in/documents/hearing-proceeding-by-honble-vice-chairman-122/
documents	https://www.dosje.gov.in/documents/hearing-proceeding-by-honble-vice-chairman-123/
documents	https://www.dosje.gov.in/documents/hearing-proceeding-by-honble-vice-chairman-119/
documents	https://www.dosje.gov.in/documents/hearing-proceeding-by-honble-vice-chairman-120/
documents	https://www.dosje.gov.in/documents/hearing-proceeding-by-honble-vice-chairman-121/
documents	https://www.dosje.gov.in/documents/hearing-proceeding-by-honble-vice-chairman-118/
documents	https://www.dosje.gov.in/documents/hearing-proceeding-by-honble-vice-chairman-117/
documents	https://www.dosje.gov.in/documents/hearing-proceeding-by-honble-vice-chairman-115/
documents	https://www.dosje.gov.in/documents/hearing-proceeding-by-honble-vice-chairman-116/
documents	https://www.dosje.gov.in/documents/hearing-proceeding-by-honble-vice-chairman-113/
documents	https://www.dosje.gov.in/documents/hearing-proceeding-by-honble-vice-chairman-114/
documents	https://www.dosje.gov.in/documents/hearing-proceeding-by-honble-vice-chairman-110/
documents	https://www.dosje.gov.in/documents/hearing-proceeding-by-honble-vice-chairman-111/
documents	https://www.dosje.gov.in/documents/hearing-proceeding-by-honble-vice-chairman-112/
documents	https://www.dosje.gov.in/documents/hearing-proceeding-by-honble-vice-chairman-108/
documents	https://www.dosje.gov.in/documents/hearing-proceeding-by-honble-vice-chairman-109/
documents	https://www.dosje.gov.in/documents/hearing-proceeding-by-honble-vice-chairman-107/
documents	https://www.dosje.gov.in/documents/hearing-proceeding-by-honble-chairman-110/
documents	https://www.dosje.gov.in/documents/hearing-proceeding-by-honble-chairman-111/
documents	https://www.dosje.gov.in/documents/hearing-proceeding-by-honble-chairman-107/
documents	https://www.dosje.gov.in/documents/hearing-proceeding-by-honble-chairman-108/
documents	https://www.dosje.gov.in/documents/hearing-proceeding-by-honble-chairman-109/
documents	https://www.dosje.gov.in/documents/hearing-proceeding-by-honble-vice-chairman-139/
documents	https://www.dosje.gov.in/documents/hearing-proceeding-by-honble-chairman-105/
documents	https://www.dosje.gov.in/documents/hearing-proceeding-by-honble-chairman-106/
documents	https://www.dosje.gov.in/documents/hearing-proceeding-by-honble-vice-chairman-137/
documents	https://www.dosje.gov.in/documents/hearing-proceeding-by-honble-vice-chairman-138/
documents	https://www.dosje.gov.in/documents/hearing-proceeding-by-honble-vice-chairman-134/
documents	https://www.dosje.gov.in/documents/hearing-proceeding-by-honble-vice-chairman-135/
documents	https://www.dosje.gov.in/documents/hearing-proceeding-by-honble-vice-chairman-136/
documents	https://www.dosje.gov.in/documents/hearing-proceeding-by-honble-vice-chairman-132/
documents	https://www.dosje.gov.in/documents/hearing-proceeding-by-honble-vice-chairman-133/
documents	https://www.dosje.gov.in/documents/hearing-proceeding-by-honble-vice-chairman-128/
documents	https://www.dosje.gov.in/documents/hearing-proceeding-by-honble-vice-chairman-129/
documents	https://www.dosje.gov.in/documents/hearing-proceeding-by-honble-vice-chairman-130/
documents	https://www.dosje.gov.in/documents/hearing-proceeding-by-honble-vice-chairman-131/
documents	https://www.dosje.gov.in/documents/hearing-proceeding-by-honble-vice-chairman-127/
documents	https://www.dosje.gov.in/documents/hearing-proceeding-by-honble-chairman-130/
documents	https://www.dosje.gov.in/documents/hearing-proceeding-by-honble-chairman-131/
documents	https://www.dosje.gov.in/documents/hearing-proceeding-by-honble-chairman-127/
documents	https://www.dosje.gov.in/documents/hearing-proceeding-by-honble-chairman-128/
documents	https://www.dosje.gov.in/documents/hearing-proceeding-by-honble-chairman-129/
documents	https://www.dosje.gov.in/documents/hearing-proceeding-by-honble-chairman-124/
documents	https://www.dosje.gov.in/documents/hearing-proceeding-by-honble-chairman-125/
documents	https://www.dosje.gov.in/documents/hearing-proceeding-by-honble-chairman-126/
documents	https://www.dosje.gov.in/documents/hearing-proceeding-by-honble-chairman-122/
documents	https://www.dosje.gov.in/documents/hearing-proceeding-by-honble-chairman-123/
documents	https://www.dosje.gov.in/documents/hearing-proceeding-by-honble-chairman-119/
documents	https://www.dosje.gov.in/documents/hearing-proceeding-by-honble-chairman-120/
documents	https://www.dosje.gov.in/documents/hearing-proceeding-by-honble-chairman-121/
documents	https://www.dosje.gov.in/documents/hearing-proceeding-by-honble-chairman-117/
documents	https://www.dosje.gov.in/documents/hearing-proceeding-by-honble-chairman-118/
documents	https://www.dosje.gov.in/documents/hearing-proceeding-by-honble-chairman-114/
documents	https://www.dosje.gov.in/documents/hearing-proceeding-by-honble-chairman-115/
documents	https://www.dosje.gov.in/documents/hearing-proceeding-by-honble-chairman-116/
documents	https://www.dosje.gov.in/documents/hearing-proceeding-by-honble-chairman-112/
documents	https://www.dosje.gov.in/documents/hearing-proceeding-by-honble-chairman-113/
documents	https://www.dosje.gov.in/documents/hearing-proceeding-by-honble-chairman-151/
documents	https://www.dosje.gov.in/documents/hearing-proceeding-by-honble-chairman-148/
documents	https://www.dosje.gov.in/documents/hearing-proceeding-by-honble-chairman-149/
documents	https://www.dosje.gov.in/documents/hearing-proceeding-by-honble-chairman-150/
documents	https://www.dosje.gov.in/documents/hearing-proceeding-by-honble-chairman-145/
documents	https://www.dosje.gov.in/documents/hearing-proceeding-by-honble-chairman-146/
documents	https://www.dosje.gov.in/documents/hearing-proceeding-by-honble-chairman-147/
documents	https://www.dosje.gov.in/documents/hearing-proceeding-by-honble-chairman-143/
documents	https://www.dosje.gov.in/documents/hearing-proceeding-by-honble-chairman-144/
documents	https://www.dosje.gov.in/documents/hearing-proceeding-by-honble-chairman-142/
documents	https://www.dosje.gov.in/documents/hearing-proceeding-by-honble-chairman-141/
documents	https://www.dosje.gov.in/documents/hearing-proceeding-by-honble-chairman-138/
documents	https://www.dosje.gov.in/documents/hearing-proceeding-by-honble-chairman-139/
documents	https://www.dosje.gov.in/documents/hearing-proceeding-by-honble-chairman-140/
documents	https://www.dosje.gov.in/documents/hearing-proceeding-by-honble-chairman-135/
documents	https://www.dosje.gov.in/documents/hearing-proceeding-by-honble-chairman-136/
documents	https://www.dosje.gov.in/documents/hearing-proceeding-by-honble-chairman-137/
documents	https://www.dosje.gov.in/documents/hearing-proceeding-by-honble-chairman-133/
documents	https://www.dosje.gov.in/documents/hearing-proceeding-by-honble-chairman-134/
documents	https://www.dosje.gov.in/documents/hearing-proceeding-by-honble-chairman-132/
documents	https://www.dosje.gov.in/documents/hearing-proceeding-by-honble-memberat-23/
documents	https://www.dosje.gov.in/documents/hearing-proceeding-by-honble-memberat-24/
documents	https://www.dosje.gov.in/documents/hearing-proceeding-by-honble-chairman-166/
documents	https://www.dosje.gov.in/documents/hearing-proceeding-by-honble-chairman-167/
documents	https://www.dosje.gov.in/documents/hearing-proceeding-by-honble-chairman-168/
documents	https://www.dosje.gov.in/documents/hearing-proceeding-by-honble-chairman-169/
documents	https://www.dosje.gov.in/documents/hearing-proceeding-by-honble-chairman-164/
documents	https://www.dosje.gov.in/documents/hearing-proceeding-by-honble-chairman-165/
documents	https://www.dosje.gov.in/documents/hearing-proceeding-by-honble-chairman-162/
documents	https://www.dosje.gov.in/documents/hearing-proceeding-by-honble-chairman-163/
documents	https://www.dosje.gov.in/documents/hearing-proceeding-by-honble-chairman-160/
documents	https://www.dosje.gov.in/documents/hearing-proceeding-by-honble-chairman-161/
documents	https://www.dosje.gov.in/documents/hearing-proceeding-by-honble-chairman-157/
documents	https://www.dosje.gov.in/documents/hearing-proceeding-by-honble-chairman-158/
documents	https://www.dosje.gov.in/documents/hearing-proceeding-by-honble-chairman-159/
documents	https://www.dosje.gov.in/documents/hearing-proceeding-by-honble-chairman-154/
documents	https://www.dosje.gov.in/documents/hearing-proceeding-by-honble-chairman-155/
documents	https://www.dosje.gov.in/documents/hearing-proceeding-by-honble-chairman-156/
documents	https://www.dosje.gov.in/documents/hearing-proceeding-by-honble-chairman-152/
documents	https://www.dosje.gov.in/documents/hearing-proceeding-by-honble-chairman-153/
documents	https://www.dosje.gov.in/documents/hearing-proceeding-by-honble-memberksp-62/
documents	https://www.dosje.gov.in/documents/hearing-proceeding-by-honble-memberksp-59/
documents	https://www.dosje.gov.in/documents/hearing-proceeding-by-honble-memberksp-60/
documents	https://www.dosje.gov.in/documents/hearing-proceeding-by-honble-memberksp-61/
documents	https://www.dosje.gov.in/documents/hearing-proceeding-by-honble-memberksp-56/
documents	https://www.dosje.gov.in/documents/hearing-proceeding-by-honble-memberksp-57/
documents	https://www.dosje.gov.in/documents/hearing-proceeding-by-honble-memberksp-58/
documents	https://www.dosje.gov.in/documents/hearing-proceeding-by-honble-memberat-36/
documents	https://www.dosje.gov.in/documents/hearing-proceeding-by-honble-memberat-37/
documents	https://www.dosje.gov.in/documents/hearing-proceeding-by-honble-memberat-35/
documents	https://www.dosje.gov.in/documents/hearing-proceeding-by-honble-memberat-33/
documents	https://www.dosje.gov.in/documents/hearing-proceeding-by-honble-memberat-34/
documents	https://www.dosje.gov.in/documents/hearing-proceeding-by-honble-memberat-30/
documents	https://www.dosje.gov.in/documents/hearing-proceeding-by-honble-memberat-31/
documents	https://www.dosje.gov.in/documents/hearing-proceeding-by-honble-memberat-32/
documents	https://www.dosje.gov.in/documents/hearing-proceeding-by-honble-memberat-27/
documents	https://www.dosje.gov.in/documents/hearing-proceeding-by-honble-memberat-28/
documents	https://www.dosje.gov.in/documents/hearing-proceeding-by-honble-memberat-29/
documents	https://www.dosje.gov.in/documents/hearing-proceeding-by-honble-memberat-25/
documents	https://www.dosje.gov.in/documents/hearing-proceeding-by-honble-memberat-26/
documents	https://www.dosje.gov.in/documents/hearing-proceeding-by-honble-memberksp-82/
documents	https://www.dosje.gov.in/documents/hearing-proceeding-by-honble-memberksp-79/
documents	https://www.dosje.gov.in/documents/hearing-proceeding-by-honble-memberksp-80/
documents	https://www.dosje.gov.in/documents/hearing-proceeding-by-honble-memberksp-81/
documents	https://www.dosje.gov.in/documents/hearing-proceeding-by-honble-memberksp-76/
documents	https://www.dosje.gov.in/documents/hearing-proceeding-by-honble-memberksp-77/
documents	https://www.dosje.gov.in/documents/hearing-proceeding-by-honble-memberksp-78/
documents	https://www.dosje.gov.in/documents/hearing-proceeding-by-honble-memberksp-74/
documents	https://www.dosje.gov.in/documents/hearing-proceeding-by-honble-memberksp-75/
documents	https://www.dosje.gov.in/documents/hearing-proceeding-by-honble-memberksp-73/
documents	https://www.dosje.gov.in/documents/hearing-proceeding-by-honble-memberksp-71/
documents	https://www.dosje.gov.in/documents/hearing-proceeding-by-honble-memberksp-72/
documents	https://www.dosje.gov.in/documents/hearing-proceeding-by-honble-memberksp-68/
documents	https://www.dosje.gov.in/documents/hearing-proceeding-by-honble-memberksp-69/
documents	https://www.dosje.gov.in/documents/hearing-proceeding-by-honble-memberksp-70/
documents	https://www.dosje.gov.in/documents/hearing-proceeding-by-honble-memberksp-66/
documents	https://www.dosje.gov.in/documents/hearing-proceeding-by-honble-memberksp-67/
documents	https://www.dosje.gov.in/documents/hearing-proceeding-by-honble-memberksp-64/
documents	https://www.dosje.gov.in/documents/hearing-proceeding-by-honble-memberksp-65/
documents	https://www.dosje.gov.in/documents/hearing-proceeding-by-honble-memberksp-63/
documents	https://www.dosje.gov.in/documents/hearing-proceeding-by-honble-vice-chairman-148/
documents	https://www.dosje.gov.in/documents/hearing-proceeding-by-honble-vice-chairman-149/
documents	https://www.dosje.gov.in/documents/hearing-proceeding-by-honble-vice-chairman-144/
documents	https://www.dosje.gov.in/documents/hearing-proceeding-by-honble-vice-chairman-145/
documents	https://www.dosje.gov.in/documents/hearing-proceeding-by-honble-vice-chairman-146/
documents	https://www.dosje.gov.in/documents/hearing-proceeding-by-honble-vice-chairman-147/
documents	https://www.dosje.gov.in/documents/hearing-proceeding-by-honble-vice-chairman-142/
documents	https://www.dosje.gov.in/documents/hearing-proceeding-by-honble-vice-chairman-143/
documents	https://www.dosje.gov.in/documents/hearing-proceeding-by-honble-vice-chairman-140/
documents	https://www.dosje.gov.in/documents/hearing-proceeding-by-honble-vice-chairman-141/
documents	https://www.dosje.gov.in/documents/hearing-proceeding-by-honble-members-y-4/
documents	https://www.dosje.gov.in/documents/hearing-proceeding-by-honble-members-y-5/
documents	https://www.dosje.gov.in/documents/hearing-proceeding-by-honble-members-y/
documents	https://www.dosje.gov.in/documents/hearing-proceeding-by-honble-members-y-2/
documents	https://www.dosje.gov.in/documents/hearing-proceeding-by-honble-members-y-3/
documents	https://www.dosje.gov.in/documents/hearing-proceeding-by-honble-memberksp-85/
documents	https://www.dosje.gov.in/documents/hearing-proceeding-by-honble-memberksp-86/
documents	https://www.dosje.gov.in/documents/hearing-proceeding-by-honble-memberksp-87/
documents	https://www.dosje.gov.in/documents/hearing-proceeding-by-honble-memberksp-83/
documents	https://www.dosje.gov.in/documents/hearing-proceeding-by-honble-memberksp-84/
documents	https://www.dosje.gov.in/documents/hearing-proceeding-by-honble-vice-chairman-168/
documents	https://www.dosje.gov.in/documents/hearing-proceeding-by-honble-vice-chairman-169/
documents	https://www.dosje.gov.in/documents/hearing-proceeding-by-honble-vice-chairman-164/
documents	https://www.dosje.gov.in/documents/hearing-proceeding-by-honble-vice-chairman-165/
documents	https://www.dosje.gov.in/documents/hearing-proceeding-by-honble-vice-chairman-166/
documents	https://www.dosje.gov.in/documents/hearing-proceeding-by-honble-vice-chairman-167/
documents	https://www.dosje.gov.in/documents/hearing-proceeding-by-honble-vice-chairman-161/
documents	https://www.dosje.gov.in/documents/hearing-proceeding-by-honble-vice-chairman-162/
documents	https://www.dosje.gov.in/documents/hearing-proceeding-by-honble-vice-chairman-163/
documents	https://www.dosje.gov.in/documents/hearing-proceeding-by-honble-vice-chairman-160/
documents	https://www.dosje.gov.in/documents/hearing-proceeding-by-honble-vice-chairman-159/
documents	https://www.dosje.gov.in/documents/hearing-proceeding-by-honble-vice-chairman-155/
documents	https://www.dosje.gov.in/documents/hearing-proceeding-by-honble-vice-chairman-156/
documents	https://www.dosje.gov.in/documents/hearing-proceeding-by-honble-vice-chairman-157/
documents	https://www.dosje.gov.in/documents/hearing-proceeding-by-honble-vice-chairman-158/
documents	https://www.dosje.gov.in/documents/hearing-proceeding-by-honble-vice-chairman-151/
documents	https://www.dosje.gov.in/documents/hearing-proceeding-by-honble-vice-chairman-152/
documents	https://www.dosje.gov.in/documents/hearing-proceeding-by-honble-vice-chairman-153/
documents	https://www.dosje.gov.in/documents/hearing-proceeding-by-honble-vice-chairman-154/
documents	https://www.dosje.gov.in/documents/hearing-proceeding-by-honble-vice-chairman-150/
documents	https://www.dosje.gov.in/documents/hearing-proceeding-by-honble-vice-chairman-188/
documents	https://www.dosje.gov.in/documents/hearing-proceeding-by-honble-vice-chairman-189/
documents	https://www.dosje.gov.in/documents/hearing-proceeding-by-honble-vice-chairman-184/
documents	https://www.dosje.gov.in/documents/hearing-proceeding-by-honble-vice-chairman-185/
documents	https://www.dosje.gov.in/documents/hearing-proceeding-by-honble-vice-chairman-186/
documents	https://www.dosje.gov.in/documents/hearing-proceeding-by-honble-vice-chairman-187/
documents	https://www.dosje.gov.in/documents/hearing-proceeding-by-honble-vice-chairman-181/
documents	https://www.dosje.gov.in/documents/hearing-proceeding-by-honble-vice-chairman-182/
documents	https://www.dosje.gov.in/documents/hearing-proceeding-by-honble-vice-chairman-183/
documents	https://www.dosje.gov.in/documents/hearing-proceeding-by-honble-vice-chairman-180/
documents	https://www.dosje.gov.in/documents/hearing-proceeding-by-honble-vice-chairman-176/
documents	https://www.dosje.gov.in/documents/hearing-proceeding-by-honble-vice-chairman-177/
documents	https://www.dosje.gov.in/documents/hearing-proceeding-by-honble-vice-chairman-178/
documents	https://www.dosje.gov.in/documents/hearing-proceeding-by-honble-vice-chairman-179/
documents	https://www.dosje.gov.in/documents/hearing-proceeding-by-honble-vice-chairman-172/
documents	https://www.dosje.gov.in/documents/hearing-proceeding-by-honble-vice-chairman-173/
documents	https://www.dosje.gov.in/documents/hearing-proceeding-by-honble-vice-chairman-174/
documents	https://www.dosje.gov.in/documents/hearing-proceeding-by-honble-vice-chairman-175/
documents	https://www.dosje.gov.in/documents/hearing-proceeding-by-honble-vice-chairman-170/
documents	https://www.dosje.gov.in/documents/hearing-proceeding-by-honble-vice-chairman-171/
documents	https://www.dosje.gov.in/documents/hearing-proceeding-by-honble-vice-chairman-208/
documents	https://www.dosje.gov.in/documents/hearing-proceeding-by-honble-vice-chairman-209/
documents	https://www.dosje.gov.in/documents/hearing-proceeding-by-honble-vice-chairman-204/
documents	https://www.dosje.gov.in/documents/hearing-proceeding-by-honble-vice-chairman-205/
documents	https://www.dosje.gov.in/documents/hearing-proceeding-by-honble-vice-chairman-206/
documents	https://www.dosje.gov.in/documents/hearing-proceeding-by-honble-vice-chairman-207/
documents	https://www.dosje.gov.in/documents/hearing-proceeding-by-honble-vice-chairman-201/
documents	https://www.dosje.gov.in/documents/hearing-proceeding-by-honble-vice-chairman-202/
documents	https://www.dosje.gov.in/documents/hearing-proceeding-by-honble-vice-chairman-203/
documents	https://www.dosje.gov.in/documents/hearing-proceeding-by-honble-vice-chairman-200/
documents	https://www.dosje.gov.in/documents/hearing-proceeding-by-honble-vice-chairman-197/
documents	https://www.dosje.gov.in/documents/hearing-proceeding-by-honble-vice-chairman-198/
documents	https://www.dosje.gov.in/documents/hearing-proceeding-by-honble-vice-chairman-199/
documents	https://www.dosje.gov.in/documents/hearing-proceeding-by-honble-vice-chairman-193/
documents	https://www.dosje.gov.in/documents/hearing-proceeding-by-honble-vice-chairman-194/
documents	https://www.dosje.gov.in/documents/hearing-proceeding-by-honble-vice-chairman-195/
documents	https://www.dosje.gov.in/documents/hearing-proceeding-by-honble-vice-chairman-196/
documents	https://www.dosje.gov.in/documents/hearing-proceeding-by-honble-vice-chairman-190/
documents	https://www.dosje.gov.in/documents/hearing-proceeding-by-honble-vice-chairman-191/
documents	https://www.dosje.gov.in/documents/hearing-proceeding-by-honble-vice-chairman-192/
documents	https://www.dosje.gov.in/documents/hearing-proceeding-by-honble-vice-chairman-229/
documents	https://www.dosje.gov.in/documents/hearing-proceeding-by-honble-vice-chairman-226/
documents	https://www.dosje.gov.in/documents/hearing-proceeding-by-honble-vice-chairman-227/
documents	https://www.dosje.gov.in/documents/hearing-proceeding-by-honble-vice-chairman-228/
documents	https://www.dosje.gov.in/documents/hearing-proceeding-by-honble-vice-chairman-223/
documents	https://www.dosje.gov.in/documents/hearing-proceeding-by-honble-vice-chairman-224/
documents	https://www.dosje.gov.in/documents/hearing-proceeding-by-honble-vice-chairman-225/
documents	https://www.dosje.gov.in/documents/hearing-proceeding-by-honble-vice-chairman-221/
documents	https://www.dosje.gov.in/documents/hearing-proceeding-by-honble-vice-chairman-222/
documents	https://www.dosje.gov.in/documents/hearing-proceeding-by-honble-vice-chairman-220/
documents	https://www.dosje.gov.in/documents/hearing-proceeding-by-honble-vice-chairman-217/
documents	https://www.dosje.gov.in/documents/hearing-proceeding-by-honble-vice-chairman-218/
documents	https://www.dosje.gov.in/documents/hearing-proceeding-by-honble-vice-chairman-219/
documents	https://www.dosje.gov.in/documents/hearing-proceeding-by-honble-vice-chairman-214/
documents	https://www.dosje.gov.in/documents/hearing-proceeding-by-honble-vice-chairman-215/
documents	https://www.dosje.gov.in/documents/hearing-proceeding-by-honble-vice-chairman-216/
documents	https://www.dosje.gov.in/documents/hearing-proceeding-by-honble-vice-chairman-211/
documents	https://www.dosje.gov.in/documents/hearing-proceeding-by-honble-vice-chairman-212/
documents	https://www.dosje.gov.in/documents/hearing-proceeding-by-honble-vice-chairman-213/
documents	https://www.dosje.gov.in/documents/hearing-proceeding-by-honble-vice-chairman-210/
documents	https://www.dosje.gov.in/documents/hearing-proceeding-by-honble-vice-chairman-247/
documents	https://www.dosje.gov.in/documents/hearing-proceeding-by-honble-vice-chairman-248/
documents	https://www.dosje.gov.in/documents/hearing-proceeding-by-honble-vice-chairman-249/
documents	https://www.dosje.gov.in/documents/hearing-proceeding-by-honble-vice-chairman-244/
documents	https://www.dosje.gov.in/documents/hearing-proceeding-by-honble-vice-chairman-245/
documents	https://www.dosje.gov.in/documents/hearing-proceeding-by-honble-vice-chairman-246/
documents	https://www.dosje.gov.in/documents/hearing-proceeding-by-honble-vice-chairman-241/
documents	https://www.dosje.gov.in/documents/hearing-proceeding-by-honble-vice-chairman-242/
documents	https://www.dosje.gov.in/documents/hearing-proceeding-by-honble-vice-chairman-243/
documents	https://www.dosje.gov.in/documents/hearing-proceeding-by-honble-vice-chairman-240/
documents	https://www.dosje.gov.in/documents/hearing-proceeding-by-honble-vice-chairman-238/
documents	https://www.dosje.gov.in/documents/hearing-proceeding-by-honble-vice-chairman-239/
documents	https://www.dosje.gov.in/documents/hearing-proceeding-by-honble-vice-chairman-235/
documents	https://www.dosje.gov.in/documents/hearing-proceeding-by-honble-vice-chairman-236/
documents	https://www.dosje.gov.in/documents/hearing-proceeding-by-honble-vice-chairman-237/
documents	https://www.dosje.gov.in/documents/hearing-proceeding-by-honble-vice-chairman-231/
documents	https://www.dosje.gov.in/documents/hearing-proceeding-by-honble-vice-chairman-232/
documents	https://www.dosje.gov.in/documents/hearing-proceeding-by-honble-vice-chairman-233/
documents	https://www.dosje.gov.in/documents/hearing-proceeding-by-honble-vice-chairman-234/
documents	https://www.dosje.gov.in/documents/hearing-proceeding-by-honble-vice-chairman-230/
documents	https://www.dosje.gov.in/documents/hearing-proceeding-by-honble-vice-chairman-267/
documents	https://www.dosje.gov.in/documents/hearing-proceeding-by-honble-vice-chairman-268/
documents	https://www.dosje.gov.in/documents/hearing-proceeding-by-honble-vice-chairman-269/
documents	https://www.dosje.gov.in/documents/hearing-proceeding-by-honble-vice-chairman-263/
documents	https://www.dosje.gov.in/documents/hearing-proceeding-by-honble-vice-chairman-264/
documents	https://www.dosje.gov.in/documents/hearing-proceeding-by-honble-vice-chairman-265/
documents	https://www.dosje.gov.in/documents/hearing-proceeding-by-honble-vice-chairman-266/
documents	https://www.dosje.gov.in/documents/hearing-proceeding-by-honble-vice-chairman-261/
documents	https://www.dosje.gov.in/documents/hearing-proceeding-by-honble-vice-chairman-262/
documents	https://www.dosje.gov.in/documents/hearing-proceeding-by-honble-vice-chairman-260/
documents	https://www.dosje.gov.in/documents/hearing-proceeding-by-honble-vice-chairman-256/
documents	https://www.dosje.gov.in/documents/hearing-proceeding-by-honble-vice-chairman-257/
documents	https://www.dosje.gov.in/documents/hearing-proceeding-by-honble-vice-chairman-258/
documents	https://www.dosje.gov.in/documents/hearing-proceeding-by-honble-vice-chairman-259/
documents	https://www.dosje.gov.in/documents/hearing-proceeding-by-honble-vice-chairman-253/
documents	https://www.dosje.gov.in/documents/hearing-proceeding-by-honble-vice-chairman-254/
documents	https://www.dosje.gov.in/documents/hearing-proceeding-by-honble-vice-chairman-255/
documents	https://www.dosje.gov.in/documents/hearing-proceeding-by-honble-vice-chairman-250/
documents	https://www.dosje.gov.in/documents/hearing-proceeding-by-honble-vice-chairman-251/
documents	https://www.dosje.gov.in/documents/hearing-proceeding-by-honble-vice-chairman-252/
documents	https://www.dosje.gov.in/documents/hearing-proceeding-by-honble-vice-chairman-279/
documents	https://www.dosje.gov.in/documents/hearing-proceeding-by-honble-vice-chairman-275/
documents	https://www.dosje.gov.in/documents/hearing-proceeding-by-honble-vice-chairman-276/
documents	https://www.dosje.gov.in/documents/hearing-proceeding-by-honble-vice-chairman-277/
documents	https://www.dosje.gov.in/documents/hearing-proceeding-by-honble-vice-chairman-278/
documents	https://www.dosje.gov.in/documents/hearing-proceeding-by-honble-vice-chairman-272/
documents	https://www.dosje.gov.in/documents/hearing-proceeding-by-honble-vice-chairman-273/
documents	https://www.dosje.gov.in/documents/hearing-proceeding-by-honble-vice-chairman-274/
documents	https://www.dosje.gov.in/documents/hearing-proceeding-by-honble-vice-chairman-270/
documents	https://www.dosje.gov.in/documents/hearing-proceeding-by-honble-vice-chairman-271/
documents	https://www.dosje.gov.in/documents/tour-visits-by-honble-member-a-t-rangareddy-hyderabad-districts-telangana/
documents	https://www.dosje.gov.in/documents/tour-visits-by-honble-member-a-t-telanganayadadri-district/
documents	https://www.dosje.gov.in/documents/tour-visits-by-honble-member-a-t-nagarkurnool-district-telangana/
documents	https://www.dosje.gov.in/documents/tour-visits-by-honble-chairman-bihar/
documents	https://www.dosje.gov.in/documents/tour-visits-by-honble-member-a-t-hyderabad-district-telanganakochi-district-kerala/
documents	https://www.dosje.gov.in/documents/tour-visits-by-honble-member-a-t-tirupati-andhra-pradesh/
documents	https://www.dosje.gov.in/documents/tour-visits-by-honble-member-a-t-hyderabad-telangana/
documents	https://www.dosje.gov.in/documents/tour-visits-by-honble-chairman-jammu-kashmir/
documents	https://www.dosje.gov.in/documents/tour-visits-by-honble-chairman-chandigarh/
documents	https://www.dosje.gov.in/documents/tour-visits-by-honble-chairman-odisha-and-west-bengal/
documents	https://www.dosje.gov.in/documents/tour-visits-by-honble-chairman-madhya-pradesh-bhopal/
documents	https://www.dosje.gov.in/documents/tour-visits-by-honble-chairman-bihar-katihar/
documents	https://www.dosje.gov.in/documents/tour-visits-by-honble-chairman-bihar-muzaffarpurmotihari/
documents	https://www.dosje.gov.in/documents/tour-visits-by-honble-chairman-telangana-hyderabad/
documents	https://www.dosje.gov.in/documents/tour-visits-by-honble-chairman-haryana-kurukshetra/
documents	https://www.dosje.gov.in/documents/tour-visits-by-honble-chairman-bihar-muzaffarpur/
documents	https://www.dosje.gov.in/documents/tour-visits-by-honble-chairman-jharkhand-deoghar/
documents	https://www.dosje.gov.in/documents/tour-visits-by-honble-chairman-maharshtra-nanded-and-shirdi/
documents	https://www.dosje.gov.in/documents/tour-visits-by-honble-chairman-bihar-patnabegusarai/
documents	https://www.dosje.gov.in/documents/tour-visits-by-honble-chairman-bihar-chaprabegusaraisiwan/
documents	https://www.dosje.gov.in/documents/tour-visits-by-honble-member-a-t-delhi-hyderabad-telangana/
documents	https://www.dosje.gov.in/documents/tour-visits-by-honble-member-a-t-hyderabad-prakasham-district-telangana-andhra-pradesh/
documents	https://www.dosje.gov.in/documents/tour-visits-by-honble-member-a-t-hyderabad-cochin-telangana-kerala/
documents	https://www.dosje.gov.in/documents/tour-visits-by-honble-member-a-t-hyderabad-kochi-chennai-andhra-pradesh-bengaluru/
documents	https://www.dosje.gov.in/documents/tour-visits-by-honble-member-a-t-hyderabad-bhubaneshwar-telangana-odisha/
documents	https://www.dosje.gov.in/documents/tour-visits-by-honble-member-a-t-hyderabad-bengaluru-telangana-karnataka/
documents	https://www.dosje.gov.in/documents/tour-visits-by-honble-member-a-t-rangareddy-district-telangana/
documents	https://www.dosje.gov.in/documents/tour-visits-by-honble-member-a-t-hyderabad-district-telangana/
documents	https://www.dosje.gov.in/documents/tour-visits-by-honble-member-a-t-hyderabad-chennai-telangana-tamilnadu/
documents	https://www.dosje.gov.in/documents/tour-visits-by-honble-member-a-t-hyderabad-vishakhapatnam-telangana-andhra-pradesh/
documents	https://www.dosje.gov.in/documents/tour-visits-by-honble-member-a-t-shimla-himachal-pradesh/
documents	https://www.dosje.gov.in/documents/tour-visits-by-honble-member-a-t-medchal-district-telangana-guntur-andhra-pradesh/
documents	https://www.dosje.gov.in/documents/tour-visits-by-honble-member-a-t-suryapet-hyderabad-sangareddy-district-telangana/
documents	https://www.dosje.gov.in/documents/tour-visits-by-honble-member-a-t-hyderabad-nalgonda-districts-telangana/
documents	https://www.dosje.gov.in/documents/tour-visits-by-honble-member-a-t-rangareddy-telangana-nanded-maharashtra-nellore-district-andhra-pradesh/
documents	https://www.dosje.gov.in/documents/tour-visits-by-honble-member-a-t-mahbubnagar-nagarkurnool-districts-telangana/
documents	https://www.dosje.gov.in/documents/tour-visits-by-honble-member-a-t-telangana-andhra-pradesh-tamilnadu-kerala/
documents	https://www.dosje.gov.in/documents/tour-visits-by-honble-member-a-t-nalgonda-nagarkurnool-districts-telangana/
documents	https://www.dosje.gov.in/documents/tour-visits-by-honble-member-a-t-telangana-jammu-kashmir/
documents	https://www.dosje.gov.in/documents/tour-visits-by-honble-vice-chairperson-uttar-pradesh-meerut-sambhal-moradabad-rampur-sitapur/
documents	https://www.dosje.gov.in/documents/tour-visits-by-honble-vice-chairperson-uttar-pradesh-saharanpur-sitapur-meerut-ghaziabad-hapur/
documents	https://www.dosje.gov.in/documents/tour-visits-by-honble-vice-chairperson-uttar-pradesh-haryana/
documents	https://www.dosje.gov.in/documents/tour-visits-by-honble-vice-chairperson-new-delhi/
documents	https://www.dosje.gov.in/documents/tour-visits-by-honble-vice-chairperson-uttar-pradesh-meerut-hapur-shamli-baghpat-muzaffarnagar/
documents	https://www.dosje.gov.in/documents/tour-visits-by-honble-member-s-y-rajasthanchuru/
documents	https://www.dosje.gov.in/documents/tour-visits-by-honble-member-s-y-chandigarhharyanapunjab/
documents	https://www.dosje.gov.in/documents/tour-visits-by-honble-member-s-y-odishabhubaneswarpuri/
documents	https://www.dosje.gov.in/documents/tour-visits-by-honble-vice-chairperson-uttar-pradesh-meerut-sambhal-hapur-saharanpur-amroha-aligarh/
documents	https://www.dosje.gov.in/documents/tour-visits-by-honble-member-k-s-p-kerala/
documents	https://www.dosje.gov.in/documents/tour-visits-by-honble-member-k-s-p-chandigarh/
documents	https://www.dosje.gov.in/documents/tour-visits-by-honble-member-k-s-p-bhubaneshwar-odisha-kolkata/
documents	https://www.dosje.gov.in/documents/tour-visits-by-honble-member-s-y-telanganaandhra-pradeshtamil-nadukerala/
documents	https://www.dosje.gov.in/documents/tour-visits-by-honble-member-s-y-haryanapunjab/
documents	https://www.dosje.gov.in/documents/tour-visits-by-honble-member-k-s-p-telangana-andhra-pradesh-tamil-nadu-puducherry-and-kerala/
documents	https://www.dosje.gov.in/documents/tour-visits-by-honble-member-k-s-p-u-pvaranasi-mirzapur/
documents	https://www.dosje.gov.in/documents/tour-visits-by-honble-member-k-s-p-hyderabad-telangana/
documents	https://www.dosje.gov.in/documents/tour-visits-by-honble-member-k-s-p-maharastra-mumbai-mumbai-suburban/
documents	https://www.dosje.gov.in/documents/tour-visits-by-honble-member-k-s-p-telangana-hajipurbommalaramaram-mandal-of-yadadri/
documents	https://www.dosje.gov.in/documents/tour-visits-by-honble-member-k-s-p-u-p-varanasi/
documents	https://www.dosje.gov.in/documents/tour-visits-by-honble-vice-chairperson-uttar-pradesh-hamirpur-kanpur-meerut-bijnor/
documents	https://www.dosje.gov.in/documents/tour-visits-by-honble-vice-chairperson-uttar-pradesh-hamirpu-meerut/
documents	https://www.dosje.gov.in/documents/tour-visits-by-honble-vice-chairperson-uttar-pradesh-rajasthan/
documents	https://www.dosje.gov.in/documents/tour-visits-by-honble-vice-chairperson-delhi-uttar-pradesh-2/
documents	https://www.dosje.gov.in/documents/tour-visits-by-honble-vice-chairperson-uttar-pradesh-hamirpur-meerut/
documents	https://www.dosje.gov.in/documents/tour-visits-by-honble-vice-chairperson-uttar-pradesh-delhi-4/
documents	https://www.dosje.gov.in/documents/tour-visits-by-honble-vice-chairperson-delhi-uttar-pradesh-3/
documents	https://www.dosje.gov.in/documents/tour-visits-by-honble-vice-chairperson-uttar-pradesh-delhi-3/
documents	https://www.dosje.gov.in/documents/tour-visits-by-honble-vice-chairperson-delhi-telangana/
documents	https://www.dosje.gov.in/documents/tour-visits-by-honble-vice-chairperson-delhi-uttar-pradesh/
documents	https://www.dosje.gov.in/documents/tour-visits-by-honble-vice-chairperson-delhi-telangana-tamil-nadu-uttar-pradesh/
documents	https://www.dosje.gov.in/documents/tour-visits-by-honble-vice-chairperson-uttar-pradesh-delhi-2/
documents	https://www.dosje.gov.in/documents/tour-visits-by-honble-vice-chairperson-uttar-pradesh-uttarakhand/
documents	https://www.dosje.gov.in/documents/tour-visits-by-honble-vice-chairperson-uttar-pradesh-uttarakhand-delhi/
documents	https://www.dosje.gov.in/documents/tour-visits-by-honble-vice-chairperson-uttar-pradesh-uttarakhand-delhi-telangana/
documents	https://www.dosje.gov.in/documents/tour-visits-by-honble-vice-chairperson-uttar-pradesh-delhi-uttarakhand/
documents	https://www.dosje.gov.in/documents/tour-visits-by-honble-vice-chairperson-uttar-pradesh-delhi/
documents	https://www.dosje.gov.in/documents/tour-visits-by-honble-vice-chairperson-uttar-pradesh-delhi-uttarakhand-jammu-and-kashmir/
documents	https://www.dosje.gov.in/documents/tour-visits-by-honble-vice-chairperson-uttar-pradesh-sitapur-shahjahanpur/
documents	https://www.dosje.gov.in/documents/tour-visits-by-honble-vice-chairperson-uttar-pradesh-sitapur-meerut/
documents	https://www.dosje.gov.in/documents/tour-visits-by-honble-vice-chairperson-uttar-pradesh-meerur-muzaffarnagar/
documents	https://www.dosje.gov.in/documents/tour-visits-by-honble-vice-chairperson-delhi-haryana-uttar-pradesh/
documents	https://www.dosje.gov.in/documents/tour-visits-by-honble-vice-chairperson-delhi-haryana-uttar-pradesh-2/
documents	https://www.dosje.gov.in/documents/tour-visits-by-honble-vice-chairperson-delhi-uttar-pradesh-haryana/
documents	https://www.dosje.gov.in/documents/tour-visits-by-honble-vice-chairperson-uttar-pradesh-delhi-5/
documents	https://www.dosje.gov.in/documents/tour-visits-by-honble-vice-chairperson-uttar-pradesh-meerut-2/
documents	https://www.dosje.gov.in/documents/tour-visits-by-honble-vice-chairperson-uttar-pradesh-uttrakhand-delhi/
documents	https://www.dosje.gov.in/documents/tour-visits-by-honble-vice-chairperson-uttar-pradesh-delhi-6/
documents	https://www.dosje.gov.in/documents/tour-visits-by-honble-vice-chairperson-uttar-pradesh/
documents	https://www.dosje.gov.in/documents/tour-visits-by-honble-vice-chairperson-uttar-pradesh-meerut-hapur/
documents	https://www.dosje.gov.in/documents/tour-visits-by-honble-vice-chairperson-delhi-uttar-pradesh-delhi-meerut-noida/
documents	https://www.dosje.gov.in/documents/tour-visits-by-honble-vice-chairperson-delhi-jharkhand/
documents	https://www.dosje.gov.in/documents/tour-visits-by-honble-vice-chairperson-delhi-uttar-pradesh-meerut-delhi/
documents	https://www.dosje.gov.in/documents/tour-visits-by-honble-vice-chairperson-uttar-pradesh-meerut/
documents	https://www.dosje.gov.in/documents/tour-visits-by-honble-vice-chairperson-delhi-uttar-pradesh-4/
documents	https://www.dosje.gov.in/documents/tour-visits-by-honble-vice-chairperson-uttar-pradesh-noida-gautam-budh-nagar-nedu-meerut/
documents	https://www.dosje.gov.in/documents/tour-visits-by-honble-vice-chairperson-uttar-pradesh-punjab-uttarakhand/
documents	https://www.dosje.gov.in/documents/tour-visits-by-honble-vice-chairperson-uttar-pradesh-meerut-saharanpur-noida/
documents	https://www.dosje.gov.in/documents/tour-visits-by-honble-vice-chairperson-uttar-pradesh-delhi-meerut-noida-delhi-lucknow/
documents	https://www.dosje.gov.in/documents/tour-visits-by-honble-vice-chairperson-odisha-telangana-delhi/
documents	https://www.dosje.gov.in/documents/tour-visits-by-honble-vice-chairperson-uttar-pradesh-delhi-meerut-muzaffarnagar-delhi/
documents	https://www.dosje.gov.in/documents/tour-visits-by-honble-vice-chairperson-uttar-pradesh-meerut-bijnor/
documents	https://www.dosje.gov.in/documents/tour-visits-by-honble-vice-chairperson-gujrat-delhi/
documents	https://www.dosje.gov.in/documents/tour-visits-by-honble-vice-chairperson-delhi-uttar-pradesh-delhi-gautam-budh-nagar-meerut/
documents	https://www.dosje.gov.in/documents/tour-visits-by-honble-vice-chairperson-ut-jammu-kashmir-uttar-pradesh-delhi/
documents	https://www.dosje.gov.in/documents/tour-visits-by-honble-vice-chairperson-uttar-pradesh-punjab-haryana/
documents	https://www.dosje.gov.in/documents/tour-visits-by-honble-vice-chairperson-uttar-pradesh-meerut-gautam-budh-nagar-hapur/
documents	https://www.dosje.gov.in/documents/tour-visits-by-honble-vice-chairperson-uttar-pradesh-sitapur-lucknow-aligarh/
documents	https://www.dosje.gov.in/documents/tour-visits-by-honble-vice-chairperson-odisha-west-bengal/
documents	https://www.dosje.gov.in/documents/tour-visits-by-honble-vice-chairperson-uttar-pradesh-meerut-muzaffarnagar-bareilly/
documents	https://www.dosje.gov.in/documents/tour-visits-by-honble-chairperson-rajasthan/
documents	https://www.dosje.gov.in/documents/tour-visits-by-honble-chairperson-telangana/
documents	https://www.dosje.gov.in/documents/tour-visits-by-honble-chairperson-bihar/
documents	https://www.dosje.gov.in/documents/tour-visits-by-honble-chairperson-chhattisgarh/
documents	https://www.dosje.gov.in/documents/minutes-of-6th-meeting-held-on-21-07-2015/
documents	https://www.dosje.gov.in/documents/minutes-of-2nd-meeting-held-on-15-09-2017/
documents	https://www.dosje.gov.in/documents/minutes-of-1st-meeting-held-on-13-07-2017/
documents	https://www.dosje.gov.in/documents/minutes-of-7th-meeting-held-on-21-06-2016/
documents	https://www.dosje.gov.in/documents/minutes-of-emergency-meeting-held-on-02-11-2015/
documents	https://www.dosje.gov.in/documents/minutes-of-emergency-meeting-held-on-22-03-2018/
documents	https://www.dosje.gov.in/documents/minutes-of-4th-meeting-held-on-23-10-2018/
documents	https://www.dosje.gov.in/documents/minutes-of-6th-meeting-held-on-03-09-2019-2/
documents	https://www.dosje.gov.in/documents/minutes-of-5th-meeting-held-on-12-03-2019-2/
documents	https://www.dosje.gov.in/documents/minutes-of-6th-meeting-held-on-13-12-2021-2/
documents	https://www.dosje.gov.in/documents/minutes-of-5th-meeting-held-on-11-10-2021-2/
documents	https://www.dosje.gov.in/documents/minutes-of-1st-to-4th-meeting-held-on-17-03-202101-04-202123-08-21-and-20-09-2021-2/
documents	https://www.dosje.gov.in/documents/minutes-of-10th-meeting-held-on-23-11-2023-2/
documents	https://www.dosje.gov.in/documents/minutes-of-9th-meeting-held-on-04-10-2023-2/
documents	https://www.dosje.gov.in/documents/minutes-of-8th-meeting-held-on-23-11-2022-2/
documents	https://www.dosje.gov.in/documents/minutes-of-7th-meeting-held-on-10-06-2022-2/
documents	https://www.dosje.gov.in/documents/minutes-of-2nd-meeting-held-on-30-01-2025-2/
documents	https://www.dosje.gov.in/documents/minutes-of-1st-meeting-held-on-01-10-2024-2/
documents	https://www.dosje.gov.in/documents/minutes-of-11th-meeting-held-on-02-02-2024-2/
documents	https://www.dosje.gov.in/documents/minutes-of-3rd-meeting-held-on-30-05-2025-2/
documents	https://www.dosje.gov.in/documents/minutes-of-21th-meeting-held-on-12-09-2011/
documents	https://www.dosje.gov.in/documents/minutes-of-20th-meeting-held-on-29-08-2011/
documents	https://www.dosje.gov.in/documents/minutes-of-25th-meeting-held-on-12-03-2012/
documents	https://www.dosje.gov.in/documents/minutes-of-24th-meeting-held-on-02-01-2012/
documents	https://www.dosje.gov.in/documents/minutes-of-23th-meeting-held-on-17-10-2011/
documents	https://www.dosje.gov.in/documents/minutes-of-22th-meeting-held-on-03-10-2011/
documents	https://www.dosje.gov.in/documents/minutes-of-26th-meeting-held-on-21-05-2012/
documents	https://www.dosje.gov.in/documents/minutes-of-28th-meeting-held-on-10-09-2012/
documents	https://www.dosje.gov.in/documents/minutes-of-27th-meeting-held-on-16-07-2012/
documents	https://www.dosje.gov.in/documents/minutes-of-31st-meeting-held-on-29-04-2013/
documents	https://www.dosje.gov.in/documents/minutes-of-30th-meeting-held-on-22-01-2013/
documents	https://www.dosje.gov.in/documents/minutes-of-29th-meeting-held-on-03-12-2012/
documents	https://www.dosje.gov.in/documents/minutes-of-34rd-meeting-held-on-23-09-2013/
documents	https://www.dosje.gov.in/documents/minutes-of-33rd-meeting-held-on-29-07-2013/
documents	https://www.dosje.gov.in/documents/minutes-of-32nd-meeting-held-on-17-06-2013/
documents	https://www.dosje.gov.in/documents/minutes-of-2nd-meeting-held-on-03-03-2014/
documents	https://www.dosje.gov.in/documents/minutes-of-1st-meeting-held-on-09-12-2013/
documents	https://www.dosje.gov.in/documents/minutes-of-4th-meeting-held-on-02-12-2014/
documents	https://www.dosje.gov.in/documents/minutes-of-3rd-meeting-held-on-04-08-2014/
documents	https://www.dosje.gov.in/documents/minutes-of-5th-meeting-held-on-10-02-2015/
documents	https://www.dosje.gov.in/documents/minutes-of-2nd-meeting-held-on-06-12-2010/
documents	https://www.dosje.gov.in/documents/minutes-of-1st-meeting-held-on-29-11-2010/
documents	https://www.dosje.gov.in/documents/minutes-of-4th-meeting-held-on-27-10-2010/
documents	https://www.dosje.gov.in/documents/minutes-of-3rd-meeting-held-on-13-12-2010/
documents	https://www.dosje.gov.in/documents/minutes-of-6th-meeting-held-on-10-01-2011/
documents	https://www.dosje.gov.in/documents/minutes-of-5th-meeting-held-on-03-01-2011/
documents	https://www.dosje.gov.in/documents/minutes-of-7th-meeting-held-on-24-01-2011/
documents	https://www.dosje.gov.in/documents/minutes-of-8th-meeting-held-on-31-01-2011/
documents	https://www.dosje.gov.in/documents/minutes-of-11th-meeting-held-on-14-03-2011/
documents	https://www.dosje.gov.in/documents/minutes-of-10th-meeting-held-on-28-02-2011/
documents	https://www.dosje.gov.in/documents/minutes-of-9th-meeting-held-on-14-02-2011/
documents	https://www.dosje.gov.in/documents/minutes-of-13th-meeting-held-on-18-04-2011/
documents	https://www.dosje.gov.in/documents/minutes-of-12th-meeting-held-on-28-03-2011/
documents	https://www.dosje.gov.in/documents/minutes-of-15th-meeting-held-on-30-05-2011/
documents	https://www.dosje.gov.in/documents/minutes-of-14th-meeting-held-on-09-05-2011/
documents	https://www.dosje.gov.in/documents/minutes-of-17th-meeting-held-on-20-06-2011/
documents	https://www.dosje.gov.in/documents/minutes-of-16th-meeting-held-on-13-06-2011/
documents	https://www.dosje.gov.in/documents/minutes-of-19th-meeting-held-on-08-08-2011/
documents	https://www.dosje.gov.in/documents/minutes-of-18th-meeting-held-on-18-07-2011/
documents	https://www.dosje.gov.in/documents/information-related-to-hearing-details-of-national-law-universities-schools-reg/
documents	https://www.dosje.gov.in/documents/engagement-of-one-consultant-law-on-contract-basis-in-national-commission-for-backward-classes-ncbc-reg/
documents	https://www.dosje.gov.in/documents/donation-of-one-day-salary-to-pm-cares-funds-reg/
documents	https://www.dosje.gov.in/documents/vacancy-notice-application-invited-to-appointment-of-one-account-officer-on-deputation-basis-or-engagement-of-one-consultant-account-officer-on-contract-basis-in-national-commission-for-backward/
documents	https://www.dosje.gov.in/documents/vacancy-notice-recruitment-to-the-posts-of-three-consultants-as-advisers-in-national-commission-for-backward-classes-ncbc-on-short-term-contact-basis/
documents	https://www.dosje.gov.in/documents/vacancy-notice-extended-up-to-07-06-2021-recruitment-to-the-posts-of-six-consultants-as-advisers-in-national-commission-for-backward-classes-ncbc-on-short-term-contact-basis/
documents	https://www.dosje.gov.in/documents/order-temporary-charge-of-first-appellate-authority-and-nodal-officer-of-rti-cases-regncbc-07-19-2021-rw/
documents	https://www.dosje.gov.in/documents/office-memorandum-no-visitors-may-be-allowed-to-enter-the-office-permises-during-up-to-30-04-2021/
documents	https://www.dosje.gov.in/documents/vacancy-notice-recruitment-to-the-posts-of-six-consultants-as-advisers-in-national-commission-for-backward-classesncbc-on-short-term-contact-basis/
documents	https://www.dosje.gov.in/documents/circular-engagement-of-one-consultant-accounts-officer-on-contract-deputation-basis-in-ncbc-f-no-ncbc-40-07-2013-admn/
documents	https://www.dosje.gov.in/documents/circular-notice-engagement-of-01-hindi-officer-retired-assistant-director-level-and-01-hindi-translator-retired-jht-sht-level-in-ncbc-through-outsourcing-agency-for-the-period-of-one-year-reg/
documents	https://www.dosje.gov.in/documents/tender-notice-tender-notice-for-disposal-of-auction-of-old-and-unserviceable-office-equipments-and-furniture-in-ncbc/
documents	https://www.dosje.gov.in/documents/circular-engagement-of-one-consultant-accounts-officer-on-contract-deputation-basis-in-national-commission-for-backward-classes-ncbc-reg/
documents	https://www.dosje.gov.in/documents/circular-engagement-of-one-consultant-accounts-officer-on-contract-deputation-basis-in-national-commission-for-backward-classes-ncbc-reg-2/
documents	https://www.dosje.gov.in/documents/engagement-of-one-consultant-accounts-officer-on-contract-basis-in-national-commission-for-backward-classesncbc-reg/
documents	https://www.dosje.gov.in/documents/vacancy-notice-invitation-of-applications-for-engagement-of-consultant-research-officers-2-nos-and-consultant-research-investigators-2-nos-on-contract-basis-in-national-commission-for-backward-cl/
documents	https://www.dosje.gov.in/documents/circular-engagement-of-one-consultant-accounts-officer-on-contract-basis-in-national-commission-for-backward-classes-ncbc-reg/
documents	https://www.dosje.gov.in/documents/appeal-voluntary-contribution-to-prime-ministers-citizens-assistance-and-relief-in-emergency-situation-fund-pm-cares-fund-to-extend-support-to-the-governments-efforts-to-fight-the-covid-19-pand/
documents	https://www.dosje.gov.in/documents/anti-terrorism-day-pledge-taking-ceremony/
documents	https://www.dosje.gov.in/documents/engagement-of-one-consultant-accounts-officer-on-contract-basis-in-national-commission-for-backward-classes-ncbc-reg/
documents	https://www.dosje.gov.in/documents/engagement-of-one-consultant-law-on-contract-basis-in-national-commission-for-backward-classes-ncbc-reg-2/
documents	https://www.dosje.gov.in/documents/donation-of-one-day-salary-to-pm-cares-funds-reg-2/
documents	https://www.dosje.gov.in/documents/information-related-to-hearing-details-of-national-law-universities-schools-reg-2/
documents	https://www.dosje.gov.in/documents/order-appointment-of-central-public-information-officer-cpio-and-nodal-officer-in-the-national-commission-for-backward-classes-for-rti-applications-reg/
documents	https://www.dosje.gov.in/documents/public-notice-unauthorized-persons-are-claiming-themselves-as-representative-of-national-commission-for-backward-classes-in-districts-states-reg/
documents	https://www.dosje.gov.in/documents/office-order-tenure-completion-of-dr-lokesh-kumar-prajapati-honble-vice-chairperson-national-commission-for-backward-classes-reg/
documents	https://www.dosje.gov.in/documents/office-order-tenure-completion-of-dr-bhagwan-lal-sahni-honble-chairman-national-commission-for-backward-classes-reg/
documents	https://www.dosje.gov.in/documents/office-order-tenure-completion-of-shri-achary-thalloju-honble-member-national-commission-for-backward-classes-reg/
documents	https://www.dosje.gov.in/documents/office-order-tenure-completion-of-dr-sudha-yadav-honble-member-national-commission-for-backward-classes-reg/
documents	https://www.dosje.gov.in/documents/quotation-notice-inviting-quotation-for-the-hindi-translation-job/
documents	https://www.dosje.gov.in/documents/office-memorandum-modalities-for-caste-communities-inclusion-and-exclusionf-no-ncbc-misc-40-05-2021-admn-32/
documents	https://www.dosje.gov.in/documents/office-order-tenure-completion-of-shri-kaushlendra-singh-patel-honble-member-national-commission-for-backward-classes-reg/
documents	https://www.dosje.gov.in/documents/office-order-appointment-of-first-appellate-authority-of-rti-cases-in-ncbc-reg/
documents	https://www.dosje.gov.in/documents/office-order-temporary-charge-of-nodal-officer-and-cpio-of-rti-cases-regarding/
documents	https://www.dosje.gov.in/documents/quotation-notice-inviting-quotation-for-the-printing-job/
documents	https://www.dosje.gov.in/documents/circular-engagement-of-01-hindi-officer-retired-assistant-director-level-and-01-hindi-translator-retired-jht-sht-level-in-ncbc-through-outsourcing-agency-for-the-period-of-one-year/
documents	https://www.dosje.gov.in/documents/office-order-posting-of-shri-ram-raj-yadava-as-director-and-work-allocation-in-ncbc-reg/
documents	https://www.dosje.gov.in/documents/office-order-allocation-of-work-of-adviser-and-submission-of-channel-of-files-regarding-complaints-grievances-to-the-honble-chairman-honble-vice-chairman-honble-members-reg/
documents	https://www.dosje.gov.in/documents/vacancy-circular-engagement-of-01-hindi-officer-retired-assistant-director-level-and-hindi-translator-retired-jht-sht-level-in-national-commission-for-backward-classes-through-outsourcing-agency/
documents	https://www.dosje.gov.in/documents/call-for-quotation-quotation-for-the-purchase-printing-stationery-items/
documents	https://www.dosje.gov.in/documents/tender-notice-tender-notice-for-disposal-of-auction-of-old-and-unserviceable-office-equipments-and-furniture-in-ncbc-2/
documents	https://www.dosje.gov.in/documents/vacancy-circular-application-are-invited-for-appointment-of-one-account-officer-on-deputation-basis-or-engagement-as-consultant-from-eligible-retired-pensioner-on-contract-basis-in-the-national-comm/
documents	https://www.dosje.gov.in/documents/office-order-appointment-of-nodal-officer-cpio-and-first-appellate-authority-and-rti-cases-reg-f-no-ncbc-07-19-2021-rw/
documents	https://www.dosje.gov.in/documents/recruitment-to-the-posts-of-one-01-consultant-as-advisor-in-national-commission-for-backward-classes-ncbc-on-short-term-contact-basis/
documents	https://www.dosje.gov.in/documents/engagement-to-the-posts-of-young-professionals-in-national-commission-for-backward-classes-ncbc-on-short-term-contact-basis/
documents	https://www.dosje.gov.in/documents/procedure-and-guidelines-for-the-engagement-of-young-professional-in-national-commission-for-backward-classes-ncbc-dated-6-10-25/
documents	https://www.dosje.gov.in/documents/circular-engagement-of-retired-government-official-on-contract-basis-as-consultant-to-the-post-of-mts01-post-in-national-commission-for-backward-classes-ncbc-reg/
documents	https://www.dosje.gov.in/documents/recruitment-to-the-post-of-three-03-consultants-as-advisors-in-national-commission-for-backward-classes-ncbc-on-short-term-contract-basis/
documents	https://www.dosje.gov.in/documents/recruitment-to-the-post-of-young-professionals-08-posts-in-national-commission-for-backward-classesncbc-on-short-term-contract-basis/
documents	https://www.dosje.gov.in/documents/recruitment-to-the-posts-of-one-consultant-as-advisor-in-national-commission-for-backward-classes-ncbc-on-short-term-contact-basis/
documents	https://www.dosje.gov.in/documents/engagement-of-retired-government-officials-on-contract-basis-as-consultant-to-the-post-of-staff-car-driver-01-post-in-ncbc/
documents	https://www.dosje.gov.in/documents/tender-notice-quotation-rates-for-commissions-board-name-patt-reg/
documents	https://www.dosje.gov.in/documents/order-appointment-of-cpio-and-nodal-officer-of-rti-cases-regarding/
documents	https://www.dosje.gov.in/documents/order-appointment-of-cpio-and-nodal-officer-of-rti-cases-reg/
documents	https://www.dosje.gov.in/documents/order-nomination-of-nodal-officer-of-cpgrams-portal-reg/
documents	https://www.dosje.gov.in/documents/order-nomination-of-nodal-officer-of-cscms-portal-reg/
documents	https://www.dosje.gov.in/documents/order-nomination-of-first-appellate-authority-of-rti-case-reg/
documents	https://www.dosje.gov.in/documents/order-nominate-of-first-appellate-authority-faa-of-rti-appeals-cases-reg/
documents	https://www.dosje.gov.in/documents/inspection-of-beneficiaries-evaluation-study-of-schemes-of-nbcfdc-to-access-the-impact-of-schemes-at-grassroots-level-in-the-ut-of-jammu-kashmir/
documents	https://www.dosje.gov.in/documents/inspection-of-beneficiaries-evaluation-study-of-schemes-of-nbcfdc-to-access-the-impact-of-schemes-at-grassroots-level-in-the-ut-of-jammu-kashmir-2/
documents	https://www.dosje.gov.in/documents/inspection-of-trainees-and-evaluation-study-of-non-credit-skill-development-training-programmes-sdtps-of-nbcfdc-in-the-state-of-kerala/
documents	https://www.dosje.gov.in/documents/evaluation-of-credit-schemes-of-nbcfdc-and-the-impact-of-the-socio-economic-development-of-beneficiaries-in-the-state-of-kerala/
documents	https://www.dosje.gov.in/documents/evaluation-of-schemes-of-national-backward-classes-finance-development-corporation-nbcfdc-implemented-in-the-state-of-punjab/
documents	https://www.dosje.gov.in/documents/inspection-of-beneficiaries-and-evaluation-of-schemes-of-nbcfdc-in-the-state-of-rajasthan/
documents	https://www.dosje.gov.in/documents/a-study-on-inspection-of-beneficiaries-and-evaluation-of-schemes-of-nbcfdcin-the-state-of-haryana/
documents	https://www.dosje.gov.in/documents/evaluation-of-micro-finance-credit-scheme-of-nbcfdc-in-the-state-of-assam/
documents	https://www.dosje.gov.in/documents/evaluation-of-schemes-of-nbcfdc-implemented-in-the-state-of-punjab/
documents	https://www.dosje.gov.in/documents/inspection-of-beneficiaries-and-evaluation-of-nbcfdc-schemes-in-the-state-of-puducherry/
documents	https://www.dosje.gov.in/documents/an-evaluative-study-of-skill-development-training-program-in-the-state-of-assam/
documents	https://www.dosje.gov.in/documents/inspection-of-beneficiaries-and-evaluation-of-nbcfdc-schemes-in-the-state-of-tamil-nadu/
documents	https://www.dosje.gov.in/documents/an-evaluation-of-the-status-and-assets-creation-by-the-beneficiaries-of-nbcfdc-loans-obc-categories-in-maharashtra/
documents	https://www.dosje.gov.in/documents/inspection-and-evaluation-of-imapct-of-the-scheme-of-nbcfdc-on-vjnt-beneficiaries-in-maharashtra/
documents	https://www.dosje.gov.in/documents/an-evaluation-of-socio-economic-impact-of-the-national-backward-classes-finance-development-corporation-schemes-on-the-lives-of-beneficiaries-in-himachal-pradesh/
documents	https://www.dosje.gov.in/documents/evaluation-of-micro-finance-credit-scheme-of-nbcfdc/
documents	https://www.dosje.gov.in/documents/study-on-inspection-of-beneficiaries-and-evaluation-of-schemes-of-nbcfdc/
documents	https://www.dosje.gov.in/documents/inspection-of-beneficiaries-and-evaluation-of-schemes-of-nbcfdc/
documents	https://www.dosje.gov.in/documents/list-of-cases-where-of-sewer-deaths-legal-heirs-could-not-be-traced-despite-best-efforts-up-to-31st-december-2025/
documents	https://www.dosje.gov.in/documents/status-of-constitution-of-district-sub-divisional-vigilance-committees-in-states-as-on-31-12-2025/
documents	https://www.dosje.gov.in/documents/total-number-of-sewer-septic-tank-death-cases-from-1993-up-to-31st-december-2025/
documents	https://www.dosje.gov.in/documents/mgt-7-for-the-financial-year-2019-2020/
documents	https://www.dosje.gov.in/documents/list-of-state-commissions-for-safai-karamcharis-designated-agencies-as-on-31-12-2025/
documents	https://www.dosje.gov.in/documents/status-of-constitution-of-state-monitoring-committees-as-on-31-12-2025/
documents	https://www.dosje.gov.in/documents/annual-report-2019-20-5/
documents	https://www.dosje.gov.in/documents/mgt-7-for-the-financial-year-2020-21/
documents	https://www.dosje.gov.in/documents/mgt-7-for-the-financial-year-2021-22/
documents	https://www.dosje.gov.in/documents/mgt-7-for-the-financial-year-2022-23/
documents	https://www.dosje.gov.in/documents/mou-for-the-year-2022-23/
documents	https://www.dosje.gov.in/documents/mou-for-the-year-2020-21/
documents	https://www.dosje.gov.in/documents/mou-for-the-year-2019-20/
documents	https://www.dosje.gov.in/documents/mou-for-the-year-2018-19/
documents	https://www.dosje.gov.in/documents/mou-for-the-year-2017-18/
documents	https://www.dosje.gov.in/documents/mou-for-the-year-2015-16/
documents	https://www.dosje.gov.in/documents/mou-for-the-year-2024-2025/
documents	https://www.dosje.gov.in/documents/mou-rating-of-nbcfdc/
documents	https://www.dosje.gov.in/documents/rti-act-2005-2/
documents	https://www.dosje.gov.in/documents/particulars-of-organization-functions-and-duties/
documents	https://www.dosje.gov.in/documents/power-and-duties-of-its-officers-and-employee/
documents	https://www.dosje.gov.in/documents/procedure-followed-in-decision-making/
documents	https://www.dosje.gov.in/documents/norms-for-discharge-of-function/
documents	https://www.dosje.gov.in/documents/rules-regulations-instructions/
documents	https://www.dosje.gov.in/documents/categories-of-documents-held-by-the-authority-under-its-control/
documents	https://www.dosje.gov.in/documents/boards-councils-committees/
documents	https://www.dosje.gov.in/documents/directory-of-officers-and-employees/
documents	https://www.dosje.gov.in/documents/monthly-remuneration-received-by-officers-employees-including-system-of-compensation/
documents	https://www.dosje.gov.in/documents/no-of-employees-against-whom/
documents	https://www.dosje.gov.in/documents/programmes-to-advance-understanding-of-rti-section/
documents	https://www.dosje.gov.in/documents/transfer-policy-and-transfer-orders-f-no-162011-ir-dated-15-4-2013/
documents	https://www.dosje.gov.in/documents/foreign-domestic-tours-f-no-1-8-2012-ir-dt-11-9-2012/
documents	https://www.dosje.gov.in/documents/section-4-1-b-xii-manner-of-execution-of-subsidy-program-section-4-1-b-xii/
documents	https://www.dosje.gov.in/documents/discretionary-non-discretionary-grant-f-no-1-6-2011-ir-dt-15-4-2013/
documents	https://www.dosje.gov.in/documents/section-41-b-xiii-particulars-of-receipient-of-concessions-section-4-1-b-xiii/
documents	https://www.dosje.gov.in/documents/cag-pac-paras-f-no-1-6-2011-ir-dt-15-4-2013/
documents	https://www.dosje.gov.in/documents/details-of-policies-decisions-which-affect-public-section-4-1-c/
documents	https://www.dosje.gov.in/documents/dissemination-of-information-widely-and-in-such-form-and-manner-which-is-easily-access-section/
documents	https://www.dosje.gov.in/documents/form-of-accessibility-of-information-manual-handbook-section-4-1-b/
documents	https://www.dosje.gov.in/documents/whether-information-manual-handbook-available-free-of-cost-or-not-section-4-1-b/
documents	https://www.dosje.gov.in/documents/language-in-which-information-manual/
documents	https://www.dosje.gov.in/documents/when-was-the-information-manual-handbook-last-updated/
documents	https://www.dosje.gov.in/documents/information-available-in-electronic-form/
documents	https://www.dosje.gov.in/documents/particulars-of-facilities-available-to-citizen-for-obtaining-information/
documents	https://www.dosje.gov.in/documents/such-other-information-as-may-be-prescribed-under-section-41bxvii/
documents	https://www.dosje.gov.in/documents/receipt-disposal-of-rti-applications-appeals/
documents	https://www.dosje.gov.in/documents/replies-to-questions-asked-in-the-parliament/
documents	https://www.dosje.gov.in/documents/such-other-information-as-may-be-prescribed/
documents	https://www.dosje.gov.in/documents/item-information-disclosed-so-that-public-have-minimum-resort-to-use-of-rti-act-to-obtain-information/
documents	https://www.dosje.gov.in/documents/guidelines-for-indian-government-websites-gigw/
documents	https://www.dosje.gov.in/documents/receipt-and-disposal-of-rti-applications-and-appeals/
documents	https://www.dosje.gov.in/documents/overview-of-approved-csr-projects-and-expenditures/
documents	https://www.dosje.gov.in/documents/details-of-disbursements-and-number-of-beneficiaries-during-the-last-five-years-and-cumulative/
documents	https://www.dosje.gov.in/documents/code-of-business-conduct-and-ethics-for-board-members-and-senior-managers/
documents	https://www.dosje.gov.in/documents/hr-manual/
documents	https://www.dosje.gov.in/documents/skill-development-inspection/
documents	https://www.dosje.gov.in/documents/loan-scheme-inspection/
documents	https://www.dosje.gov.in/documents/memorandum-of-association-and-articles-of-association/
documents	https://www.dosje.gov.in/documents/purchase-plan-2023-24/
documents	https://www.dosje.gov.in/documents/nbcfdc-policy-on-determination-of-materiality/
documents	https://www.dosje.gov.in/documents/nbcfdc-sexual-harassment-policy/
documents	https://www.dosje.gov.in/documents/record-retention-policy-2/
documents	https://www.dosje.gov.in/documents/risk-management-policy/
documents	https://www.dosje.gov.in/documents/rajbhasha-subhashini-2020/
documents	https://www.dosje.gov.in/documents/rajbhasha-subhashini-2021/
documents	https://www.dosje.gov.in/documents/rajbhasha-subhashini-2022/
documents	https://www.dosje.gov.in/documents/visvas-faq-2/
documents	https://www.dosje.gov.in/documents/bank-guarantee-deed-nbfc-mfis/
documents	https://www.dosje.gov.in/documents/drawl-of-fund-format-banks/
documents	https://www.dosje.gov.in/documents/format-aap-for-sca/
documents	https://www.dosje.gov.in/documents/format-for-exhibition/
documents	https://www.dosje.gov.in/documents/gfr-12-a-uc-12-a/
documents	https://www.dosje.gov.in/documents/general-loan-agreement/
documents	https://www.dosje.gov.in/documents/moa-format-nbfc-mfis/
documents	https://www.dosje.gov.in/documents/awareness-camp-policy-format/
documents	https://www.dosje.gov.in/documents/supreme-court-judgment-dated-13-01-2026/
documents	https://www.dosje.gov.in/documents/annual-report-2024-25-3/
documents	https://www.dosje.gov.in/documents/total-number-of-sewer-septic-tank-death-cases-from-1993-up-to-31st-january-2026/
documents	https://www.dosje.gov.in/documents/list-of-cases-where-of-sewer-deaths-legal-heirs-could-not-be-traced-despite-best-efforts-up-to-31st-january-2026/
documents	https://www.dosje.gov.in/documents/supreme-court-judgment-dated-20-01-2026/
documents	https://www.dosje.gov.in/documents/supreme-court-judgment-dated-27-01-2026/
documents	https://www.dosje.gov.in/documents/list-of-state-commissions-for-safai-karamcharis-designated-agencies-as-on-31-01-2026/
documents	https://www.dosje.gov.in/documents/status-of-constitution-of-state-monitoring-committees-as-on-31-01-2026/
documents	https://www.dosje.gov.in/documents/status-of-constitution-of-district-sub-divisional-vigilance-committees-in-states-as-on-31-01-2026/
documents	https://www.dosje.gov.in/documents/sewers-and-septic-tanks-workers-541/
documents	https://www.dosje.gov.in/documents/rehabilitation-of-manual-scavengers-388/
documents	https://www.dosje.gov.in/documents/furnishing-of-expected-expenditure-up-to-31-03-2026-against-mother-sanctions-issued-under-pm-ajay/
documents	https://www.dosje.gov.in/documents/70th-mahaparinirwan-diwas-of-dr-b-r-ambedkar-english/
documents	https://www.dosje.gov.in/documents/70th-mahaparinirwan-diwas-of-dr-b-r-ambedkar-hindi/
documents	https://www.dosje.gov.in/documents/notice-inviting-application-in-respect-of-garima-greh-project-under-smile-scheme-reg/
documents	https://www.dosje.gov.in/documents/message-for-national-portal-for-transgender-persons/
documents	https://www.dosje.gov.in/documents/expression-of-interest-setting-up-of-garima-greh-hindi/
documents	https://www.dosje.gov.in/documents/expression-of-interest-setting-up-or-garima-greh-english/
documents	https://www.dosje.gov.in/documents/launch-of-national-portal-for-transgender-persons/
documents	https://www.dosje.gov.in/documents/model-transgender-welfare-board_nov-2023-dated-10-11-2023/
documents	https://www.dosje.gov.in/documents/appointment-of-complaint-officer-in-establishments-english/
documents	https://www.dosje.gov.in/documents/mha-advisory-tg-prisons_jan-2022-dated-10-01-2022/
documents	https://www.dosje.gov.in/documents/mha-letter-for-implementation-of-tg-act-jan-2021-dated-21-01-2021/
documents	https://www.dosje.gov.in/documents/equal-opportunity-policy-for-transgender-persons/
documents	https://www.dosje.gov.in/documents/acceptance-of-transgender-identity-certificate-card-for-change-name-and-gender-in-epfo-records/
documents	https://www.dosje.gov.in/documents/appointment-of-complaint-officers-in-establishments-hindi/
documents	https://www.dosje.gov.in/documents/equal-opportunity-policy-for-transgender-persons-hindi/
documents	https://www.dosje.gov.in/documents/model-transgender-welfare-board-hindi/
documents	https://www.dosje.gov.in/documents/model-transgender-welfare-board/
documents	https://www.dosje.gov.in/documents/transgender-protection-cell-guidelines/
documents	https://www.dosje.gov.in/documents/smile-scheme-guidelines/
documents	https://www.dosje.gov.in/documents/27613-2/
documents	https://www.dosje.gov.in/documents/transgender-personsprotection-of-right-act-2019/
documents	https://www.dosje.gov.in/documents/constitution-of-national-council-for-transgender-persons-notification/
documents	https://www.dosje.gov.in/documents/rti-act-2005-3/
documents	https://www.dosje.gov.in/documents/information-handbook-under-section-41b-of-the-rti-act-2005/
documents	https://www.dosje.gov.in/documents/list-of-cpios-and-faas/
documents	https://www.dosje.gov.in/documents/nisd-journal/
documents	https://www.dosje.gov.in/documents/constitution-of-national-council-for-transgender-persons/
documents	https://www.dosje.gov.in/documents/affidavit-format-of-section-7/
documents	https://www.dosje.gov.in/documents/affidavit-format-of-section-6/
documents	https://www.dosje.gov.in/documents/affidavit-format/
documents	https://www.dosje.gov.in/documents/status-of-constitution-of-district-sub-divisional-vigilance-committees-in-states-as-on-28-02-2026/
documents	https://www.dosje.gov.in/documents/total-number-of-sewer-septic-tank-death-cases-from-1993-up-to-28th-february-2026/
documents	https://www.dosje.gov.in/documents/list-of-cases-where-of-sewer-deaths-legal-heirs-could-not-be-traced-despite-best-efforts-up-to-28th-february-2026/
documents	https://www.dosje.gov.in/documents/result-of-national-overseas-scholarship-nos-for-sc-etc-candidates-for-the-selection-year-2025-26-2nd-round/
documents	https://www.dosje.gov.in/documents/sy-2025-26-hindi/
documents	https://www.dosje.gov.in/documents/list-of-state-commissions-for-safai-karamcharis-designated-agencies-as-on-28-02-2026/
documents	https://www.dosje.gov.in/documents/status-of-constitution-of-state-monitoring-committees-as-on-28-02-2026/
documents	https://www.dosje.gov.in/documents/sy-2025-26-english/
documents	https://www.dosje.gov.in/documents/sy-2024-25-hindi/
documents	https://www.dosje.gov.in/documents/sy-2019-20/
documents	https://www.dosje.gov.in/documents/sy-2021-22-2020-21/
documents	https://www.dosje.gov.in/documents/sy-2024-25-english/
documents	https://www.dosje.gov.in/documents/sy-2023-24/
documents	https://www.dosje.gov.in/documents/sy-2022-23/
documents	https://www.dosje.gov.in/documents/format-for-income-certificate/
documents	https://www.dosje.gov.in/documents/format-for-certificate-of-being-landless-agricultural-labourer/
documents	https://www.dosje.gov.in/documents/format-for-certificate-of-being-traditional-artisan/
documents	https://www.dosje.gov.in/documents/faq-hindi/
documents	https://www.dosje.gov.in/documents/faq-english-2/
documents	https://www.dosje.gov.in/documents/result-of-nos-for-the-selection-year-2019-20-1st-list/
documents	https://www.dosje.gov.in/documents/result-of-nos-for-the-selection-year-2020-21-4th-list/
documents	https://www.dosje.gov.in/documents/result-of-nos-for-the-selection-year-2020-21-3rd-list/
documents	https://www.dosje.gov.in/documents/result-of-nos-for-the-selection-year-2020-21-2nd-list/
documents	https://www.dosje.gov.in/documents/result-of-nos-for-the-selection-year-2020-21-1st-list/
documents	https://www.dosje.gov.in/documents/result-of-nos-for-the-selection-year-2021-22-4th-list/
documents	https://www.dosje.gov.in/documents/result-of-nos-for-the-selection-year-2021-22-3rd-list/
documents	https://www.dosje.gov.in/documents/result-of-nos-for-the-selection-year-2021-22-2nd-list/
documents	https://www.dosje.gov.in/documents/result-of-nos-for-the-selection-year-2021-22-2nd-list-2/
documents	https://www.dosje.gov.in/documents/result-of-nos-for-the-selection-year-2021-22-1st-list/
documents	https://www.dosje.gov.in/documents/result-of-nos-for-the-selection-year-2022-23-5th-list/
documents	https://www.dosje.gov.in/documents/result-of-nos-for-the-selection-year-2022-23-4th-list/
documents	https://www.dosje.gov.in/documents/result-of-nos-for-the-selection-year-2022-23-3rd-list/
documents	https://www.dosje.gov.in/documents/result-of-nos-for-the-selection-year-2022-23-2nd-list/
documents	https://www.dosje.gov.in/documents/result-of-nos-for-the-selection-year-2022-23-1st-list/
documents	https://www.dosje.gov.in/documents/result-of-nos-for-the-selection-year-2023-24-6th-list/
documents	https://www.dosje.gov.in/documents/result-of-nos-for-the-selection-year-2023-24-5th-list/
documents	https://www.dosje.gov.in/documents/result-of-nos-for-the-selection-year-2023-24-4th-list/
documents	https://www.dosje.gov.in/documents/result-of-nos-for-the-selection-year-2023-24-3rd-list/
documents	https://www.dosje.gov.in/documents/result-of-nos-for-the-selection-year-2023-24-2nd-list/
documents	https://www.dosje.gov.in/documents/result-of-nos-for-the-selection-year-2023-24-1st-list/
documents	https://www.dosje.gov.in/documents/result-of-nos-for-sc-etc-candidates-from-grievance-received-for-the-selection-year-2024-25/
documents	https://www.dosje.gov.in/documents/result-of-nos-for-the-selection-year-2024-25-1st-list/
documents	https://www.dosje.gov.in/documents/notice-regarding-second-round-of-selection-year-2024-25/
documents	https://www.dosje.gov.in/documents/notice-regarding-issuance-of-provisional-letters-for-first-round-of-selection-year-2025-26/
documents	https://www.dosje.gov.in/documents/result-of-nos-for-the-selection-year-2025-261st-round/
documents	https://www.dosje.gov.in/documents/result-of-national-overseas-scholarship-nos-for-sc-etc-candidates-for-the-selection-year-2025-26-2nd-round-2/
documents	https://www.dosje.gov.in/documents/magnitude-of-substance-use-in-india-ddtc-aiims-2019/
documents	https://www.dosje.gov.in/documents/updated-smile-scheme-transgender-sub-scheme/
documents	https://www.dosje.gov.in/documents/national-council-of-transgender-persons-re-constitution-notification-dated-16-11-2023/
documents	https://www.dosje.gov.in/documents/announcement-result-of-national-overseas-scholarship-nos-for-sc-etc-candidates-for-the-selection-year-2025-26-2nd-round/
documents	https://www.dosje.gov.in/documents/pm-ajay-guidelines/
documents	https://www.dosje.gov.in/documents/utilization-certificate/
documents	https://www.dosje.gov.in/documents/pm-ajay-releases-and-utilization-implementation-status/
documents	https://www.dosje.gov.in/documents/technical-presentation/
documents	https://www.dosje.gov.in/documents/formats-gia/
documents	https://www.dosje.gov.in/documents/prohibition-of-employment-of-manual-scavengers-4031/
documents	https://www.dosje.gov.in/documents/physical-financial-format/
documents	https://www.dosje.gov.in/documents/formats-hostel/
documents	https://www.dosje.gov.in/documents/faq/
documents	https://www.dosje.gov.in/documents/citizen-charter-3/
documents	https://www.dosje.gov.in/documents/total-number-of-sewer-septic-tank-death-cases-from-1993-up-to-31st-march-2026/
documents	https://www.dosje.gov.in/documents/list-of-cases-where-of-sewer-deaths-legal-heirs-could-not-be-traced-despite-best-efforts-up-to-31st-march-2026/
documents	https://www.dosje.gov.in/documents/detailed-list-of-beneficiaries-under-the-dr-ambedkar-medical-aid-scheme-for-the-financial-year-2025-26/
documents	https://www.dosje.gov.in/documents/status-of-constitution-of-district-sub-divisional-vigilance-committees-in-states-as-on-31-03-2026/
documents	https://www.dosje.gov.in/documents/e-magazine-unnati-6th-edition/
documents	https://www.dosje.gov.in/documents/e-magazine-unnati-7th-edition/
documents	https://www.dosje.gov.in/documents/list-of-state-commissions-for-safai-karamcharis-designated-agencies-as-on-31-03-2026/
documents	https://www.dosje.gov.in/documents/status-of-constitution-of-state-monitoring-committees-as-on-31-03-2026/
documents	https://www.dosje.gov.in/documents/e-magazine-unnati-8th-edition/
documents	https://www.dosje.gov.in/documents/dopt-oms-orders/
documents	https://www.dosje.gov.in/documents/reservation-for-candidates-from-other-backward-classes-revision-of-income-criteria-and-determining-equivalence-of-posts-in-central-public-sector-enterprises-cpses-public-sector-banks-public-fina/
documents	https://www.dosje.gov.in/documents/dopt-oms-orderenglish/
documents	https://www.dosje.gov.in/documents/transgender-persons-protection-of-rights-amendment-act-2026/
documents	https://www.dosje.gov.in/documents/result-of-national-overseas-scholarship-nos-for-the-selection-year-2025-26-3rd-round/
documents	https://www.dosje.gov.in/documents/sy-2025-26-english-2/
documents	https://www.dosje.gov.in/documents/sy-2025-26-hindi-2/
documents	https://www.dosje.gov.in/documents/the-national-commission-for-backward-classes-repeal-act-2018/
documents	https://www.dosje.gov.in/documents/ncbc-chairperson-vice-chairperson-and-members-conditions-of-service-and-tenure-rules-2018/
documents	https://www.dosje.gov.in/documents/annual-report-2025-26-hindi/
documents	https://www.dosje.gov.in/documents/annual-report-2025-26-english/
documents	https://www.dosje.gov.in/documents/36th-annual-report-2024-25/
documents	https://www.dosje.gov.in/documents/total-number-of-sewer-septic-tank-death-cases-from-1993-up-to-30th-april-2026/
documents	https://www.dosje.gov.in/documents/list-of-cases-where-of-sewer-deaths-legal-heirs-could-not-be-traced-despite-best-efforts-up-to-30th-april-2026/
documents	https://www.dosje.gov.in/documents/status-of-constitution-of-state-monitoring-committees-as-on-30-04-2026/
documents	https://www.dosje.gov.in/documents/list-of-state-commissions-for-safai-karamcharis-designated-agencies-as-on-30-04-2026/
documents	https://www.dosje.gov.in/documents/annual-report-2023-24-4/
documents	https://www.dosje.gov.in/documents/annual-report-2024-25-2/
documents	https://www.dosje.gov.in/documents/local-borns/
documents	https://www.dosje.gov.in/documents/deleted-22/
documents	https://www.dosje.gov.in/documents/kachi-3/
documents	https://www.dosje.gov.in/documents/koppulavelama/
documents	https://www.dosje.gov.in/documents/mali-where-they-are-not-scheduled-tribe-2/
documents	https://www.dosje.gov.in/documents/deleted-23/
documents	https://www.dosje.gov.in/documents/polinativelama-of-srikakulam-visakhapatnam-districts/
documents	https://www.dosje.gov.in/documents/passi-2/
documents	https://www.dosje.gov.in/documents/sadhuchetty-3/
documents	https://www.dosje.gov.in/documents/vanjara-vanjari-3/
documents	https://www.dosje.gov.in/documents/deleted-24/
documents	https://www.dosje.gov.in/documents/gudia-gudiyaconfined-to-srikakulam-vizianagaram-and-visakhapatnam-districts-only/
documents	https://www.dosje.gov.in/documents/qureshi-muslim-butchers-2/
documents	https://www.dosje.gov.in/documents/baroi/
documents	https://www.dosje.gov.in/documents/kumar-rudra-paul-of-districts-of-cachar-karimganj-hailakandi/
documents	https://www.dosje.gov.in/documents/mahisya-das-mahisya/
documents	https://www.dosje.gov.in/documents/sudra-das-dey/
documents	https://www.dosje.gov.in/documents/sut-soot/
documents	https://www.dosje.gov.in/documents/tantripal-tanti-tantri/
documents	https://www.dosje.gov.in/documents/ahirgoala/
documents	https://www.dosje.gov.in/documents/basphor/
documents	https://www.dosje.gov.in/documents/bauri-2/
documents	https://www.dosje.gov.in/documents/bhuyan/
documents	https://www.dosje.gov.in/documents/bedia/
documents	https://www.dosje.gov.in/documents/bharaik/
documents	https://www.dosje.gov.in/documents/bhil/
documents	https://www.dosje.gov.in/documents/birhar/
documents	https://www.dosje.gov.in/documents/chowdhari/
documents	https://www.dosje.gov.in/documents/dandasi/
documents	https://www.dosje.gov.in/documents/dhanwar-2/
documents	https://www.dosje.gov.in/documents/ghatowar/
documents	https://www.dosje.gov.in/documents/koiri-2/
documents	https://www.dosje.gov.in/documents/kurmi-6/
documents	https://www.dosje.gov.in/documents/kalahandi/
documents	https://www.dosje.gov.in/documents/kherwar/
documents	https://www.dosje.gov.in/documents/lahar/
documents	https://www.dosje.gov.in/documents/manki/
documents	https://www.dosje.gov.in/documents/munda/
documents	https://www.dosje.gov.in/documents/nagasia/
documents	https://www.dosje.gov.in/documents/nath/
documents	https://www.dosje.gov.in/documents/pradhan-3/
documents	https://www.dosje.gov.in/documents/sarvera/
documents	https://www.dosje.gov.in/documents/telenga/
documents	https://www.dosje.gov.in/documents/tantubai/
documents	https://www.dosje.gov.in/documents/amaat-2/
documents	https://www.dosje.gov.in/documents/kewat-keot-2/
documents	https://www.dosje.gov.in/documents/kalandar-2/
documents	https://www.dosje.gov.in/documents/deleted-25/
documents	https://www.dosje.gov.in/documents/deleted-26/
documents	https://www.dosje.gov.in/documents/kurmi-kurmi-mahto-in-chhotanagpur-division-only/
documents	https://www.dosje.gov.in/documents/kanu-2/
documents	https://www.dosje.gov.in/documents/kosta-koshta/
documents	https://www.dosje.gov.in/documents/khangar-2/
documents	https://www.dosje.gov.in/documents/khetauri-khatauri/
documents	https://www.dosje.gov.in/documents/godi-chhava-2/
documents	https://www.dosje.gov.in/documents/gandarbh-or-gandharb/
documents	https://www.dosje.gov.in/documents/gangota-gangoth-2/
documents	https://www.dosje.gov.in/documents/gulgaliya-2/
documents	https://www.dosje.gov.in/documents/ghatwar-3/
documents	https://www.dosje.gov.in/documents/chain-chayeen-2/
documents	https://www.dosje.gov.in/documents/chapota/
documents	https://www.dosje.gov.in/documents/churihar-muslim/
documents	https://www.dosje.gov.in/documents/dafali-muslim-2/
documents	https://www.dosje.gov.in/documents/turha-3/
documents	https://www.dosje.gov.in/documents/tiyar/
documents	https://www.dosje.gov.in/documents/teli-8/
documents	https://www.dosje.gov.in/documents/deleted-27/
documents	https://www.dosje.gov.in/documents/dhobi-muslim-2/
documents	https://www.dosje.gov.in/documents/dhamin-2/
documents	https://www.dosje.gov.in/documents/nunia-nonia/
documents	https://www.dosje.gov.in/documents/nalband-muslim-2/
documents	https://www.dosje.gov.in/documents/pamaria-muslim-2/
documents	https://www.dosje.gov.in/documents/pandi-2/
documents	https://www.dosje.gov.in/documents/parya-2/
documents	https://www.dosje.gov.in/documents/pal-bherihar-gaderi-gaderia-2/
documents	https://www.dosje.gov.in/documents/bagdi/
documents	https://www.dosje.gov.in/documents/beldar-3/
documents	https://www.dosje.gov.in/documents/barhai-viswakarma-badhai/
documents	https://www.dosje.gov.in/documents/sudi-halwai-roniyar-pansari-modi-kasera-kesarwani-thathera-patwa-sinduriya-bania-mahuri-vaishya-avadh-bania-agrahari-vaishya/
documents	https://www.dosje.gov.in/documents/bhathiara-muslim-2/
documents	https://www.dosje.gov.in/documents/bhaskar-2/
documents	https://www.dosje.gov.in/documents/bhuihar-bhuiyar/
documents	https://www.dosje.gov.in/documents/mali-malakar-2/
documents	https://www.dosje.gov.in/documents/madari-muslim-2/
documents	https://www.dosje.gov.in/documents/miriasin-muslim-2/
documents	https://www.dosje.gov.in/documents/malar-malhar/
documents	https://www.dosje.gov.in/documents/markande-2/
documents	https://www.dosje.gov.in/documents/mukri-mukeri-muslim-2/
documents	https://www.dosje.gov.in/documents/madar-2/
documents	https://www.dosje.gov.in/documents/mirshikar-muslim-2/
documents	https://www.dosje.gov.in/documents/yadav-gwala-ahir-gope-sadgope/
documents	https://www.dosje.gov.in/documents/rajdhobi-2/
documents	https://www.dosje.gov.in/documents/rangwa-3/
documents	https://www.dosje.gov.in/documents/rauttiya/
documents	https://www.dosje.gov.in/documents/laheri-2/
documents	https://www.dosje.gov.in/documents/banpar-2/
documents	https://www.dosje.gov.in/documents/sauta-sota-2/
documents	https://www.dosje.gov.in/documents/sayee-muslim-2/
documents	https://www.dosje.gov.in/documents/sangatrash-only-in-the-district-of-nawadah/
documents	https://www.dosje.gov.in/documents/christian-converts-from-scheduled-castes-2/
documents	https://www.dosje.gov.in/documents/dhanwar-3/
documents	https://www.dosje.gov.in/documents/kalwar-3/
documents	https://www.dosje.gov.in/documents/sukiyar-3/
documents	https://www.dosje.gov.in/documents/bakho-muslim-2/
documents	https://www.dosje.gov.in/documents/beta-hensi-hansi-or-hasi/
documents	https://www.dosje.gov.in/documents/bhat-bhatra-darpi-ramiya-2/
documents	https://www.dosje.gov.in/documents/chhimba-chimba-chhippi-chhipi-chippi-darji-darj-tank-chimpa-chibahindu-muslim-sikh-christian/
documents	https://www.dosje.gov.in/documents/christian-converted-from-scheduled-castes-2/
documents	https://www.dosje.gov.in/documents/dakaut-dahakaut/
documents	https://www.dosje.gov.in/documents/dhosali-dosali-bhosalihindumuslim-sikh-christian/
documents	https://www.dosje.gov.in/documents/gawala-gwala-gowala-gowale-gawla-yadav-ahir/
documents	https://www.dosje.gov.in/documents/ghirath-including-chahng-bahti/
documents	https://www.dosje.gov.in/documents/hajjam-hazam-nai-nais/
documents	https://www.dosje.gov.in/documents/jogi-nath-2/
documents	https://www.dosje.gov.in/documents/kanjar-kanchan-2/
documents	https://www.dosje.gov.in/documents/kurmi-kummi/
documents	https://www.dosje.gov.in/documents/kuchband/
documents	https://www.dosje.gov.in/documents/lakhera-manihar-kanihar/
documents	https://www.dosje.gov.in/documents/mochi-excluding-those-in-scheduled-caste/
documents	https://www.dosje.gov.in/documents/mirasi-7/
documents	https://www.dosje.gov.in/documents/noongar-2/
documents	https://www.dosje.gov.in/documents/rechband-3/
documents	https://www.dosje.gov.in/documents/soi-2/
documents	https://www.dosje.gov.in/documents/thathera-thethera-tamera/
documents	https://www.dosje.gov.in/documents/ramgarhia/
documents	https://www.dosje.gov.in/documents/saini-3/
documents	https://www.dosje.gov.in/documents/asara-3/
documents	https://www.dosje.gov.in/documents/bharood-2/
documents	https://www.dosje.gov.in/documents/dhimar-dhimer-bhoi-kahar-kahra-dhiwar-mallah-nawda-navda-turaha-kewat-rackwar-raikwar-kir-britiya-vritiya-sondhiya/
documents	https://www.dosje.gov.in/documents/hajjam-barber-nai-barber-salmani/
documents	https://www.dosje.gov.in/documents/teli-nayata-pindari-pindara/
documents	https://www.dosje.gov.in/documents/pemdi-2/
documents	https://www.dosje.gov.in/documents/kachhi-kushwaha-koshwaha-maurya-koyari-koiri-kushwaha-shakya-murai-panara-panahara-sonkar-2/
documents	https://www.dosje.gov.in/documents/yata-4/
documents	https://www.dosje.gov.in/documents/kurmar-kurami-kurmi-kunbi-kurmi-patidar-kulami-kulmi-kulambi-gavel-gabhel-kurmvanshi-chandrakar-chandra-nahu-kumbhi-gavel-gamel-sirvi/
documents	https://www.dosje.gov.in/documents/mali-saini-marar-2/
documents	https://www.dosje.gov.in/documents/bhandari-8/
documents	https://www.dosje.gov.in/documents/sagar-3/
documents	https://www.dosje.gov.in/documents/soni-sonar/
documents	https://www.dosje.gov.in/documents/bhoi/
documents	https://www.dosje.gov.in/documents/kharva/
documents	https://www.dosje.gov.in/documents/mir/
documents	https://www.dosje.gov.in/documents/mangela/
documents	https://www.dosje.gov.in/documents/joshinandiwala-2/
documents	https://www.dosje.gov.in/documents/mandula-2/
documents	https://www.dosje.gov.in/documents/swakulasali-2/
documents	https://www.dosje.gov.in/documents/scheduled-castes-converts-to-christianity-and-their-progeny-4/
documents	https://www.dosje.gov.in/documents/bhatraju-3/
documents	https://www.dosje.gov.in/documents/koshti-4/
documents	https://www.dosje.gov.in/documents/mudiraj-mutrasi-tenugollu-3/
documents	https://www.dosje.gov.in/documents/neeli-5/
documents	https://www.dosje.gov.in/documents/uppara-or-sagara-2/
documents	https://www.dosje.gov.in/documents/yadava-golla-3/
documents	https://www.dosje.gov.in/documents/kasikapadi-kasikapudi-area-confined-to-hyderabad-rangareddy-nizamabad-mahaboobnagar-and-adilabad-districts-only-2/
documents	https://www.dosje.gov.in/documents/lodh-lodhi-lodha-area-confined-to-hyderabad-rangareddy-khammam-and-adilabad-districts-only-3/
documents	https://www.dosje.gov.in/documents/kurmi-7/
documents	https://www.dosje.gov.in/documents/siddula/
documents	https://www.dosje.gov.in/documents/moira-halwai-modak-halwai/
documents	https://www.dosje.gov.in/documents/sutradhar/
documents	https://www.dosje.gov.in/documents/teli-9/
documents	https://www.dosje.gov.in/documents/nagar-this-does-not-include-immigrant-maithili-brahmins-and-immigrant-nagars-from-other-states-who-are-brahmins-and-baniyas-2/
documents	https://www.dosje.gov.in/documents/keori-koiri/
documents	https://www.dosje.gov.in/documents/chitrakar-3/
documents	https://www.dosje.gov.in/documents/turha-4/
documents	https://www.dosje.gov.in/documents/bhujel/
documents	https://www.dosje.gov.in/documents/bhar-4/
documents	https://www.dosje.gov.in/documents/rangwa-4/
documents	https://www.dosje.gov.in/documents/patidar/
documents	https://www.dosje.gov.in/documents/pahadia-muslim/
documents	https://www.dosje.gov.in/documents/nikarimuslim/
documents	https://www.dosje.gov.in/documents/basni-bosnimuslim/
documents	https://www.dosje.gov.in/documents/tutiamuslim/
documents	https://www.dosje.gov.in/documents/khotta-muslim/
documents	https://www.dosje.gov.in/documents/muslim-laskar/
documents	https://www.dosje.gov.in/documents/muslim-chutor-mistri/
documents	https://www.dosje.gov.in/documents/mal-muslim/
documents	https://www.dosje.gov.in/documents/muchi-chamar-muslim/
documents	https://www.dosje.gov.in/documents/muslim-haldar/
documents	https://www.dosje.gov.in/documents/muslim-biswas/
documents	https://www.dosje.gov.in/documents/ghosimuslim/
documents	https://www.dosje.gov.in/documents/muslim-rajmistri/
documents	https://www.dosje.gov.in/documents/muslim-molla/
documents	https://www.dosje.gov.in/documents/muslim-piyada/
documents	https://www.dosje.gov.in/documents/muslim-penchi/
documents	https://www.dosje.gov.in/documents/ahir-bharvad-yadav/
documents	https://www.dosje.gov.in/documents/bhrhmi/
documents	https://www.dosje.gov.in/documents/kahari-kumbhar/
documents	https://www.dosje.gov.in/documents/kolaga-misal/
documents	https://www.dosje.gov.in/documents/koli/
documents	https://www.dosje.gov.in/documents/agri-kharwal/
documents	https://www.dosje.gov.in/documents/ahir-yadav-gwala-2/
documents	https://www.dosje.gov.in/documents/bairagi-7/
documents	https://www.dosje.gov.in/documents/bauria-bawria-excluding-those-in-sch-caste/
documents	https://www.dosje.gov.in/documents/arakh-arakvanshiya-2/
documents	https://www.dosje.gov.in/documents/bari-those-who-are-not-scs/
documents	https://www.dosje.gov.in/documents/bhar-rajbhar-7/
documents	https://www.dosje.gov.in/documents/bhurji-bharbhuja-bharbhunja-bhooj-kandu-2/
documents	https://www.dosje.gov.in/documents/chhipi-chhipe-2/
documents	https://www.dosje.gov.in/documents/dhivar-dhiver/
documents	https://www.dosje.gov.in/documents/dohar-2/
documents	https://www.dosje.gov.in/documents/gaderia-2/
documents	https://www.dosje.gov.in/documents/giri-4/
documents	https://www.dosje.gov.in/documents/gujar-2/
documents	https://www.dosje.gov.in/documents/halalkhor-hela-lalbegi-other-than-those-who-are-included-in-the-list-of-scs/
documents	https://www.dosje.gov.in/documents/jhoja-2/
documents	https://www.dosje.gov.in/documents/kasera-thathera-tamrakar-kalaikar-2/
documents	https://www.dosje.gov.in/documents/khumra-sangtarash-hansiri-2/
documents	https://www.dosje.gov.in/documents/kumhar-prajapati-3/
documents	https://www.dosje.gov.in/documents/lonia-noniya-luniya-gole-thakur-nunere-2/
documents	https://www.dosje.gov.in/documents/mali-saini-baghban-2/
documents	https://www.dosje.gov.in/documents/marchha-2/
documents	https://www.dosje.gov.in/documents/mirasi-8/
documents	https://www.dosje.gov.in/documents/momin-ansar-ansari-julaha/
documents	https://www.dosje.gov.in/documents/muslim-kayastha-2/
documents	https://www.dosje.gov.in/documents/nayak-3/
documents	https://www.dosje.gov.in/documents/patwa-patua-pathar-excluding-agarwala-deobansi-kharewal-or-khandelwal-who-are-sub-caste-of-baniya-and-kharwar-who-claim-to-the-rank-of-rajput-tatwa-3/
documents	https://www.dosje.gov.in/documents/tamoli-barai-chaurasia-3/
documents	https://www.dosje.gov.in/documents/teli-samani-rogangar-teli-malik-muslim-teli-sahu-teli-rathore-3/
documents	https://www.dosje.gov.in/documents/bhat/
documents	https://www.dosje.gov.in/documents/bhatiara-3/
documents	https://www.dosje.gov.in/documents/chak-2/
documents	https://www.dosje.gov.in/documents/chippi-tonk-darzi-idrishi/
documents	https://www.dosje.gov.in/documents/dakaut-prade/
documents	https://www.dosje.gov.in/documents/gadaria-gadheri-gaddi-garri-dhangar-kurba/
documents	https://www.dosje.gov.in/documents/kachhi-koeri-murai-murao-maurya-shakya/
documents	https://www.dosje.gov.in/documents/kasera-tamera-thathiar/
documents	https://www.dosje.gov.in/documents/khatik-excluding-those-in-sch-caste/
documents	https://www.dosje.gov.in/documents/kurmi-8/
documents	https://www.dosje.gov.in/documents/lodhi-lodha-lodh-maha-lodh/
documents	https://www.dosje.gov.in/documents/memar-raj/
documents	https://www.dosje.gov.in/documents/merasi-mirasi/
documents	https://www.dosje.gov.in/documents/nalband-7/
documents	https://www.dosje.gov.in/documents/pakhiwara/
documents	https://www.dosje.gov.in/documents/pathar-chera-sangtarash/
documents	https://www.dosje.gov.in/documents/sunar/
documents	https://www.dosje.gov.in/documents/kalwar-4/
documents	https://www.dosje.gov.in/documents/ghrit-bahti-chahng/
documents	https://www.dosje.gov.in/documents/koli-kharvi-including-christian-kharvi/
documents	https://www.dosje.gov.in/documents/gosavi-2/
documents	https://www.dosje.gov.in/documents/deleted-28/
documents	https://www.dosje.gov.in/documents/komarpant/
documents	https://www.dosje.gov.in/documents/dabgar/
documents	https://www.dosje.gov.in/documents/mer/
documents	https://www.dosje.gov.in/documents/rathodia/
documents	https://www.dosje.gov.in/documents/dhivar-dhiver-2/
documents	https://www.dosje.gov.in/documents/saqqa-bhisti-bhisti-abbassi-2/
documents	https://www.dosje.gov.in/documents/kuthaliya-bora-belonging-to-almora-pithoragarh-bageswar-and-nainital-districts/
documents	https://www.dosje.gov.in/documents/bind-5/
documents	https://www.dosje.gov.in/documents/kapali-2/
documents	https://www.dosje.gov.in/documents/manipuri-2/
documents	https://www.dosje.gov.in/documents/marar/
documents	https://www.dosje.gov.in/documents/nepali-limbo-matwali-rai/
documents	https://www.dosje.gov.in/documents/sutradhar-2/
documents	https://www.dosje.gov.in/documents/teli-oriya/
documents	https://www.dosje.gov.in/documents/rai-oriya/
documents	https://www.dosje.gov.in/documents/telenga-2/
documents	https://www.dosje.gov.in/documents/manger/
documents	https://www.dosje.gov.in/documents/jogi-nath-3/
documents	https://www.dosje.gov.in/documents/mer-mehrat-kathat-mehrat-ghodat-cheeta/
documents	https://www.dosje.gov.in/documents/kasai/
documents	https://www.dosje.gov.in/documents/nar-3/
documents	https://www.dosje.gov.in/documents/weaver-jhullaha-or-julaha-including-kabirpanthi-julaha-excluding-those-who-are-scheduled-castes-2/
documents	https://www.dosje.gov.in/documents/hajjam-nai/
documents	https://www.dosje.gov.in/documents/removed-from-here-and-now-included-with-entry-no-40-3/
documents	https://www.dosje.gov.in/documents/removed-from-here-and-now-included-with-entry-no-40-4/
documents	https://www.dosje.gov.in/documents/arain/
documents	https://www.dosje.gov.in/documents/naik-theri/
documents	https://www.dosje.gov.in/documents/barra-2/
documents	https://www.dosje.gov.in/documents/beta-hensi-or-hesi-2/
documents	https://www.dosje.gov.in/documents/bagria-or-bagaria/
documents	https://www.dosje.gov.in/documents/barwar-3/
documents	https://www.dosje.gov.in/documents/barai-tamboli-2/
documents	https://www.dosje.gov.in/documents/baragi-bairagi-3/
documents	https://www.dosje.gov.in/documents/battera-2/
documents	https://www.dosje.gov.in/documents/bharbhunja-bharbhuja-2/
documents	https://www.dosje.gov.in/documents/bhat-bhatra-darpi-ramiya-3/
documents	https://www.dosje.gov.in/documents/bhuhalia-lohar-2/
documents	https://www.dosje.gov.in/documents/changar-3/
documents	https://www.dosje.gov.in/documents/chirimar-3/
documents	https://www.dosje.gov.in/documents/chang/
documents	https://www.dosje.gov.in/documents/chimba-or-chhimba-chhipi-chimpa-darzi-rohilla/
documents	https://www.dosje.gov.in/documents/daiya-3/
documents	https://www.dosje.gov.in/documents/dhobi-8/
documents	https://www.dosje.gov.in/documents/dakaut-2/
documents	https://www.dosje.gov.in/documents/dhimar-mallah-kashyap-rajpoot-kahar-jhinwar-or-jhimar-dhiwar-khewat-mehra-nishad-sakka-bhisti-sheikh-abbasi/
documents	https://www.dosje.gov.in/documents/dhosali-dosali-2/
documents	https://www.dosje.gov.in/documents/faquir-4/
documents	https://www.dosje.gov.in/documents/gwaria-gauria-or-gwar-2/
documents	https://www.dosje.gov.in/documents/ghirath-or-ghidath/
documents	https://www.dosje.gov.in/documents/ghasi-ghasiara-or-ghosi-2/
documents	https://www.dosje.gov.in/documents/gorkha-4/
documents	https://www.dosje.gov.in/documents/gawala-gowala-ahir-yadav/
documents	https://www.dosje.gov.in/documents/gadaria-pal/
documents	https://www.dosje.gov.in/documents/garhi-lohar/
documents	https://www.dosje.gov.in/documents/hajjam-nai-nais-sain-salmani/
documents	https://www.dosje.gov.in/documents/jhangra-brahman-or-jangra-brahman-or-jangid-brahman-khati-ramgarhia-suthar-dhiman-tarkhan-barhai-baddi/
documents	https://www.dosje.gov.in/documents/joginath-jogi-nath-jangam-jogi-yogi/
documents	https://www.dosje.gov.in/documents/kanjar-or-kanchan-2/
documents	https://www.dosje.gov.in/documents/kurmi-9/
documents	https://www.dosje.gov.in/documents/kumhar-prajapati-4/
documents	https://www.dosje.gov.in/documents/kamboj-4/
documents	https://www.dosje.gov.in/documents/khanghera-2/
documents	https://www.dosje.gov.in/documents/kuchband-2/
documents	https://www.dosje.gov.in/documents/labana-or-lobana/
documents	https://www.dosje.gov.in/documents/lakhera-manihar-kachera/
documents	https://www.dosje.gov.in/documents/lohar-or-luhar-saifi-panchal/
documents	https://www.dosje.gov.in/documents/madari-8/
documents	https://www.dosje.gov.in/documents/mirasi-9/
documents	https://www.dosje.gov.in/documents/mochi-excluding-those-who-are-included-in-scheduled-castes/
documents	https://www.dosje.gov.in/documents/nalband-8/
documents	https://www.dosje.gov.in/documents/noongar-3/
documents	https://www.dosje.gov.in/documents/nar-4/
documents	https://www.dosje.gov.in/documents/pinja-penja-2/
documents	https://www.dosje.gov.in/documents/rehar-or-rihar-rehara-or-re/
documents	https://www.dosje.gov.in/documents/rechband-4/
documents	https://www.dosje.gov.in/documents/deleted-29/
documents	https://www.dosje.gov.in/documents/shorgir-or-shergir/
documents	https://www.dosje.gov.in/documents/singlikant-or-singikant-singiwala/
documents	https://www.dosje.gov.in/documents/soi-3/
documents	https://www.dosje.gov.in/documents/sunar-zaragar-soni/
documents	https://www.dosje.gov.in/documents/teli-10/
documents	https://www.dosje.gov.in/documents/thathera-or-thater-tamera/
documents	https://www.dosje.gov.in/documents/mina-or-meena/
documents	https://www.dosje.gov.in/documents/weaver-julaha-excluding-those-who-are-included-in-the-scheduled-castes/
documents	https://www.dosje.gov.in/documents/vanzara-banzara-banjara-or-vanjara/
documents	https://www.dosje.gov.in/documents/nat-other-than-those-who-are-already-included-in-the-list-of-scheduled-castes-for-haryana/
documents	https://www.dosje.gov.in/documents/charan-3/
documents	https://www.dosje.gov.in/documents/bhattu-chatttu/
documents	https://www.dosje.gov.in/documents/raigar-other-than-those-who-are-already-included-in-the-list-of-scheduled-castes-for-haryana/
documents	https://www.dosje.gov.in/documents/badi-baddon/
documents	https://www.dosje.gov.in/documents/lodh-lodha-lodhi/
documents	https://www.dosje.gov.in/documents/rahabari/
documents	https://www.dosje.gov.in/documents/gujjar-4/
documents	https://www.dosje.gov.in/documents/meo-3/
documents	https://www.dosje.gov.in/documents/bhar-rajbhar-8/
documents	https://www.dosje.gov.in/documents/saini-shakya-2/
documents	https://www.dosje.gov.in/documents/jaiswar-2/
documents	https://www.dosje.gov.in/documents/rangrez-nilgar-leelgar-lallari/
documents	https://www.dosje.gov.in/documents/gramini/
documents	https://www.dosje.gov.in/documents/sonidawala-nyaria/
documents	https://www.dosje.gov.in/documents/sadhu-chetty-24-manai-telegu-chetty-telegupatty-chetty-2/
documents	https://www.dosje.gov.in/documents/kannada-devanga-telugu-devanga-2/
documents	https://www.dosje.gov.in/documents/converts-to-christianity-from-scheduled-castes-irrespective-of-the-generation-of-conversion/
documents	https://www.dosje.gov.in/documents/bhat-raju-muthu-raja/
documents	https://www.dosje.gov.in/documents/nagaram-nagarathar/
documents	https://www.dosje.gov.in/documents/odde/
documents	https://www.dosje.gov.in/documents/chattadi-chattada-or-srivaishnava/
documents	https://www.dosje.gov.in/documents/kavuthiya-kavuthiyan/
documents	https://www.dosje.gov.in/documents/vadugan/
documents	https://www.dosje.gov.in/documents/vadamalai-chettiar/
documents	https://www.dosje.gov.in/documents/teli-who-have-been-domiciled-in-manipur-for-10-years-and-their-descendents-2/
documents	https://www.dosje.gov.in/documents/meitei-pangal/
documents	https://www.dosje.gov.in/documents/badi-nepali-damai-nepali-gainay-nepali-kami-nepali-and-sarki-nepali-who-have-been-living-in-manipur-as-members-of-the-domiciled-community-since-the-9th-july-1947-and-their-descendants-2/
documents	https://www.dosje.gov.in/documents/sop-for-cleaning-of-sewers-and-septic-tanks/
documents	https://www.dosje.gov.in/documents/advisory-on-emergency-response-sanitation-unit/
documents	https://www.dosje.gov.in/documents/ahir-brajwasi-gawli-gawali-goli-lingayat-gaoli-gowari-gwari-gowra-gawari-gwara-jadav-yadav-raut-thethwar-gop-gopal-bargahi-bargah-2/
documents	https://www.dosje.gov.in/documents/banjara-kachiriwala-banjara-laman-banjara-bamania-banjara-laman-lambani-banjari-mathura-mathura-labhan-mathura-banjari-navi-banjara-jogi-banjara-nayak-naykada-lambana-lambara-lambhani-la-2/
documents	https://www.dosje.gov.in/documents/dhimar-dhimer-bhoi-kahar-kahra-dhiwar-mallah-nawda-navda-turaha-kewatrackwar-raikwar-kir-excluding-bhopal-raisen-sehore-districts-britiya-vritiya-sondhiya-2/
documents	https://www.dosje.gov.in/documents/bhatiyara-5/
documents	https://www.dosje.gov.in/documents/dhobi-excluding-bhopal-raisen-sehore-district-i-e-excluding-the-areas-where-they-are-listed-as-scheduled-castes-rajak-2/
documents	https://www.dosje.gov.in/documents/deshwali-mewati-excluding-sironj-tehsil-of-vidisha-district-mina-rawat-deshwali-2/
documents	https://www.dosje.gov.in/documents/kirar-kirad-dhakar-dhakad-2/
documents	https://www.dosje.gov.in/documents/gadariya-dhangar-kurmar-hatgar-hatkar-haatkaar-gaadri-gadaria-gari-gayari-dhariya-dhoshi-gadariya-gadariya-pal-baghele-2/
documents	https://www.dosje.gov.in/documents/lohar-luhar-lohpita-gadoley-gadela-lohpata-lohpeta-vishwakarma-hunga-lohar-garola-lohar-vishwakarma-3/
documents	https://www.dosje.gov.in/documents/kachhi-kushwaha-koshwaha-maurya-koyari-koiri-kushwaha-shakya-murai-panara-panahara-sonkar-3/
documents	https://www.dosje.gov.in/documents/kurmar-kurami-kurmi-kunbi-kurmi-patidar-kulami-kulmi-kulambi-gavel-gabhel-kurmavanshi-chandrakar-chandra-nahu-kumbhi-gavel-gamel-sirvi-2/
documents	https://www.dosje.gov.in/documents/kotwar-kutwar-kotwal-excluding-bhind-dhar-dewas-guna-gwalior-indore-jhabua-khargone-mandsaur-morena-rajgarh-ratlam-shajapur-shivpuri-ujjain-vidisha-districts/
documents	https://www.dosje.gov.in/documents/dangi-5/
documents	https://www.dosje.gov.in/documents/bhatiyara-6/
documents	https://www.dosje.gov.in/documents/dhobi-9/
documents	https://www.dosje.gov.in/documents/mirdha-excluding-jat-muslims-2/
documents	https://www.dosje.gov.in/documents/rajgir/
documents	https://www.dosje.gov.in/documents/sikligar-6/
documents	https://www.dosje.gov.in/documents/daiya-4/
documents	https://www.dosje.gov.in/documents/ghirath-including-chang-and-bhati/
documents	https://www.dosje.gov.in/documents/gorkha-5/
documents	https://www.dosje.gov.in/documents/gawaria-gauria-gwar/
documents	https://www.dosje.gov.in/documents/kangehra/
documents	https://www.dosje.gov.in/documents/mahatam/
documents	https://www.dosje.gov.in/documents/nai-kuleen-brahman/
documents	https://www.dosje.gov.in/documents/soi-4/
documents	https://www.dosje.gov.in/documents/hadi/
documents	https://www.dosje.gov.in/documents/bhand-3/
documents	https://www.dosje.gov.in/documents/dambali-faqir-2/
documents	https://www.dosje.gov.in/documents/doom-excluding-those-in-sch-caste/
documents	https://www.dosje.gov.in/documents/sansi/
documents	https://www.dosje.gov.in/documents/lohar-tarkhan/
documents	https://www.dosje.gov.in/documents/barai-2/
documents	https://www.dosje.gov.in/documents/bhuihar-bhuiyar-2/
documents	https://www.dosje.gov.in/documents/chapota-2/
documents	https://www.dosje.gov.in/documents/churihar-muslim-2/
documents	https://www.dosje.gov.in/documents/devhar-2/
documents	https://www.dosje.gov.in/documents/gaddi-6/
documents	https://www.dosje.gov.in/documents/kapadia-2/
documents	https://www.dosje.gov.in/documents/khatwe-2/
documents	https://www.dosje.gov.in/documents/khetauri-khatauri-2/
documents	https://www.dosje.gov.in/documents/kosta-koshta-2/
documents	https://www.dosje.gov.in/documents/mehtar-halalkhor-muslim-lalbegi-bhangi/
documents	https://www.dosje.gov.in/documents/namshudra-2/
documents	https://www.dosje.gov.in/documents/rauttiya-2/
documents	https://www.dosje.gov.in/documents/tharu/
documents	https://www.dosje.gov.in/documents/tiyar-2/
documents	https://www.dosje.gov.in/documents/bairagi-8/
documents	https://www.dosje.gov.in/documents/latin-catholic/
documents	https://www.dosje.gov.in/documents/mappila-2/
documents	https://www.dosje.gov.in/documents/naikkan/
documents	https://www.dosje.gov.in/documents/pattariya/
documents	https://www.dosje.gov.in/documents/vanian-vanika-vanika-vaisya-vanibha-chetty-vaniya-chetty-ayiravar-nagarathar-and-vaniyan/
documents	https://www.dosje.gov.in/documents/marati-excluding-kasargod-taluk-of-malabar-district/
documents	https://www.dosje.gov.in/documents/kongu-navithan/
documents	https://www.dosje.gov.in/documents/expression-of-interest-eoi-for-rate-of-interest-for-investment-of-an-amount-of-rs-10-00-crore-in-fixed-deposit-from-public-and-private-sector-banks-3/
documents	https://www.dosje.gov.in/documents/audit-report-of-dr-ambedkar-foundation-for-the-financial-year-2024-25/
documents	https://www.dosje.gov.in/documents/churia-2/
documents	https://www.dosje.gov.in/documents/jaintrapans/
documents	https://www.dosje.gov.in/documents/jyotish/
documents	https://www.dosje.gov.in/documents/kalladi/
documents	https://www.dosje.gov.in/documents/kapudia/
documents	https://www.dosje.gov.in/documents/karimpalan/
documents	https://www.dosje.gov.in/documents/deleted-30/
documents	https://www.dosje.gov.in/documents/khatua/
documents	https://www.dosje.gov.in/documents/deleted-31/
documents	https://www.dosje.gov.in/documents/koilar/
documents	https://www.dosje.gov.in/documents/kond-kul/
documents	https://www.dosje.gov.in/documents/kosalya-goudus-bosotheriya-goudus-chiti-goudus-dangayath-goudus-doddu-kamariya-dudu-kamaro-ladiya-goudus-pullo-soriya-goudus/
documents	https://www.dosje.gov.in/documents/kudiya/
documents	https://www.dosje.gov.in/documents/kudumban/
documents	https://www.dosje.gov.in/documents/kulta/
documents	https://www.dosje.gov.in/documents/kuravan/
documents	https://www.dosje.gov.in/documents/luhura/
documents	https://www.dosje.gov.in/documents/mahunta/
documents	https://www.dosje.gov.in/documents/maladasu/
documents	https://www.dosje.gov.in/documents/mali-phulia-sagbaria-bhajemali-pandara-mali-muni-raula-raula-in-ganjam-district-only/
documents	https://www.dosje.gov.in/documents/mal-paharia/
documents	https://www.dosje.gov.in/documents/marathi/
documents	https://www.dosje.gov.in/documents/minka/
documents	https://www.dosje.gov.in/documents/mundala-2/
documents	https://www.dosje.gov.in/documents/nat/
documents	https://www.dosje.gov.in/documents/nolia/
documents	https://www.dosje.gov.in/documents/nuniya/
documents	https://www.dosje.gov.in/documents/omeyita/
documents	https://www.dosje.gov.in/documents/paky/
documents	https://www.dosje.gov.in/documents/paiko/
documents	https://www.dosje.gov.in/documents/celebration-of-international-day-of-older-person/
documents	https://www.dosje.gov.in/documents/international-day-of-older-persons-2025/
documents	https://www.dosje.gov.in/documents/celebration-of-intergenerational-bonds-for-strengthening-emotional-social-and-cultural-bonding-between-different-generations/
documents	https://www.dosje.gov.in/documents/test/
documents	https://www.dosje.gov.in/documents/celebration-of-intergenerational-bonds/
documents	https://www.dosje.gov.in/documents/special-visit-of-the-senior-citizens-to-the-amrit-udyan/
documents	https://www.dosje.gov.in/documents/vriddha-mitra-actualizing-ageing-in-place-a-toolkit-2/
documents	https://www.dosje.gov.in/documents/suo-motu-cognizance-taken-by-the-ncsk-in-sewer-death-cases-with-compensation-payment-status-january-2024-to-march-2025/
documents	https://www.dosje.gov.in/documents/suo-motu-cognizance-taken-by-the-ncsk-in-sewer-death-cases-with-compensation-payment-status-january-2024-to-april-2025/
documents	https://www.dosje.gov.in/documents/suo-motu-cognizance-taken-by-the-ncsk-in-sewer-death-cases-with-compensation-payment-status-january-2024-to-may-2025/
documents	https://www.dosje.gov.in/documents/suo-motu-cognizance-taken-by-the-ncsk-in-sewer-death-cases-with-compensation-payment-status-january-2024-to-june-2025/
documents	https://www.dosje.gov.in/documents/suo-motu-cognizance-taken-by-the-ncsk-in-sewer-death-cases-with-compensation-payment-status-january-2023-to-november2024/
documents	https://www.dosje.gov.in/documents/suo-motu-cognizance-taken-by-the-ncsk-in-sewer-death-cases-with-compensation-payment-status-january-2023-to-december2024/
documents	https://www.dosje.gov.in/documents/suo-motu-cognizance-taken-by-the-ncsk-in-sewer-death-cases-with-compensation-payment-status-january-2024-to-january-2025/
documents	https://www.dosje.gov.in/documents/suo-motu-cognizance-taken-by-the-ncsk-in-sewer-death-cases-with-compensation-payment-status-january-2024-to-february-2025/
documents	https://www.dosje.gov.in/documents/suo-motu-cognizance-taken-by-the-ncsk-in-sewer-death-cases-with-compensation-payment-status-january-2023-to-july-2024/
documents	https://www.dosje.gov.in/documents/suo-motu-cognizance-taken-by-the-ncsk-in-sewer-death-cases-with-compensation-payment-status-january-2023-to-august-2024/
documents	https://www.dosje.gov.in/documents/suo-motu-cognizance-taken-by-the-ncsk-in-sewer-death-cases-with-compensation-payment-status-january-2023-to-september2024/
documents	https://www.dosje.gov.in/documents/suo-motu-cognizance-taken-by-the-ncsk-in-sewer-death-cases-with-compensation-payment-status-january-2023-to-october-2024/
documents	https://www.dosje.gov.in/documents/suo-motu-cognizance-taken-by-the-ncsk-in-sewer-death-cases-with-compensation-payment-status-january-2023-to-may2024/
documents	https://www.dosje.gov.in/documents/suo-motu-cognizance-taken-by-the-ncsk-in-sewer-death-cases-with-compensation-payment-status-january-2023-to-june-2024/
documents	https://www.dosje.gov.in/documents/suo-motu-cognizance-taken-by-the-ncsk-in-sewer-death-cases-with-compensation-payment-status-january-2023-to-january-2024/
documents	https://www.dosje.gov.in/documents/suo-motu-cognizance-taken-by-the-ncsk-in-sewer-death-cases-with-compensation-payment-status-january-2023-to-february2024/
documents	https://www.dosje.gov.in/documents/suo-motu-cognizance-taken-by-the-ncsk-in-sewer-death-cases-with-compensation-payment-status-january-2023-to-march-2024/
documents	https://www.dosje.gov.in/documents/suo-motu-cognizance-taken-by-the-ncsk-in-sewer-death-cases-with-compensation-payment-status-january-2023-to-april-2024/
documents	https://www.dosje.gov.in/documents/suo-motu-cognizance-taken-by-the-ncsk-in-sewer-death-cases-with-compensation-payment-status-january-2022-to-december-2022/
documents	https://www.dosje.gov.in/documents/suo-motu-cognizance-taken-by-the-ncsk-in-sewer-death-cases-with-compensation-payment-status-january-2023-to-december-2023/
documents	https://www.dosje.gov.in/documents/suo-motu-cognizance-taken-by-the-ncsk-in-sewer-death-cases-with-compensation-payment-status-january-2025-to-february-2026/
documents	https://www.dosje.gov.in/documents/suo-motu-cognizance-taken-by-the-ncsk-in-sewer-death-cases-with-compensation-payment-status-january-2025-to-march2026/
documents	https://www.dosje.gov.in/documents/suo-motu-cognizance-taken-by-the-ncsk-in-sewer-death-cases-with-compensation-payment-status-january-2024-to-october-2025/
documents	https://www.dosje.gov.in/documents/suo-motu-cognizance-taken-by-the-ncsk-in-sewer-death-cases-with-compensation-payment-status-january-2024-to-november-2025/
documents	https://www.dosje.gov.in/documents/suo-motu-cognizance-taken-by-the-ncsk-in-sewer-death-cases-with-compensation-payment-status-january-2024-to-december-2025/
documents	https://www.dosje.gov.in/documents/suo-motu-cognizance-taken-by-the-ncsk-in-sewer-death-cases-with-compensation-payment-status-january-2025-to-january-2026/
documents	https://www.dosje.gov.in/documents/suo-motu-cognizance-taken-by-the-ncsk-in-sewer-death-cases-with-compensation-payment-status-january-2024-to-july2025/
documents	https://www.dosje.gov.in/documents/suo-motu-cognizance-taken-by-the-ncsk-in-sewer-death-cases-with-compensation-payment-status-january-2024-to-august2025/
documents	https://www.dosje.gov.in/documents/suo-motu-cognizance-taken-by-the-ncsk-in-sewer-death-cases-with-compensation-payment-status-january-2024-to-september-2025/
documents	https://www.dosje.gov.in/documents/impact-of-commissions-intervention-october2022/
documents	https://www.dosje.gov.in/documents/impact-of-commissions-intervention-march2023/
documents	https://www.dosje.gov.in/documents/impact-of-commissions-intervention-march2024/
documents	https://www.dosje.gov.in/documents/impact-of-commissions-intervention-2024-2025/
documents	https://www.dosje.gov.in/documents/extension-of-application-submission-date-for-financial-adviser-fa-post-at-daic/
documents	https://www.dosje.gov.in/documents/pulayan/
documents	https://www.dosje.gov.in/documents/panjira/
documents	https://www.dosje.gov.in/documents/pathuria/
documents	https://www.dosje.gov.in/documents/pengua/
documents	https://www.dosje.gov.in/documents/sagarpasha/
documents	https://www.dosje.gov.in/documents/samban/
documents	https://www.dosje.gov.in/documents/seerithi-goudu/
documents	https://www.dosje.gov.in/documents/semman/
documents	https://www.dosje.gov.in/documents/sauria-paharia/
documents	https://www.dosje.gov.in/documents/tana/
documents	https://www.dosje.gov.in/documents/thatari-kansari/
documents	https://www.dosje.gov.in/documents/tiruvalluvar/
documents	https://www.dosje.gov.in/documents/vannan/
documents	https://www.dosje.gov.in/documents/yerukula-3/
documents	https://www.dosje.gov.in/documents/chasa-this-entry-of-chasa-is-meant-to-confirm-to-entry-no-27-chasa-in-orissa-state-obc-list-odachasa-banayat-odiya-benayat-oriya-benayit-odia-banayat-banayat-oriya-odia-u/
documents	https://www.dosje.gov.in/documents/thoria-thodia-thudia-thuria/
documents	https://www.dosje.gov.in/documents/mahla-mahlar/
documents	https://www.dosje.gov.in/documents/scheduled-castes-converts-to-christianity-and-their-progeny-5/
documents	https://www.dosje.gov.in/documents/hatua-2/
documents	https://www.dosje.gov.in/documents/shudrain-puri-dist-only/
documents	https://www.dosje.gov.in/documents/goudia-laxminarayana-goudia-2/
documents	https://www.dosje.gov.in/documents/segidi-srisayan/
documents	https://www.dosje.gov.in/documents/bagdi-2/
documents	https://www.dosje.gov.in/documents/badia-2/
documents	https://www.dosje.gov.in/documents/bajigar/
documents	https://www.dosje.gov.in/documents/bhand-4/
documents	https://www.dosje.gov.in/documents/bari-or-barai/
documents	https://www.dosje.gov.in/documents/baria-koli-baria/
documents	https://www.dosje.gov.in/documents/chamtha/
documents	https://www.dosje.gov.in/documents/charodi/
documents	https://www.dosje.gov.in/documents/dabgar-2/
documents	https://www.dosje.gov.in/documents/devli/
documents	https://www.dosje.gov.in/documents/dholi-2/
documents	https://www.dosje.gov.in/documents/gandharap/
documents	https://www.dosje.gov.in/documents/gadaria-2/
documents	https://www.dosje.gov.in/documents/gadhavi/
documents	https://www.dosje.gov.in/documents/gochaki/
documents	https://www.dosje.gov.in/documents/halepaik/
documents	https://www.dosje.gov.in/documents/jagiasi/
documents	https://www.dosje.gov.in/documents/jatiya/
documents	https://www.dosje.gov.in/documents/jogin/
documents	https://www.dosje.gov.in/documents/jangam-2/
documents	https://www.dosje.gov.in/documents/jhadi/
documents	https://www.dosje.gov.in/documents/khati/
documents	https://www.dosje.gov.in/documents/kongadi/
documents	https://www.dosje.gov.in/documents/kadera/
documents	https://www.dosje.gov.in/documents/kasbi/
documents	https://www.dosje.gov.in/documents/kuchbandh/
documents	https://www.dosje.gov.in/documents/kurmar-kurba-kurubar/
documents	https://www.dosje.gov.in/documents/kathi-2/
documents	https://www.dosje.gov.in/documents/ladaff-laddaf/
documents	https://www.dosje.gov.in/documents/mina/
documents	https://www.dosje.gov.in/documents/medar/
documents	https://www.dosje.gov.in/documents/mitha/
documents	https://www.dosje.gov.in/documents/namdhari/
documents	https://www.dosje.gov.in/documents/nirshikari/
documents	https://www.dosje.gov.in/documents/nethura/
documents	https://www.dosje.gov.in/documents/naqashi-naqqashi/
documents	https://www.dosje.gov.in/documents/nekar-jada/
documents	https://www.dosje.gov.in/documents/padharia-2/
documents	https://www.dosje.gov.in/documents/patradavaru-patradaveru/
documents	https://www.dosje.gov.in/documents/phudgi/
documents	https://www.dosje.gov.in/documents/pakhali-2/
documents	https://www.dosje.gov.in/documents/panchal/
documents	https://www.dosje.gov.in/documents/panka/
documents	https://www.dosje.gov.in/documents/perki-perkewad/
documents	https://www.dosje.gov.in/documents/putligar/
documents	https://www.dosje.gov.in/documents/rachevar/
documents	https://www.dosje.gov.in/documents/bandi/
documents	https://www.dosje.gov.in/documents/rangrez-2/
documents	https://www.dosje.gov.in/documents/suppalig-sappaliga-2/
documents	https://www.dosje.gov.in/documents/sutharia/
documents	https://www.dosje.gov.in/documents/shilavat/
documents	https://www.dosje.gov.in/documents/sali-padamshali-saali-deshkar-salewar-devang-kachi-bandhe-patwis-satsale-sade/
documents	https://www.dosje.gov.in/documents/tandel/
documents	https://www.dosje.gov.in/documents/thetwar/
documents	https://www.dosje.gov.in/documents/wadi/
documents	https://www.dosje.gov.in/documents/wadhaisutar-wadai-bhadai/
documents	https://www.dosje.gov.in/documents/vanjari-wanjari-vanjara-wanjara-vanjar/
documents	https://www.dosje.gov.in/documents/agri-agale-or-kalan/
documents	https://www.dosje.gov.in/documents/lonari-2/
documents	https://www.dosje.gov.in/documents/ganali-or-gandali/
documents	https://www.dosje.gov.in/documents/particulars-of-organisationfunctions-and-duties-of-the-national-commission-for-safai-karamcharis30-09-2024/
documents	https://www.dosje.gov.in/documents/particulars-of-organisationfunctions-and-duties-of-the-national-commission-for-safai-karamcharis31-12-2024/
documents	https://www.dosje.gov.in/documents/particulars-of-organisationfunctions-and-duties-of-the-national-commission-for-safai-karamcharis24-02-2025/
documents	https://www.dosje.gov.in/documents/particulars-of-organisationfunctions-and-duties-of-the-national-commission-for-safai-karamcharis31-03-2025/
documents	https://www.dosje.gov.in/documents/particulars-of-organisationfunctions-and-duties-of-the-national-commission-for-safai-karamcharis30-04-2025/
documents	https://www.dosje.gov.in/documents/particulars-of-organisationfunctions-and-duties-of-the-national-commission-for-safai-karamcharis30-06-2025/
documents	https://www.dosje.gov.in/documents/particulars-of-organisationfunctions-and-duties-of-the-national-commission-for-safai-karamcharis12-09-2025/
documents	https://www.dosje.gov.in/documents/particulars-of-organisationfunctions-and-duties-of-the-national-commission-for-safai-karamcharis07-10-2025/
documents	https://www.dosje.gov.in/documents/particulars-of-organisationfunctions-and-duties-of-the-national-commission-for-safai-karamcharis31-10-2025/
documents	https://www.dosje.gov.in/documents/particulars-of-organisationfunctions-and-duties-of-the-national-commission-for-safai-karamcharis31-12-2025/
documents	https://www.dosje.gov.in/documents/particulars-of-organisationfunctions-and-duties-of-the-national-commission-for-safai-karamcharis31-03-2026/
documents	https://www.dosje.gov.in/documents/momin/
documents	https://www.dosje.gov.in/documents/ghadshi/
documents	https://www.dosje.gov.in/documents/lanzad/
documents	https://www.dosje.gov.in/documents/entry-has-been-adjusted-in-the-new-entry-no-65-5/
documents	https://www.dosje.gov.in/documents/bhamta-bhamti-girni-waddar-kamati-pathrut-takari-uchale/
documents	https://www.dosje.gov.in/documents/katabu/
documents	https://www.dosje.gov.in/documents/pal-pardhi/
documents	https://www.dosje.gov.in/documents/ramoshi/
documents	https://www.dosje.gov.in/documents/vaddar-vadder-gadi-vaddar-jati-vaddar-mati-vaddar-patharvat-patharod-wadder-kalawader-2/
documents	https://www.dosje.gov.in/documents/chhapparband-including-muslim/
documents	https://www.dosje.gov.in/documents/bhute-bhope/
documents	https://www.dosje.gov.in/documents/garudi-gavadi-ghisadi/
documents	https://www.dosje.gov.in/documents/gondhali/
documents	https://www.dosje.gov.in/documents/kasikapadi/
documents	https://www.dosje.gov.in/documents/pangul/
documents	https://www.dosje.gov.in/documents/sikkalgar-katari-kathari-sekkalgar-muslim-shikaligar-shikalgar-shikilgar-shiklikar-sikalkar-siklikar-sikilgar-siklighar-sikligar-sikalgar-sikkaligar-cyclegar-saikalgar/
documents	https://www.dosje.gov.in/documents/vaidu-3/
documents	https://www.dosje.gov.in/documents/bahurupi-3/
documents	https://www.dosje.gov.in/documents/dode-gujar-dore-gujar/
documents	https://www.dosje.gov.in/documents/nalband-9/
documents	https://www.dosje.gov.in/documents/kumbara-kumbhara-kulala-mulya/
documents	https://www.dosje.gov.in/documents/sakka/
documents	https://www.dosje.gov.in/documents/attar/
documents	https://www.dosje.gov.in/documents/darji-3/
documents	https://www.dosje.gov.in/documents/lakhari/
documents	https://www.dosje.gov.in/documents/mahat-mahoot-mahawat/
documents	https://www.dosje.gov.in/documents/muslim-manyar-bangadeewala-maniyaar-or-maneri/
documents	https://www.dosje.gov.in/documents/savkalar/
documents	https://www.dosje.gov.in/documents/pahad-pahadi-2/
documents	https://www.dosje.gov.in/documents/pendhari/
documents	https://www.dosje.gov.in/documents/munnewar-munnurwar-munnur-telgu-munnur-munnurwar-telgu-telgu-kapewar-munnarwad-telgu-phulmali/
documents	https://www.dosje.gov.in/documents/mulana-mulani-mulane/
documents	https://www.dosje.gov.in/documents/pancal/
documents	https://www.dosje.gov.in/documents/sangtrash-dagadphodu/
documents	https://www.dosje.gov.in/documents/audhiya-audheliya/
documents	https://www.dosje.gov.in/documents/bhampta-or-ghantichore-or-pardeshi-2/
documents	https://www.dosje.gov.in/documents/jaatgaar-2/
documents	https://www.dosje.gov.in/documents/panchama-3/
documents	https://www.dosje.gov.in/documents/attar-2/
documents	https://www.dosje.gov.in/documents/deleted-32/
documents	https://www.dosje.gov.in/documents/nagaralu-2/
documents	https://www.dosje.gov.in/documents/asur-2/
documents	https://www.dosje.gov.in/documents/bari-or-barai-2/
documents	https://www.dosje.gov.in/documents/kurmi-kurmi-sainthwar-kurmi-mall-2/
documents	https://www.dosje.gov.in/documents/seed-scheme-old-guidelines-english/
documents	https://www.dosje.gov.in/documents/seed-scheme-old-guidelines-%e0%a4%b9%e0%a4%bf%e0%a4%82%e0%a4%a6%e0%a5%80/
documents	https://www.dosje.gov.in/documents/ministry-launches-seed-scheme/
documents	https://www.dosje.gov.in/documents/invite-quotations-from-chartered-accountant-firms/
documents	https://www.dosje.gov.in/documents/eoi-for-tamil-nadu/
documents	https://www.dosje.gov.in/documents/eoi-for-up/
documents	https://www.dosje.gov.in/documents/inviting-partner-agencies-for-seed-livelihood-scheme-in-states-of-gujarat-maharashtra-madhya-pradesh-rajasthan-and-uttar-pradesh/
documents	https://www.dosje.gov.in/documents/hiring-of-agency-for-shortlisting-of-students-for-free-coaching-component-of-seed/
documents	https://www.dosje.gov.in/documents/free-coaching-registration-open-by-central-university-of-gujarat/
documents	https://www.dosje.gov.in/documents/free-coaching-registration-open-by-central-university-of-tamil-nadu/
documents	https://www.dosje.gov.in/documents/list-of-candidates-applied-for-consultant-on-contract-basis-in-the-office-dwbdnc-under-department-of-social-justice-and-empowerment/
documents	https://www.dosje.gov.in/documents/e-magazine-unnati-9th-edition/
documents	https://www.dosje.gov.in/documents/total-number-of-sewer-septic-tank-death-cases-from-1993-up-to-31st-may-2026/
documents	https://www.dosje.gov.in/documents/suo-motu-cognizance-taken-by-the-ncsk-in-sewer-death-cases-with-compensation-payment-status-january-2025-to-april-2026/
documents	https://www.dosje.gov.in/documents/suo-motu-cognizance-taken-by-the-ncsk-in-sewer-death-cases-with-compensation-payment-status-january-2025-to-may2026/
documents	https://www.dosje.gov.in/documents/status-of-constitution-of-state-monitoring-committees-as-on-31-05-2026/
documents	https://www.dosje.gov.in/documents/status-of-constitution-of-district-sub-divisional-vigilance-committees-in-states-as-on-31-05-2026/
documents	https://www.dosje.gov.in/documents/status-of-constitution-of-district-sub-divisional-vigilance-committees-in-states-as-on-31-05-2026-2/
documents	https://www.dosje.gov.in/documents/list-of-state-commissions-for-safai-karamcharis-designated-agencies-as-on-31-05-2026/
documents	https://www.dosje.gov.in/documents/list-of-cases-where-of-sewer-deaths-legal-heirs-could-not-be-traced-despite-best-efforts-up-to-31st-may-2026/
documents	https://www.dosje.gov.in/documents/meeting-with-nodal-officer-to-review-the-progress-of-scheme-under-awsc-on-15-10-2018-at-1000-am-in-conference-room-3rd-floor-dr-ambedkar-international-centre-daic-15-janpath-new-delhi-under-th/
documents	https://www.dosje.gov.in/documents/meeting-with-nodal-officer-to-review-the-progress-of-scheme-under-awsc-on-16-10-2018-at-1000-am-in-conference-room-3rd-floor-dr-ambedkar-international-centre-daic-15-janpath-new-delhi-under-the/
documents	https://www.dosje.gov.in/documents/meeting-of-nodal-officers-to-review-the-shortcomings-of-2017-2018-and-progress-made-so-far-for-the-financial-year-2018-19-under-awsc-under-the-chairpersonship-of-additional-secretarysje-on-21-08-201/
documents	https://www.dosje.gov.in/documents/meeting-of-nodal-officers-to-review-the-shortcomings-of-2017-2018-and-progress-made-so-far-for-the-financial-year-2018-19-under-awsc-under-the-chairpersonship-of-additional-secretarysje-on-23-08-201/
documents	https://www.dosje.gov.in/documents/mismatch-in-expenditure-under-awsc/
documents	https://www.dosje.gov.in/documents/scsp-tsp-guidelines-2006/
documents	https://www.dosje.gov.in/documents/report-of-narendra-jadav-committee-25-11-2010/
documents	https://www.dosje.gov.in/documents/scsp-tsp-guidelines-for-central-ministries-issued-on-11-02-2014/
documents	https://www.dosje.gov.in/documents/revised-scsp-tsp-guidelines-for-states-2014-2/
documents	https://www.dosje.gov.in/documents/guidelines-for-earmarking-of-funds-for-development-action-plan-for-scs-dapsc/
documents	https://www.dosje.gov.in/documents/statement-10a-2026-2027/
documents	https://www.dosje.gov.in/documents/model-guidelines-on-care-rehabilitation-and-management-of-beggar-shelter-homes-in-compliance-with-honble-supreme-court-directions/
documents	https://www.dosje.gov.in/documents/minutes-of-the-meeting-held-on-31-07-2018-01-08-2018-and-02-08-2018-to-the-review-progress-of-schemes/
documents	https://www.dosje.gov.in/documents/guidelines-on-new-arrangement-for-earmarking-of-funds-for-scheduled-castes-sub-plan-scsp-and-tribal-sub-plan-tsp/
documents	https://www.dosje.gov.in/documents/statement-10a-2017-2018/
documents	https://www.dosje.gov.in/documents/statement-10a-2018-2019/
documents	https://www.dosje.gov.in/documents/statement-10a-2019-2020/
documents	https://www.dosje.gov.in/documents/statement-10a-2020-2021/
documents	https://www.dosje.gov.in/documents/statement-10a-2021-2022/
documents	https://www.dosje.gov.in/documents/statement-10a-2022-2023/
documents	https://www.dosje.gov.in/documents/statement-10a-2023-2024/
documents	https://www.dosje.gov.in/documents/statement-10a-2024-2025/
documents	https://www.dosje.gov.in/documents/statement-10a-2025-2026/
documents	https://www.dosje.gov.in/documents/annual-report-2022-23-6/
documents	https://www.dosje.gov.in/documents/portal-is-open-for-receiving-all-applications-existing-ongoing-new-projects-submitted-by-the-agencies-for-receiving-the-grants-in-aid-in-case-of-irca-odic-cpli-ddac-and-slca-under-napddr-scheme/
documents	https://www.dosje.gov.in/documents/extension-of-portal-for-avyay-ongoing-cases-for-2024-25-first-installment/
documents	https://www.dosje.gov.in/documents/advertisement-for-new-regional-resource-training-centres-rrtcs-under-sr-citizen-division-of-ministry-of-social-justice-and-empowerment-2/
documents	https://www.dosje.gov.in/documents/%e0%a4%89%e0%a4%a8%e0%a5%8d%e0%a4%ae%e0%a5%81%e0%a4%96%e0%a5%80%e0%a4%95%e0%a4%b0%e0%a4%a3-%e0%a4%ae%e0%a5%87%e0%a4%82-%e0%a4%ad%e0%a4%bf%e0%a4%95%e0%a5%8d%e0%a4%b7%e0%a4%be%e0%a4%b5%e0%a5%83%e0%a4%a4/
documents	https://www.dosje.gov.in/documents/notice-inviting-applications-for-new-cases-under-ayvyay-in-gap-districts-2/
documents	https://www.dosje.gov.in/documents/portal-is-open-for-seeking-applications-from-eligible-ngos-for-1st-instalment-of-gia-for-running-of-ongoing-new/
documents	https://www.dosje.gov.in/documents/portal-is-open-for-seeking-applications-from-eligible-ngos-for-1st-instalment-of-gia-for-running-of-ongoing-residential-non-resedentail-hostal/
documents	https://www.dosje.gov.in/documents/portal-is-open-for-seeking-applications-from-eligible-ngos-for-release-of-2nd-instalment-of-gia-for-running-of-ongoing-residential-non-resedentail-hostal/
documents	https://www.dosje.gov.in/documents/geo-tagged-ministry-supported-institutions-providing-drug-addiction-counseling-treatment-and-rehabilitation-and-other-facilities-have-been-geo-tagged-to-make-their-services-accessible-and-easier-to/
documents	https://www.dosje.gov.in/documents/office-order-to-provide-right-to-educationrte-entitlements-to-children-with-special-needscwsn-under-the-inclusive-education-component-of-samagra-shiksha-scheme-and-pm-poshan/
documents	https://www.dosje.gov.in/documents/portal-is-open-for-seeking-applications-from-eligible-ngos-for-release-of-2nd-instalment-of-gia-for-running-of-ongoing-projects/
documents	https://www.dosje.gov.in/documents/portal-is-open-for-seeking-applications-for-avyay-ipsrc-ipop-1st-installment-for-fy-2024-25-ongoing-cases-only/
documents	https://www.dosje.gov.in/documents/projects-of-senior-citizens-home-under-atal-vayo-abhyuday-yojana-avyay/
documents	https://www.dosje.gov.in/documents/portal-is-open-for-seeking-applications-from-eligible-ngos-for-release-of-3rd-full-final-instalment-of-gia-for-running-of-ongoing-irca-odic-cpli-ddac-slca/
documents	https://www.dosje.gov.in/documents/applications-are-invited-for-online-submission-of-1st-installment-ongoing-proposals-for-the-year-2024-25-under-napddr-last-date-for-submission-of-applications-with-complete-documents/
documents	https://www.dosje.gov.in/documents/applications-invited-for-setting-up-of-garima-greh-open-up-to-05-08-2024-%e0%a4%b0%e0%a5%81%e0%a4%9a%e0%a4%bf-%e0%a4%95%e0%a5%80-%e0%a4%85%e0%a4%ad%e0%a4%bf%e0%a4%b5%e0%a5%8d%e0%a4%af%e0%a4%95/
documents	https://www.dosje.gov.in/documents/portal-is-open-for-receiving-all-applications-i-e-ongoing-1st-2nd-and-3rd-installments-and-new-cases-submitted-by-the-agencies-for-receiving-the-grants-in-aid-for-fy-2025-26-under-avyay-scheme/
documents	https://www.dosje.gov.in/documents/notice-inviting-applications-for-gap-state/
documents	https://www.dosje.gov.in/documents/inviting-expression-of-interest-cum-proposal-from-the-eligible-organizations-for-setting-up-of-district-de-addiction-centres-ddacs-under-the-scheme-of-national-action-plan-for-drug-demand-reduction-2/
documents	https://www.dosje.gov.in/documents/corrigendum-inviting-expression-of-interest-cum-proposal-from-the-eligible-organizations-for-setting-up-of-district-de-addiction-centres-ddacs-under-the-scheme-of-national-action-plan-for-drug-dem/
documents	https://www.dosje.gov.in/documents/revise-notice-for-inviting-application-in-respect-of-garima-greh-project-under-smile-scheme-from-gap-states-uts-reg-smile/
documents	https://www.dosje.gov.in/documents/extension-of-last-date-of-6th-advertisement-for-setting-up-ddac-on-e-anudaan-portal/
documents	https://www.dosje.gov.in/documents/setting-up-of-new-garima-greh-and-for-existing-garima-grehs-in-all-the-states-uts-under-smile-scheme-throughout-the-year-2025/
documents	https://www.dosje.gov.in/documents/norms-for-drugs-de-addiction-centre-ddac/
documents	https://www.dosje.gov.in/documents/beggary-rfp/
documents	https://www.dosje.gov.in/documents/garima-grah-eoi-smile-guideline/
documents	https://www.dosje.gov.in/documents/applications-are-invited-for-obtaining-skill-development-training-under-ministrys-pm-daksh-programme/
documents	https://www.dosje.gov.in/documents/geo-tagged-ministry-supported-institutions-providing-drug-addiction-counseling/
documents	https://www.dosje.gov.in/documents/applications-for-fee-claim-for-2022-23-for-shreshta-schools-registered-in-2021-22/
documents	https://www.dosje.gov.in/documents/invitation-of-applications-for-best-panchayati-raj-or-municipal-body-working-for-prevention-of-alcoholism-and-drug-abuse/
documents	https://www.dosje.gov.in/documents/calling-application-for-renewal-of-ongoing-pilot-garima-greh-projects/
documents	https://www.dosje.gov.in/documents/centrally-sponsored-napsrc-umbrella-scheme/
documents	https://www.dosje.gov.in/documents/invitation-of-applications-for-the-national-awards-for-outstanding-service-in-the-field-of-prevention-of-alcoholism-and-substance-drugs-abuse/
documents	https://www.dosje.gov.in/documents/nappdr-national-action-plan-for-drug-demand-reduction-revised-guidelines/
documents	https://www.dosje.gov.in/documents/invitation-of-expression-of-interest-cum-proposal-for-setting-up-of-district-de-addiction-centres-ddac-under-napddr/
documents	https://www.dosje.gov.in/documents/status-of-rejected-proposals-received-for-setting-up-of-district-de-addiction-centres-ddacs-under-the-scheme-of-napddr/
documents	https://www.dosje.gov.in/documents/organisations-finalized-as-implementing-agencies-under-ipsrc/
documents	https://www.dosje.gov.in/documents/portal-is-open-for-seeking-applications-from-eligible-ngos-for-release-of-3rd-full-final-installment-of-gia-for-running-of-ongoing-shreshta-scheme-for-the-year-2022-23/
documents	https://www.dosje.gov.in/documents/udid-number-udid-enrollment-number-with-disability-certificate-is-mandatory-for-availing-grant-in-aid-under-ddrs-from-the-fy-2023-24/
documents	https://www.dosje.gov.in/documents/revamped-e-anudaan-portal-has-be-made-operational-and-live-from-21st-july-2023-all-pia-ngos-are-requested-to-login-and-submit-the-proposals-as-per-new-ddrs/
documents	https://www.dosje.gov.in/documents/applications-from-residential-schools-selected-in-2021-22-by-district-authorities-for-submit-fee-claim-for-the-year-2023-24-for-students-promoted-in-11th-class-under-shreshta-scheme/
documents	https://www.dosje.gov.in/documents/portal-is-open-for-seeking-applications-from-eligible-ngos-for-release-of-1st-instalment-of-gia-for-running-of-ongoing-ddac-for-the-year-2023-24-under-napddr-2/
documents	https://www.dosje.gov.in/documents/portal-is-open-for-seeking-applications-from-eligible-ngos-for-release-of-1st-instalment-of-gia-for-running-of-ongoing-ddac-for-the-year-2023-24-under-napddr/
documents	https://www.dosje.gov.in/documents/30408/
documents	https://www.dosje.gov.in/documents/applications-are-invited-for-online-submission-of-1st-installment-proposals-under-shreshta-scheme/
documents	https://www.dosje.gov.in/documents/portal-for-making-entries-of-beneficiaries-for-the-year-2022-23-for-scheme-under-napddr-irca-odic-cpli/
documents	https://www.dosje.gov.in/documents/applying-of-ongoing-proposals-under-napddr-irca-odic-cpli-slcas-by-the-organisations-who-has-not-applied-so-far-no-further-opportunity-would-be-given-in-case-the-organisations-could-not-apply/
documents	https://www.dosje.gov.in/documents/applications-are-invited-for-online-submission-of-1st-installment-ongoing-proposals-under-for-running-the-ddac-for-the-year-2023-24-under-napddr-date-for-submission-of-applications-with-complete-do/
documents	https://www.dosje.gov.in/documents/new-applications-for-setting-up-slcas-in-the-state-of-uttar-pradesh-punjab-and-rajasthan-under-napddr-are-invited-from-organizations-till-10-12-2023/
documents	https://www.dosje.gov.in/documents/eligible-organizations-for-setting-up-of-district-de-addiction-centres-ddacs-under-the-scheme-of-national-action-plan-for-drug-demand-reduction-napddr/
documents	https://www.dosje.gov.in/documents/extension-of-last-date-for-setting-up-ddac-on-e-anudaan-portal/
documents	https://www.dosje.gov.in/documents/welfare-of-the-marginalised-communities/
documents	https://www.dosje.gov.in/documents/handbook/
documents	https://www.dosje.gov.in/documents/brochure-1/
documents	https://www.dosje.gov.in/documents/annual-report-poa-2021/
documents	https://www.dosje.gov.in/documents/press-release-08-jan-2026/
documents	https://www.dosje.gov.in/documents/press-release-23-may-2025/
documents	https://www.dosje.gov.in/documents/booklet-modernization-and-strengthening/
documents	https://www.dosje.gov.in/documents/annual-report-english-poa-2023/
documents	https://www.dosje.gov.in/documents/annual-report-poa-2023/
documents	https://www.dosje.gov.in/documents/annual-report-poa-2020/
documents	https://www.dosje.gov.in/documents/annual-report-poa-2019/
documents	https://www.dosje.gov.in/documents/annual-report-poa-2018/
documents	https://www.dosje.gov.in/documents/annual-report-poa-2017/
documents	https://www.dosje.gov.in/documents/annual-report-poa-2016/
documents	https://www.dosje.gov.in/documents/annual-report-poa-2015/
documents	https://www.dosje.gov.in/documents/annual-report-english-pcr-2023/
documents	https://www.dosje.gov.in/documents/annual-report-hindi-pcr-2023/
documents	https://www.dosje.gov.in/documents/annual-report-pcr-2022/
documents	https://www.dosje.gov.in/documents/annual-report-pcr-2021/
documents	https://www.dosje.gov.in/documents/annual-report-pcr-2020/
documents	https://www.dosje.gov.in/documents/annual-report-pcr-2019/
documents	https://www.dosje.gov.in/documents/annual-report-pcr-2018/
documents	https://www.dosje.gov.in/documents/annual-report-pcr-2017/
documents	https://www.dosje.gov.in/documents/annual-report-pcr-2016/
events	https://www.dosje.gov.in/events/ek-ped-maa-ke-naam-7/
events	https://www.dosje.gov.in/events/ek-ped-maa-ke-naam-6/
events	https://www.dosje.gov.in/events/ek-ped-maa-ke-naam-5/
events	https://www.dosje.gov.in/events/ek-ped-maa-ke-naam-4/
events	https://www.dosje.gov.in/events/ek-ped-maa-ke-naam-3/
events	https://www.dosje.gov.in/events/ek-ped-maa-ke-naam-2/
events	https://www.dosje.gov.in/events/test123-2/
events	https://www.dosje.gov.in/events/test123/
events	https://www.dosje.gov.in/events/ek-ped-maa-ke-naam/
events	https://www.dosje.gov.in/events/test-event-25-aug-2/
events	https://www.dosje.gov.in/events/test-event-state-officer/
events	https://www.dosje.gov.in/events/test-event-rrtc-1-25th-aug/
events	https://www.dosje.gov.in/events/test-event-25th-aug-1-ministry-login/
events	https://www.dosje.gov.in/events/test-image-not-showing/
events	https://www.dosje.gov.in/events/03-day-programme-for-dementia-care-management-5/
events	https://www.dosje.gov.in/events/test-2/
events	https://www.dosje.gov.in/events/test/
events	https://www.dosje.gov.in/events/senior-citizens-association-meeting-with-kachi-sewa-sam/
events	https://www.dosje.gov.in/events/mothers-day-at-maniba-old-age-home/
events	https://www.dosje.gov.in/events/senior-citizens-pensioner-group-vadodara-celebrated-fat/
events	https://www.dosje.gov.in/events/senior-citizens-association-meeting/
events	https://www.dosje.gov.in/events/international-day-of-older-person-2/
events	https://www.dosje.gov.in/events/world-elder-abuse-awareness-day-2/
events	https://www.dosje.gov.in/events/celebration-of-international-yoga-day-6/
events	https://www.dosje.gov.in/events/celebration-of-international-yoga-day-5/
events	https://www.dosje.gov.in/events/celebration-of-international-yoga-day-4/
events	https://www.dosje.gov.in/events/celebration-of-international-yoga-day-3/
events	https://www.dosje.gov.in/events/celebration-of-international-yoga-day-2/
events	https://www.dosje.gov.in/events/celebration-of-international-yoga-day/
events	https://www.dosje.gov.in/events/international-day-of-yoga-4/
events	https://www.dosje.gov.in/events/international-yoga-day-2/
events	https://www.dosje.gov.in/events/international-day-of-yoga-3/
events	https://www.dosje.gov.in/events/international-day-of-yoga-2/
events	https://www.dosje.gov.in/events/international-day-of-yoga/
events	https://www.dosje.gov.in/events/seniors-youth-connect-programme-2/
events	https://www.dosje.gov.in/events/community-awareness-and-tree-plantation-drive/
events	https://www.dosje.gov.in/events/international-yoga-day/
events	https://www.dosje.gov.in/events/seniors-and-youth-connect-programme-4/
events	https://www.dosje.gov.in/events/tree-plantation-social-awareness-drive/
events	https://www.dosje.gov.in/events/seniors-youth-connect-programme/
events	https://www.dosje.gov.in/events/brief-report-on-celebration-of-international-day-of-yog/
events	https://www.dosje.gov.in/events/seniors-and-youth-connect-programme-3/
events	https://www.dosje.gov.in/events/seniors-and-youth-connect-programme-2/
events	https://www.dosje.gov.in/events/senior-citizens-care-and-respect-initiative/
events	https://www.dosje.gov.in/events/experiential-learning-programe/
events	https://www.dosje.gov.in/events/seniors-and-youth-connect-programme/
events	https://www.dosje.gov.in/events/elderly-and-youth-interaction-camp/
events	https://www.dosje.gov.in/events/world-elder-abuse-awareness-day/
events	https://www.dosje.gov.in/events/senior-and-youth-connect-programme-2/
events	https://www.dosje.gov.in/events/senior-and-youth-connect-programme/
events	https://www.dosje.gov.in/events/senior-citizens-and-youth-connect-programe/
events	https://www.dosje.gov.in/events/yuva-anubhav-prashikshan-karyakram/
events	https://www.dosje.gov.in/events/observance-of-world-elder-abuse-awareness-day-walkathon/
events	https://www.dosje.gov.in/events/youth-generations-connect-a-day-of-joy-games-and-resp/
events	https://www.dosje.gov.in/events/empowering-senior-women-health-safety-and-mental-wel/
events	https://www.dosje.gov.in/events/rashtriya-vayoshri-yojna-camp/
events	https://www.dosje.gov.in/events/gp-level-training-46/
events	https://www.dosje.gov.in/events/gp-level-training-45/
events	https://www.dosje.gov.in/events/gp-level-training-program-11/
events	https://www.dosje.gov.in/events/gp-level-training-program-10/
events	https://www.dosje.gov.in/events/gp-level-training-program-9/
events	https://www.dosje.gov.in/events/gp-level-training-44/
events	https://www.dosje.gov.in/events/block-level-training-62/
events	https://www.dosje.gov.in/events/block-level-training-61/
events	https://www.dosje.gov.in/events/block-level-training-program-15/
events	https://www.dosje.gov.in/events/block-level-training-program-14/
events	https://www.dosje.gov.in/events/block-level-training-60/
events	https://www.dosje.gov.in/events/gp-level-training-43/
events	https://www.dosje.gov.in/events/block-level-training-program-13/
events	https://www.dosje.gov.in/events/block-level-training-program-12/
events	https://www.dosje.gov.in/events/district-level-training-programsenior-citizens/
events	https://www.dosje.gov.in/events/district-level-training-program-4/
events	https://www.dosje.gov.in/events/gp-level-training-program-8/
events	https://www.dosje.gov.in/events/gp-level-training-42/
events	https://www.dosje.gov.in/events/gp-level-training-program-7/
events	https://www.dosje.gov.in/events/gp-level-training-programe/
events	https://www.dosje.gov.in/events/block-level-training-program-11/
events	https://www.dosje.gov.in/events/block-leel-training-proram/
events	https://www.dosje.gov.in/events/block-level-training-program-10/
events	https://www.dosje.gov.in/events/block-level-training-program-9/
events	https://www.dosje.gov.in/events/district-level-training-6/
events	https://www.dosje.gov.in/events/gp-level-training-41/
events	https://www.dosje.gov.in/events/block-level-training-59/
events	https://www.dosje.gov.in/events/gp-level-training-40/
events	https://www.dosje.gov.in/events/gp-level-training-39/
events	https://www.dosje.gov.in/events/gp-level-training-38/
events	https://www.dosje.gov.in/events/block-level-training-program-8/
events	https://www.dosje.gov.in/events/block-level-training-58/
events	https://www.dosje.gov.in/events/block-level-training-57/
events	https://www.dosje.gov.in/events/block-levle-training/
events	https://www.dosje.gov.in/events/block-level-training-56/
events	https://www.dosje.gov.in/events/block-level-training-55/
events	https://www.dosje.gov.in/events/block-level-training-54/
events	https://www.dosje.gov.in/events/gp-level-training-37/
events	https://www.dosje.gov.in/events/gp-level-training-36/
events	https://www.dosje.gov.in/events/block-level-training-53/
events	https://www.dosje.gov.in/events/block-level-training-52/
events	https://www.dosje.gov.in/events/block-level-training-51/
events	https://www.dosje.gov.in/events/district-level-training-program-3/
events	https://www.dosje.gov.in/events/district-level-training-program-2/
events	https://www.dosje.gov.in/events/gp-level-training-program-6/
events	https://www.dosje.gov.in/events/gp-level-training-program-5/
events	https://www.dosje.gov.in/events/gp-level-training-program-4/
events	https://www.dosje.gov.in/events/gp-level-training-35/
events	https://www.dosje.gov.in/events/block-level-training-program-7/
events	https://www.dosje.gov.in/events/block-levle-training-program/
events	https://www.dosje.gov.in/events/block-level-training-program-6/
events	https://www.dosje.gov.in/events/block-level-training-program-5/
events	https://www.dosje.gov.in/events/district-level-training-program/
events	https://www.dosje.gov.in/events/gp-level-training-34/
events	https://www.dosje.gov.in/events/gp-level-training-program-3/
events	https://www.dosje.gov.in/events/gp-level-training-33/
events	https://www.dosje.gov.in/events/block-level-training-program-4/
events	https://www.dosje.gov.in/events/block-level-training-50/
events	https://www.dosje.gov.in/events/block-level-training-49/
events	https://www.dosje.gov.in/events/block-level-training-48/
events	https://www.dosje.gov.in/events/gp-level-training-32/
events	https://www.dosje.gov.in/events/gp-level-training-31/
events	https://www.dosje.gov.in/events/gp-level-training-30/
events	https://www.dosje.gov.in/events/gp-level-orientation/
events	https://www.dosje.gov.in/events/gp-level-training-29/
events	https://www.dosje.gov.in/events/gp-level-training-28/
events	https://www.dosje.gov.in/events/gp-level-training-programme-2/
events	https://www.dosje.gov.in/events/block-level-training-47/
events	https://www.dosje.gov.in/events/block-level-training-program-3/
events	https://www.dosje.gov.in/events/block-level-training-program-2/
events	https://www.dosje.gov.in/events/block-level-training-programme-21/
events	https://www.dosje.gov.in/events/block-level-training-programme-20/
events	https://www.dosje.gov.in/events/block-level-training-46/
events	https://www.dosje.gov.in/events/block-level-training-programme-19/
events	https://www.dosje.gov.in/events/district-level-training-5/
events	https://www.dosje.gov.in/events/block-level-training-45/
events	https://www.dosje.gov.in/events/gp-level-training-program-2/
events	https://www.dosje.gov.in/events/gp-level-training-programme/
events	https://www.dosje.gov.in/events/block-level-training-44/
events	https://www.dosje.gov.in/events/block-level-training-43/
events	https://www.dosje.gov.in/events/block-level-training-42/
events	https://www.dosje.gov.in/events/district-level-training-programsenior-citizen/
events	https://www.dosje.gov.in/events/district-level-training-programme-2/
events	https://www.dosje.gov.in/events/labanya-grace-within-and-around-celebration-o/
events	https://www.dosje.gov.in/events/gp-level-training-program/
events	https://www.dosje.gov.in/events/gp-level-training-27/
events	https://www.dosje.gov.in/events/gp-level-training-26/
events	https://www.dosje.gov.in/events/block-level-training-41/
events	https://www.dosje.gov.in/events/block-level-training-programme-18/
events	https://www.dosje.gov.in/events/block-level-training-40/
events	https://www.dosje.gov.in/events/district-level-training-programme-sr-citizen/
events	https://www.dosje.gov.in/events/district-level-training-4/
events	https://www.dosje.gov.in/events/gp-level-training-25/
events	https://www.dosje.gov.in/events/block-level-training-programme-17/
events	https://www.dosje.gov.in/events/block-level-training-38/
events	https://www.dosje.gov.in/events/gp-level-training-21/
events	https://www.dosje.gov.in/events/gp-level-training-22/
events	https://www.dosje.gov.in/events/gp-level-training-23/
events	https://www.dosje.gov.in/events/gp-level-training-24/
events	https://www.dosje.gov.in/events/block-level-training-39/
events	https://www.dosje.gov.in/events/gp-level-training-20/
events	https://www.dosje.gov.in/events/block-level-training-37/
events	https://www.dosje.gov.in/events/block-level-training-36/
events	https://www.dosje.gov.in/events/block-level-traning/
events	https://www.dosje.gov.in/events/block-level-training-programme-16/
events	https://www.dosje.gov.in/events/block-level-training-35/
events	https://www.dosje.gov.in/events/district-level-training-senior-citizens-2/
events	https://www.dosje.gov.in/events/district-level-stakeholders-training-2/
events	https://www.dosje.gov.in/events/gp-level-training-19/
events	https://www.dosje.gov.in/events/gp-level-training-18/
events	https://www.dosje.gov.in/events/block-level-training-34/
events	https://www.dosje.gov.in/events/block-level-training-33/
events	https://www.dosje.gov.in/events/district-level-training-3/
events	https://www.dosje.gov.in/events/gp-level-training-17/
events	https://www.dosje.gov.in/events/gp-level-training-16/
events	https://www.dosje.gov.in/events/gp-level-training-15/
events	https://www.dosje.gov.in/events/gp-level-training-14/
events	https://www.dosje.gov.in/events/gp-level-training-13/
events	https://www.dosje.gov.in/events/block-level-training-32/
events	https://www.dosje.gov.in/events/block-level-training-31/
events	https://www.dosje.gov.in/events/block-level-training-30/
events	https://www.dosje.gov.in/events/block-level-training-29/
events	https://www.dosje.gov.in/events/block-level-training-28/
events	https://www.dosje.gov.in/events/district-level-training-2/
events	https://www.dosje.gov.in/events/gp-level-training-12/
events	https://www.dosje.gov.in/events/gp-level-training-11/
events	https://www.dosje.gov.in/events/gp-level-training-10/
events	https://www.dosje.gov.in/events/gp-level-training-9/
events	https://www.dosje.gov.in/events/block-level-training-27/
events	https://www.dosje.gov.in/events/district-level-training-stakeholders-2/
events	https://www.dosje.gov.in/events/district-level-training-senior-citizens/
events	https://www.dosje.gov.in/events/block-level-training-24/
events	https://www.dosje.gov.in/events/block-level-training-26/
events	https://www.dosje.gov.in/events/block-level-training-25/
events	https://www.dosje.gov.in/events/gp-level-training-5/
events	https://www.dosje.gov.in/events/gp-level-training-6/
events	https://www.dosje.gov.in/events/gp-level-training-7/
events	https://www.dosje.gov.in/events/block-level-training-23/
events	https://www.dosje.gov.in/events/block-level-training-22/
events	https://www.dosje.gov.in/events/gp-level-training-8/
events	https://www.dosje.gov.in/events/block-level-training-19/
events	https://www.dosje.gov.in/events/block-level-training-21/
events	https://www.dosje.gov.in/events/block-level-training-20/
events	https://www.dosje.gov.in/events/block-level-training-18/
events	https://www.dosje.gov.in/events/gp-level-training-3/
events	https://www.dosje.gov.in/events/gp-level-training-4/
events	https://www.dosje.gov.in/events/gram-panchayat-level-training-12/
events	https://www.dosje.gov.in/events/gram-panchayat-level-training-13/
events	https://www.dosje.gov.in/events/gram-panchayat-level-training-14/
events	https://www.dosje.gov.in/events/gram-panchayat-level-training-15/
events	https://www.dosje.gov.in/events/gp-level-training/
events	https://www.dosje.gov.in/events/gp-level-training-2/
events	https://www.dosje.gov.in/events/block-level-training-16/
events	https://www.dosje.gov.in/events/block-level-training-programme-15/
events	https://www.dosje.gov.in/events/block-level-training-17/
events	https://www.dosje.gov.in/events/gram-panchayat-training-8/
events	https://www.dosje.gov.in/events/gram-panchayat-level-training-11/
events	https://www.dosje.gov.in/events/block-level-training-15/
events	https://www.dosje.gov.in/events/block-level-training-programme-11/
events	https://www.dosje.gov.in/events/block-level-training-programme-12/
events	https://www.dosje.gov.in/events/block-level-training-programme-13/
events	https://www.dosje.gov.in/events/block-level-training-programme-14/
events	https://www.dosje.gov.in/events/block-level-training-13/
events	https://www.dosje.gov.in/events/block-level-training-14/
events	https://www.dosje.gov.in/events/gram-panchayat-level-training-9/
events	https://www.dosje.gov.in/events/gram-panchayat-level-training-10/
events	https://www.dosje.gov.in/events/district-level-training/
events	https://www.dosje.gov.in/events/district-level-senior-citizen-training/
events	https://www.dosje.gov.in/events/gram-panchayat-level-training-6/
events	https://www.dosje.gov.in/events/gram-panchayat-level-training-7/
events	https://www.dosje.gov.in/events/gram-panchayat-training-7/
events	https://www.dosje.gov.in/events/gram-panchayat-level-training-8/
events	https://www.dosje.gov.in/events/district-level-stakeholder-training-2/
events	https://www.dosje.gov.in/events/district-level-senior-citizen-programme-2/
events	https://www.dosje.gov.in/events/the-gram-panchayat-level/
events	https://www.dosje.gov.in/events/gram-panchayat-level-training-4/
events	https://www.dosje.gov.in/events/gram-panchayat-level-training-5/
events	https://www.dosje.gov.in/events/block-level-training-11/
events	https://www.dosje.gov.in/events/block-level-training-12/
events	https://www.dosje.gov.in/events/district-level-stakeholders-training-program/
events	https://www.dosje.gov.in/events/district-level-senior-citizen-programme/
events	https://www.dosje.gov.in/events/block-level-training-programme-8/
events	https://www.dosje.gov.in/events/block-level-training-programme-9/
events	https://www.dosje.gov.in/events/block-level-training-programme-10/
events	https://www.dosje.gov.in/events/gram-panchayat-training-6/
events	https://www.dosje.gov.in/events/block-level-training-10/
events	https://www.dosje.gov.in/events/block-level-training-programme-7/
events	https://www.dosje.gov.in/events/gram-panchayat-level-programme/
events	https://www.dosje.gov.in/events/gram-panchayat-level-training-2/
events	https://www.dosje.gov.in/events/gram-panchayat-level-meeting/
events	https://www.dosje.gov.in/events/gram-panchayat-level-training-3/
events	https://www.dosje.gov.in/events/block-level-training-programme-6/
events	https://www.dosje.gov.in/events/block-level-training-8/
events	https://www.dosje.gov.in/events/district-level-training-stakeholders/
events	https://www.dosje.gov.in/events/district-level-orientation-senior-citizen/
events	https://www.dosje.gov.in/events/block-level-training-9/
events	https://www.dosje.gov.in/events/gram-panchayat-level-training/
events	https://www.dosje.gov.in/events/gram-panchayat-training-5/
events	https://www.dosje.gov.in/events/district-level-training-programme/
events	https://www.dosje.gov.in/events/district-level-training-to-senior-citizens/
events	https://www.dosje.gov.in/events/block-level-training-6/
events	https://www.dosje.gov.in/events/block-level-training-7/
events	https://www.dosje.gov.in/events/district-level-stakeholder-training/
events	https://www.dosje.gov.in/events/district-level-training-senior-citizen/
events	https://www.dosje.gov.in/events/block-level-training-program/
events	https://www.dosje.gov.in/events/block-level-training-programme-4/
events	https://www.dosje.gov.in/events/block-level-training-programme-5/
events	https://www.dosje.gov.in/events/block-level-training-5/
events	https://www.dosje.gov.in/events/gram-panchayat-training/
events	https://www.dosje.gov.in/events/gram-panchayat-training-2/
events	https://www.dosje.gov.in/events/gram-panchaya-training/
events	https://www.dosje.gov.in/events/gram-panchayat-training-3/
events	https://www.dosje.gov.in/events/gram-panchayat-training-4/
events	https://www.dosje.gov.in/events/block-level-training-4/
events	https://www.dosje.gov.in/events/block-level-training-3/
events	https://www.dosje.gov.in/events/block-level-training-programme/
events	https://www.dosje.gov.in/events/district-level-training-to-senior-ciizen/
events	https://www.dosje.gov.in/events/block-level-training-programme-2/
events	https://www.dosje.gov.in/events/block-level-training-programme-3/
events	https://www.dosje.gov.in/events/gram-panchayat-orientation/
events	https://www.dosje.gov.in/events/gram-panchayat-level-orientation-2/
events	https://www.dosje.gov.in/events/gram-panchayat-level-sensitization/
events	https://www.dosje.gov.in/events/gram-panchayat-level-orientation-3/
events	https://www.dosje.gov.in/events/block-level-training-2/
events	https://www.dosje.gov.in/events/district-level-stake-holders-programme/
events	https://www.dosje.gov.in/events/block-level-training/
events	https://www.dosje.gov.in/events/district-level-stakeholders-training/
events	https://www.dosje.gov.in/events/district-level-senior-citizen-meet/
events	https://www.dosje.gov.in/events/block-level-orientation/
events	https://www.dosje.gov.in/events/block-level-orientation-2/
events	https://www.dosje.gov.in/events/gram-panchayat-level-orientation/
events	https://www.dosje.gov.in/events/block-level-orientation-programe/
events	https://www.dosje.gov.in/events/digital-financial-literacy-programme-for-sr-citize/
events	https://www.dosje.gov.in/events/pilgrimage-tour-of-beneficiaries-of-all-03-old-age-home/
events	https://www.dosje.gov.in/events/usage-of-medica-for-protection-care-and-overall-wellbe/
events	https://www.dosje.gov.in/events/celebration-of-idop-5/
events	https://www.dosje.gov.in/events/celebration-of-idop/
events	https://www.dosje.gov.in/events/celebration-of-idop-2/
events	https://www.dosje.gov.in/events/celebration-of-idop-3/
events	https://www.dosje.gov.in/events/celebration-of-idop-4/
events	https://www.dosje.gov.in/events/swachhta-abhiyan-ek-ped-maa-kee-nam/
events	https://www.dosje.gov.in/events/activities-of-productive-ageing/
events	https://www.dosje.gov.in/events/training-of-geriatric-caregiver/
events	https://www.dosje.gov.in/events/sensitization-and-awareness-intergenerational-bonding/
events	https://www.dosje.gov.in/events/sensitization-awareness-health-medical-camp-inte/
events	https://www.dosje.gov.in/events/sensitization-awareness-health-medical-camp-and-in/
events	https://www.dosje.gov.in/events/chintan-shivir/
events	https://www.dosje.gov.in/events/international-day-of-older-person/
events	https://www.dosje.gov.in/events/varishth-nagrik-khel-avam-samman-samaroh/
events	https://www.dosje.gov.in/events/varishth-nagrik-khel-avam-samman-samaroh-2/
events	https://www.dosje.gov.in/events/senior-citizen-legal-awareness/
events	https://www.dosje.gov.in/events/nursing-service/
events	https://www.dosje.gov.in/events/wall-painting-at-c-m-r-home-senior-citizen-care-centre-2/
events	https://www.dosje.gov.in/events/ambedkar-jayanti-celebration/
events	https://www.dosje.gov.in/events/wall-painting-at-c-m-r-home-senior-citizen-care-centre-3/
events	https://www.dosje.gov.in/events/wall-painting-at-c-m-r-home-senior-citizen-care-centre-4/
events	https://www.dosje.gov.in/events/one-day-programme-on-standardization-of-senior-care-hom-2/
events	https://www.dosje.gov.in/events/plantation-activity/
events	https://www.dosje.gov.in/events/medical-health-campramashrya-camp-for-senior-citizens-7/
events	https://www.dosje.gov.in/events/holistic-well-being-camp-under-sade-buzurg-sada-maan-2/
events	https://www.dosje.gov.in/events/medical-health-campramashrya-camp-for-senior-citizens-4/
events	https://www.dosje.gov.in/events/holistic-well-being-camp-under-sada-bazurg-sada-maan-7/
events	https://www.dosje.gov.in/events/medical-health-campramashrya-camp-for-senior-citizens-5/
events	https://www.dosje.gov.in/events/medical-health-campramashrya-camp-for-senior-citizens-6/
events	https://www.dosje.gov.in/events/sbsm-holistic-well-being-camp/
events	https://www.dosje.gov.in/events/wall-painting-at-old-age-home-salumber/
events	https://www.dosje.gov.in/events/medical-health-campramashrya-camp-for-senior-citizens/
events	https://www.dosje.gov.in/events/medical-health-campramashrya-camp-for-senior-citizens-2/
events	https://www.dosje.gov.in/events/medical-health-campramashrya-camp-for-senior-citizens-3/
events	https://www.dosje.gov.in/events/pledge-event/
events	https://www.dosje.gov.in/events/medical-health-campramashray-camp-for-senior-citizens-5/
events	https://www.dosje.gov.in/events/medical-health-campramashray-camp-for-senior-citizens-6/
events	https://www.dosje.gov.in/events/medical-health-campramashray-camp-for-senior-citizens-7/
events	https://www.dosje.gov.in/events/medical-health-campramashray-camp-for-senior-citizens-2/
events	https://www.dosje.gov.in/events/medical-health-campramashray-camp-for-senior-citizens-3/
events	https://www.dosje.gov.in/events/medical-health-campramashray-camp-for-senior-citizens-4/
events	https://www.dosje.gov.in/events/medical-health-campramashray-camp-for-senior-citizens/
events	https://www.dosje.gov.in/events/international-day-of-older-persons-4/
events	https://www.dosje.gov.in/events/holistic-well-being-camp-under-sada-bazurg-sada-maan-6/
events	https://www.dosje.gov.in/events/wall-painting-at-c-m-r-home-senior-citizen-care-centre/
events	https://www.dosje.gov.in/events/workshop-on-welfare-and-empowerment-of-senior-citizens/
events	https://www.dosje.gov.in/events/holistic-well-being-camp-under-sada-bazurg-sada-maan-5/
events	https://www.dosje.gov.in/events/health-and-medical-aid-camp-2/
events	https://www.dosje.gov.in/events/intergenerational-and-bonding-activities-conducted-unde-3/
events	https://www.dosje.gov.in/events/yoga-camp-4/
events	https://www.dosje.gov.in/events/online-dementia-screening-and-awareness-training/
events	https://www.dosje.gov.in/events/productive-and-traditional-ageing-camp-under-sade-buzur-4/
events	https://www.dosje.gov.in/events/sensitisation-and-awareness-camp-conducted-under-sade-b-3/
events	https://www.dosje.gov.in/events/intergenerational-and-bonding-activities-conducted-unde-2/
events	https://www.dosje.gov.in/events/yoga-camp-3/
events	https://www.dosje.gov.in/events/medical-health-campramashray-camp-for-senior-citizen/
events	https://www.dosje.gov.in/events/bengali-new-year/
events	https://www.dosje.gov.in/events/holistic-well-being-camp-under-sada-bazurg-sada-maan-4/
events	https://www.dosje.gov.in/events/health-and-medical-aid-camp/
events	https://www.dosje.gov.in/events/volunteer/
events	https://www.dosje.gov.in/events/holistic-well-being-camp-under-sada-bazurg-sada-maan-3/
events	https://www.dosje.gov.in/events/health-and-medical-aid-camp-under-sbsm/
events	https://www.dosje.gov.in/events/productive-and-traditional-ageing-camp-under-sade-buzur-3/
events	https://www.dosje.gov.in/events/sensitisation-and-awareness-camp-conducted-under-sade-b-2/
events	https://www.dosje.gov.in/events/kinetic-and-mental-skill-improvement-programme-conducte/
events	https://www.dosje.gov.in/events/yoga-camp-2/
events	https://www.dosje.gov.in/events/holistic-well-being-camp-under-sada-bazurg-sada-maan-2/
events	https://www.dosje.gov.in/events/health-and-medical-camp-under-sbsm-2/
events	https://www.dosje.gov.in/events/health-and-medical-camp-under-sbsm/
events	https://www.dosje.gov.in/events/productive-and-traditional-ageing-camp-under-sade-buzur-2/
events	https://www.dosje.gov.in/events/sensitisation-and-awareness-camp-conducted-under-sade-b/
events	https://www.dosje.gov.in/events/intergenerational-and-bonding-activities-conducted-unde/
events	https://www.dosje.gov.in/events/yoga-camp/
events	https://www.dosje.gov.in/events/intergenerational-bonding-activities/
events	https://www.dosje.gov.in/events/yoga-camp-conducted-under-sade-buzurg-sade-maan/
events	https://www.dosje.gov.in/events/yoga-camp-under-sade-buzurg-sada-maan/
events	https://www.dosje.gov.in/events/holistic-well-being-camp-under-sade-buzurg-sada-maan/
events	https://www.dosje.gov.in/events/health-and-medical-aid-camp-under-sade-buzurg-sada-maan/
events	https://www.dosje.gov.in/events/productive-and-traditional-ageing-camp-under-sade-buzur/
events	https://www.dosje.gov.in/events/sensitisation-and-awareness-activities/
events	https://www.dosje.gov.in/events/commencement-of-the-yoga-camp-at-district-mohali/
events	https://www.dosje.gov.in/events/senior-citizens-visit-to-amrit-udyan/
events	https://www.dosje.gov.in/events/holistic-well-being-camp-under-sade-buzurg-sada-mann/
events	https://www.dosje.gov.in/events/one-day-programme-for-staff-of-ngos-senior-citizen-hom-2/
events	https://www.dosje.gov.in/events/one-day-programme-for-staff-of-ngos-senior-citizen-hom-3/
events	https://www.dosje.gov.in/events/02-day-training-of-functionaries-of-senior-citizen-home-2/
events	https://www.dosje.gov.in/events/holistic-well-being-camp-under-sada-bazurg-sada-maan/
events	https://www.dosje.gov.in/events/03-day-programme-for-dementia-care-management-2/
events	https://www.dosje.gov.in/events/03-day-programme-for-dementia-care-management-3/
events	https://www.dosje.gov.in/events/2-day-training-of-functionaries-of-senior-citizen-home/
events	https://www.dosje.gov.in/events/one-day-programme-for-staff-of-ngos-senior-citizen-hom/
events	https://www.dosje.gov.in/events/skill-indua-2/
events	https://www.dosje.gov.in/events/03-day-programme-for-dementia-care-management/
events	https://www.dosje.gov.in/events/one-day-programme-on-standardization-of-senior-care-hom/
events	https://www.dosje.gov.in/events/telly/
events	https://www.dosje.gov.in/events/02-day-training-of-functionaries-of-senior-citizen-home/
events	https://www.dosje.gov.in/events/mental-health-property-protection/
events	https://www.dosje.gov.in/events/intergenerational-bonding-in-school-2/
events	https://www.dosje.gov.in/events/mental-health-property-protection-2/
events	https://www.dosje.gov.in/events/diet-nutrition-progarm/
events	https://www.dosje.gov.in/events/skill-indua/
events	https://www.dosje.gov.in/events/mental-health-of-senior-citizen-property-protection/
events	https://www.dosje.gov.in/events/varhadi-boli-bhasha-din/
events	https://www.dosje.gov.in/events/intergenerational-bonding-in-college/
events	https://www.dosje.gov.in/events/mental-health-and-property-protection-2/
events	https://www.dosje.gov.in/events/intergenerational-bonding-in-college-2/
events	https://www.dosje.gov.in/events/happy-aging/
events	https://www.dosje.gov.in/events/celebrating-idop-2025-concluding-ceremony/
events	https://www.dosje.gov.in/events/intergenerational-bonding-in-college-digital-detoxific/
events	https://www.dosje.gov.in/events/intergenerational-bonding-5/
events	https://www.dosje.gov.in/events/intergenerational-bonding-6/
events	https://www.dosje.gov.in/events/nachani-cooking-competition/
events	https://www.dosje.gov.in/events/senior-citizen-mental-health-and-property-protection-3/
events	https://www.dosje.gov.in/events/intergenerational-bonding-school-2/
events	https://www.dosje.gov.in/events/health-wellness-for-senior-citizens/
events	https://www.dosje.gov.in/events/sri-venkateswara-old-age-home-pongal-celebration/
events	https://www.dosje.gov.in/events/mental-health-and-property-protection/
events	https://www.dosje.gov.in/events/digital-literacy-4/
events	https://www.dosje.gov.in/events/health-wellness-programme-for-senior-citizens/
events	https://www.dosje.gov.in/events/intergenerational-bonding-school/
events	https://www.dosje.gov.in/events/idop-2025-kphb/
events	https://www.dosje.gov.in/events/holistic-health-including-yoga-meditation-natural-th/
events	https://www.dosje.gov.in/events/maintenance-and-welfare-of-parents-and-senior-citizen-a/
events	https://www.dosje.gov.in/events/digital-literacy-cyber-security/
events	https://www.dosje.gov.in/events/intergenerational-bonding-in-school/
events	https://www.dosje.gov.in/events/intergenerational-bonding-event-5/
events	https://www.dosje.gov.in/events/one-day-workshop-on-elderly-issues-4/
events	https://www.dosje.gov.in/events/diet-nutrition/
events	https://www.dosje.gov.in/events/digital-literacy-3/
events	https://www.dosje.gov.in/events/mental-and-physical-health-and-property-protection-of-s/
events	https://www.dosje.gov.in/events/intergenerational-bonding-4/
events	https://www.dosje.gov.in/events/one-day-awareness-on-healing-through-science-and-moveme/
events	https://www.dosje.gov.in/events/grand-parents-and-childrens-mela/
events	https://www.dosje.gov.in/events/international-day-of-older-persons-3/
events	https://www.dosje.gov.in/events/idop-event-in-bengaluru-2/
events	https://www.dosje.gov.in/events/intergenerational-bonding-event-3/
events	https://www.dosje.gov.in/events/intergenerational-bonding-event-4/
events	https://www.dosje.gov.in/events/virtual-inauguration-of-senior-citizen-initiatives-2/
events	https://www.dosje.gov.in/events/one-day-awareness-and-sensitization-programme-on-promot-4/
events	https://www.dosje.gov.in/events/intergenerational-bonding-3/
events	https://www.dosje.gov.in/events/one-day-awareness-programme-on-health-wellness-for-sen-2/
events	https://www.dosje.gov.in/events/one-day-awareness-and-sensitization-programme-on-promot-3/
events	https://www.dosje.gov.in/events/intergenerational-bonding-event-2/
events	https://www.dosje.gov.in/events/launch-of-vridhhamitra-toolkit-2/
events	https://www.dosje.gov.in/events/digital-literacy-2/
events	https://www.dosje.gov.in/events/senior-citizen-mental-health-and-property-protection-2/
events	https://www.dosje.gov.in/events/one-day-awareness-program-on-health-wellness-for-senio-2/
events	https://www.dosje.gov.in/events/intergeneration-bonding-in-college-2/
events	https://www.dosje.gov.in/events/diet-nutrition-women-right-2/
events	https://www.dosje.gov.in/events/legal-rights-and-property-protection-2/
events	https://www.dosje.gov.in/events/health-camp-4/
events	https://www.dosje.gov.in/events/health-camp-5/
events	https://www.dosje.gov.in/events/health-camp-6/
events	https://www.dosje.gov.in/events/one-day-awareness-prog-on-health-and-wellness-session/
events	https://www.dosje.gov.in/events/one-day-awareness-program-on-intergenerational-solidari-2/
events	https://www.dosje.gov.in/events/one-day-awareness-programme-on-health-wellness-for-sen/
events	https://www.dosje.gov.in/events/dental-camp-sessions-2/
events	https://www.dosje.gov.in/events/one-day-workshop-on-elderly-issues-3/
events	https://www.dosje.gov.in/events/one-day-awareness-and-sensitization-programme-on-promot-2/
events	https://www.dosje.gov.in/events/one-day-awareness-program-on-diet-and-nutrition-2/
events	https://www.dosje.gov.in/events/administering-pledge-on-un-theme-for-idop-2/
events	https://www.dosje.gov.in/events/swachhata-pakhwada-2/
events	https://www.dosje.gov.in/events/visit-to-baps-shri-swaminarayan-mandir-a-spiritual-exc/
events	https://www.dosje.gov.in/events/awareness-on-health-and-wellness-for-senior-citizen-2/
events	https://www.dosje.gov.in/events/international-day-of-older-persons-2/
events	https://www.dosje.gov.in/events/empowering-senior-citizens-on-digital-literacy-2/
events	https://www.dosje.gov.in/events/health-camp-for-senior-citizens-2/
events	https://www.dosje.gov.in/events/idop-celebrations-3/
events	https://www.dosje.gov.in/events/idop-celebrations-4/
events	https://www.dosje.gov.in/events/mwpsc-act-2/
events	https://www.dosje.gov.in/events/special-events-international-day-of-yoga-2/
events	https://www.dosje.gov.in/events/international-yoga-day-celebrations-2/
events	https://www.dosje.gov.in/events/intergenerational-bonding-2/
events	https://www.dosje.gov.in/events/panel-discussion-on-clouded-mind-2/
events	https://www.dosje.gov.in/events/special-events-world-elderly-abuse-awareness-day-weaad-2/
events	https://www.dosje.gov.in/events/awareness-on-health-and-wellness-session-2/
events	https://www.dosje.gov.in/events/changing-perspectives-on-ageing-best-practices-in-so/
events	https://www.dosje.gov.in/events/free-digital-literacy-and-cyber-safety-training-for-sen-2/
events	https://www.dosje.gov.in/events/elder-abuse-exploring-dark-reality-and-remedies-2/
events	https://www.dosje.gov.in/events/miranda-house-delhi-university/
events	https://www.dosje.gov.in/events/the-fifth-space-where-education-meets-responsibility/
events	https://www.dosje.gov.in/events/namo-viksit-bharat-samvad-har-ghar-tiranga-inspiring-gen-z-to-uphold-the-spirit-of-80-years-of-independence-constitutional-values-and-fundamental-duties/
events	https://www.dosje.gov.in/events/kargil-vijay-diwas-2025-2/
events	https://www.dosje.gov.in/events/fashion-cultural-show-presenting-khadi/
events	https://www.dosje.gov.in/events/%e0%a4%ad%e0%a4%be%e0%a4%b0%e0%a4%a4%e0%a5%80%e0%a4%af-%e0%a4%ad%e0%a4%be%e0%a4%b7%e0%a4%be-%e0%a4%89%e0%a4%a4%e0%a5%8d%e0%a4%b8%e0%a4%b5/
events	https://www.dosje.gov.in/events/press-conference-on-the-responsible-nations-index-rni-2026/
events	https://www.dosje.gov.in/events/launch-of-responsible-nations-index-rni-2026/
events	https://www.dosje.gov.in/events/%e0%a4%a6%e0%a5%8d%e0%a4%b5%e0%a4%bf-%e0%a4%a6%e0%a4%bf%e0%a4%b6%e0%a4%be%e0%a4%a4%e0%a5%8d%e0%a4%ae%e0%a4%95-%e0%a4%b8%e0%a4%b9%e0%a4%af%e0%a5%8b%e0%a4%97%e0%a4%be%e0%a4%a4%e0%a5%8d%e0%a4%ae%e0%a4%95/
events	https://www.dosje.gov.in/events/motivational-talk-by-dr-gayatri-harshe-titled-adventures-in-antarctica/
events	https://www.dosje.gov.in/events/namo-bharat-dialogues-women-leadership-ideas-for-viksit-bharat-2047/
events	https://www.dosje.gov.in/events/inauguration-of-souvenir-shop-at-daic/
events	https://www.dosje.gov.in/events/%e0%a4%b5%e0%a4%bf%e0%a4%b6%e0%a5%8d%e0%a4%b5-%e0%a4%b8%e0%a4%be%e0%a4%ae%e0%a4%be%e0%a4%9c%e0%a4%bf%e0%a4%95-%e0%a4%a8%e0%a5%8d%e0%a4%af%e0%a4%be%e0%a4%af-%e0%a4%a6%e0%a4%bf%e0%a4%b5%e0%a4%b8-2026/
events	https://www.dosje.gov.in/events/namo-bharat-dialogues/
events	https://www.dosje.gov.in/events/sewa-sankalp-report/
events	https://www.dosje.gov.in/events/samaveshi-rajya-samvaad-himachal-pradesh-chapter-him-milan-initiative/
events	https://www.dosje.gov.in/events/nation-building-and-leadership-a-soldiers-perspective/
events	https://www.dosje.gov.in/events/national-exhibition-cum-technical-event-under-mission-%e0%a4%b8%e0%a4%b9-sankalp/
events	https://www.dosje.gov.in/events/contribution-of-nalanda-mahavihara-in-the-dissemination-of-buddha-dhamma/
events	https://www.dosje.gov.in/events/book-discussion-on-ai-nation-bharats-path-to-ai-power/
events	https://www.dosje.gov.in/events/address-students-on-the-eve-of-ambedkar-jayanti/
events	https://www.dosje.gov.in/events/dr-ambedkar-memorial-lecture/
events	https://www.dosje.gov.in/events/visit-of-the-french-senate-delegation-on-ambedkar-jayanti/
events	https://www.dosje.gov.in/events/academic-visit-of-students-from-lnct-university-to-dr-ambedkar-international-centre-and-dr-ambedkar-national-memorial/
events	https://www.dosje.gov.in/events/namo-bharat-dialogues-a-new-west-asia-implications-for-india-and-the-world/
events	https://www.dosje.gov.in/events/prakriti-a-poetic-%e0%a4%ae%e0%a4%82%e0%a4%a5%e0%a4%a8/
events	https://www.dosje.gov.in/events/international-day-of-yoga-2026/
events	https://www.dosje.gov.in/events/talk-on-whole-of-nation-approach-to-nasha-mukt-bharat/
events	https://www.dosje.gov.in/events/talk-on-%e0%a4%b8%e0%a4%82%e0%a4%a4-%e0%a4%95%e0%a4%ac%e0%a5%80%e0%a4%b0-%e0%a4%8f%e0%a4%b5%e0%a4%82-%e0%a4%ad%e0%a4%be%e0%a4%b0%e0%a4%a4%e0%a5%80%e0%a4%af-%e0%a4%9c%e0%a5%8d%e0%a4%9e%e0%a4%be/
events	https://www.dosje.gov.in/events/national-hybrid-conference/
events	https://www.dosje.gov.in/events/talk-session-on-reforms-in-defence-sector-advancing-towards-viksit-bharat/
events	https://www.dosje.gov.in/events/samagam-vimarsh-evam-samman-samaroh/
events	https://www.dosje.gov.in/events/bharat-raksha-parv-amity-international-school-gurugram/
events	https://www.dosje.gov.in/events/maharaja-agrasen-institute-of-management-studies/
events	https://www.dosje.gov.in/events/choudhary-charan-singh-agriculture-university/
events	https://www.dosje.gov.in/events/hansraj-college/
events	https://www.dosje.gov.in/events/rajdhani-college/
events	https://www.dosje.gov.in/events/laxmibai-college/
events	https://www.dosje.gov.in/events/delhi-marathi-film-festival-dmff-2026/
events	https://www.dosje.gov.in/events/iris-national-fair-ahmedabad-2026/
events	https://www.dosje.gov.in/events/iris-national-fair/
events	https://www.dosje.gov.in/events/book-launch-the-voyage-of-indian-constitution-ideas-issues-institutions-and-impact-2/
events	https://www.dosje.gov.in/events/conference-on-hormuz-crisis-and-indias-energy-security/
events	https://www.dosje.gov.in/events/know-your-constitutionshyama-prasad-mukherji-college/
events	https://www.dosje.gov.in/events/know-your-constitutionkalindi-college/
events	https://www.dosje.gov.in/events/dr-ambedkar-first-memorial-lecture/
events	https://www.dosje.gov.in/events/virtual-inauguration-of-senior-citizen-initiatives/
events	https://www.dosje.gov.in/events/changing-perspectives-on-ageing-best-practices-in-soci/
events	https://www.dosje.gov.in/events/launch-of-vridhhamitra-toolkit/
events	https://www.dosje.gov.in/events/idop-event-in-bengaluru/
events	https://www.dosje.gov.in/events/health-camp/
events	https://www.dosje.gov.in/events/health-camp-2/
events	https://www.dosje.gov.in/events/health-camp-3/
events	https://www.dosje.gov.in/events/one-day-awareness-program-on-health-wellness-for-senio/
events	https://www.dosje.gov.in/events/international-day-of-older-persons/
events	https://www.dosje.gov.in/events/senior-citizen-mental-health-and-property-protection/
events	https://www.dosje.gov.in/events/intergeneration-bonding-in-college/
events	https://www.dosje.gov.in/events/diet-nutrition-women-right/
events	https://www.dosje.gov.in/events/one-day-workshop-on-elderly-issues-2/
events	https://www.dosje.gov.in/events/awareness-on-health-and-wellness-session/
events	https://www.dosje.gov.in/events/intergenerational-bonding/
events	https://www.dosje.gov.in/events/special-events-world-elderly-abuse-awareness-day-weaad/
events	https://www.dosje.gov.in/events/panel-discussion-on-clouded-mind/
events	https://www.dosje.gov.in/events/digital-literacy/
events	https://www.dosje.gov.in/events/legal-rights-and-property-protection/
events	https://www.dosje.gov.in/events/dental-camp-sessions/
events	https://www.dosje.gov.in/events/one-day-awareness-programme-on-health-wellness-for-senwest-bengal/
events	https://www.dosje.gov.in/events/one-day-awareness-program-on-intergenerational-solidari/
events	https://www.dosje.gov.in/events/one-day-awareness-prog-on-health-and-wellness-session-west-bengal/
events	https://www.dosje.gov.in/events/one-day-awareness-program-on-diet-and-nutrition/
events	https://www.dosje.gov.in/events/intergenerational-bonding-event/
events	https://www.dosje.gov.in/events/one-day-awareness-and-sensitization-programme-on-promot/
events	https://www.dosje.gov.in/events/one-day-workshop-on-elderly-issues/
events	https://www.dosje.gov.in/events/awareness-on-health-and-wellness-for-senior-citizen/
events	https://www.dosje.gov.in/events/visit-to-baps-shri-swaminarayan-mandir-a-spiritual-excwest-bengal/
events	https://www.dosje.gov.in/events/swachhata-pakhwada/
events	https://www.dosje.gov.in/events/administering-pledge-on-un-theme-for-idop/
events	https://www.dosje.gov.in/events/idop-celebrations/
events	https://www.dosje.gov.in/events/idop-celebrations-2/
events	https://www.dosje.gov.in/events/mwpsc-act/
events	https://www.dosje.gov.in/events/internation-day-of-older-persons/
events	https://www.dosje.gov.in/events/health-camp-for-senior-citizens/
events	https://www.dosje.gov.in/events/empowering-senior-citizens-on-digital-literacy/
events	https://www.dosje.gov.in/events/special-events-international-day-of-yoga/
events	https://www.dosje.gov.in/events/international-yoga-day-celebrations/
events	https://www.dosje.gov.in/events/free-digital-literacy-and-cyber-safety-training-for-sen/
events	https://www.dosje.gov.in/events/one-day-training-programme-on-smile-sub-scheme/
events	https://www.dosje.gov.in/events/one-day-national-workshop-for-nodal-officers-implementing-agencies-on-the-implementation-of-the-smile-sub-scheme/
events	https://www.dosje.gov.in/events/national-sc-st-regional-conclave-cum-exhibition/
events	https://www.dosje.gov.in/events/knowledge-seminar-series-on-strengthening-social-protection-for-the-vulnerable-in-india/
events	https://www.dosje.gov.in/events/samajik-nyaya-charcha-2025/
events	https://www.dosje.gov.in/events/hard-to-reach-population-smile-beggary/
events	https://www.dosje.gov.in/events/national-conference-with-the-departments-of-states-uts-handling-various-schemes-of-department-of-social-justice-empowerment-government-of-india/
events	https://www.dosje.gov.in/events/minutes-of-the-meeting-held-on-22nd-december2011-with-representatives-members-of-service-associations-ngos-persons-of-eminence-from-civil-society-at-constitution-club-new-delhi/
events	https://www.dosje.gov.in/events/ncsc-holds-a-summit-on-emerging-cyber-threats/
events	https://www.dosje.gov.in/events/ncsc-holds-a-summit-on-emerging-cyber-threats-copy/
events	https://www.dosje.gov.in/events/national-commission-for-scheduled-castes-organised-programme-on-the-135th-birth-anniversary-of-bharat-ratna-dr-bhimrao-ambedkar-and-the-75th-year-journey-of-constitution-day-on-14th-april-2025/
events	https://www.dosje.gov.in/events/the-national-commission-for-scheduled-castes-ncsc-held-a-significant-meeting-on-22-august-2025-with-niti-aayog-at-ncsc-headquarter-new-delhi/
events	https://www.dosje.gov.in/events/national-sc-st-hub-becomes-a-mass-movement-in-msme-sector-in-india-pradhan/
events	https://www.dosje.gov.in/events/29th-meeting-of-the-committee-to-review-the-implementation-of-the-sc-st-prevention-of-atrocities-act-1989-and-the-protection-of-civil-rights-pcr-act-1955/
events	https://www.dosje.gov.in/events/dosje-organizes-28th-coordination-committee-meeting-to-devise-ways-and-means-to-curb-offences-of-untouchability-and-atrocities-against-scs-and-sts/
events	https://www.dosje.gov.in/events/mou-signed-between-department-of-social-justice-empowerment-and-national-legal-services-authority-nalsa-for-awareness-generation-on-social-welfare-schemes/
events	https://www.dosje.gov.in/events/two-days-regional-workshop-is-to-be-organized-on-acts-rules-schemes-in-pune-maharashtra-on-28-02-2023-and-01-03-2023/
events	https://www.dosje.gov.in/events/two-days-regional-workshop-is-to-be-organized-in-mysore-karnataka-on-18-01-2023-and-19-01-2023/
events	https://www.dosje.gov.in/events/two-days-regional-workshop-is-to-be-organized-in-agartala-tripura-on-25-11-2022-and-26-1-1-2022/
events	https://www.dosje.gov.in/events/a-two-days-regional-workshop-is-to-be-organized-in-patna-bihar-on-04-11-2022-and-05-11-2022/
events	https://www.dosje.gov.in/events/national-review-meeting-on-the-implementation-of-pcr-act-1955-and-poa-act-1989-with-states/
events	https://www.dosje.gov.in/events/national-level-training-to-members-of-dalits-and-adivashis-on-national-helpline-against-atrocities/
events	https://www.dosje.gov.in/events/supreme-court-considers-modifying-life-sentence-of-rape-convict/
events	https://www.dosje.gov.in/events/fir-registered-against-prakash-jhas-web-series-aashram-under-sc-st-act/
events	https://www.dosje.gov.in/events/minutes-of-the-meeting-of-directors-deputy-director-in-charge-of-the-state-offices-of-the-ncsc/
events	https://www.dosje.gov.in/events/minutes-of-the-review-meeting-under-taken-by-the-national-commission-for-scheduled-castes-on-16-12-2014-to-assess-and-monitor-of-implementation-of-reservation-policy-for-sc-in-punjab-sind-bank-new/
events	https://www.dosje.gov.in/events/minutes-of-the-review-meeting-held-on-24-9-2013-in-the-commission-regarding-monitoring-and-implementation-of-reservation-policy-for-scs-in-cpwd/
events	https://www.dosje.gov.in/events/minutes-of-the-review-meeting-under-taken-by-the-national-commission-for-scheduled-castes-on-20-10-2014-to-assess-and-monitor-of-implementation-of-reservation-policy-for-sc-in-gas-authority-of-india-l/
events	https://www.dosje.gov.in/events/minutes-of-the-review-meeting-under-taken-by-the-national-commission-for-scheduled-castes-on-23-12-2014-to-assess-and-monitor-of-implementation-of-reservation-policy-for-sc-in-mmtc-limited-new-delhi/
events	https://www.dosje.gov.in/events/minutes-of-the-review-meeting-under-taken-by-the-national-commission-for-scheduled-castes-on-24-11-2014-to-assess-and-monitor-of-implementation-of-reservation-policy-for-sc-in-engineers-india-ltdeil/
events	https://www.dosje.gov.in/events/minutes-of-the-review-meeting-of-reservation-policy-taken-by-honble-chairman-national-commission-for-scheduled-caste-with-punjab-national-bank-on-24-09-2014/
events	https://www.dosje.gov.in/events/minutes-of-the-review-meeting-under-taken-by-the-national-commission-for-scheduled-castes-on-8-12-2014-to-assess-and-monitor-of-implementation-of-reservation-policy-for-sc-in-state-trading-corporation/
events	https://www.dosje.gov.in/events/minutes-of-the-review-meeting-under-taken-by-the-national-commission-for-scheduled-castes-on-17-11-2014-to-assess-and-monitor-of-implementation-of-reservation-policy-for-sc-in-telecommunication-consul/
events	https://www.dosje.gov.in/events/minutes-of-review-meeting-held-on-9-12-2014-by-the-national-commission-for-scheduled-castes-to-access-and-monitoring-of-reservation-policy-for-scs-in-the-indian-railway-catering-and-tourism-corporatio/
events	https://www.dosje.gov.in/events/minutes-of-the-review-meeting-under-taken-by-the-national-commission-for-scheduled-castes-on-25-11-2014-to-assess-and-monitor-of-implementation-of-reservation-policy-for-sc-in-bharat-sanchar-nigam-lim/
events	https://www.dosje.gov.in/events/minutes-of-the-review-meeting-held-on-27-10-2014-to-assess-and-monitor-of-implementation-of-reservation-policy-for-sc-in-nhpc-ltd/
events	https://www.dosje.gov.in/events/minutes-of-meeting-held-on-11-11-2014-taken-by-national-commission-for-scheduled-castes-at-nfl-corporate-office-noida/
events	https://www.dosje.gov.in/events/minutes-of-the-review-meeting-under-taken-by-the-national-commission-for-scheduled-castes-on-18-11-2014-to-assess-and-monitor-of-implementation-of-reservation-policy-for-sc-in-delhi-metro-rail-corpora/
events	https://www.dosje.gov.in/events/minutes-of-the-review-meeting-undertaken-by-the-national-commission-for-scheduled-castes-on-13-10-2014-to-monitor-the-implementation-of-reservation-policy-for-scheduled-castes-in-power-grid-corporatio/
events	https://www.dosje.gov.in/events/minutes-of-the-review-meeting-of-the-national-scheduled-castes-on-04-11-2015-with-the-management-of-the-uco-bank-sc-st-obc-employees-council-at-kolkata/
events	https://www.dosje.gov.in/events/minutes-of-the-review-meeting-of-the-national-scheduled-castes-on-04-11-2015-with-the-management-of-the-allahabad-bank-at-kolkata/
events	https://www.dosje.gov.in/events/minutes-of-the-review-meeting-of-the-national-scheduled-castes-on-04-11-2015-with-the-all-india-general-insurance-sc-st-employees-association-followed-by-the-management-of-national-insurance-co-ltd-a/
events	https://www.dosje.gov.in/events/minutes-of-the-review-meeting-of-the-national-scheduled-castes-on-14-10-2015-with-the-management-of-the-canara-bank-at-bangalore/
events	https://www.dosje.gov.in/events/minutes-of-the-review-meeting-of-the-national-scheduled-castes-on-14-10-2015-with-the-management-of-the-dos-isro-hq-at-bangalore/
events	https://www.dosje.gov.in/events/minutes-of-the-review-meeting-of-the-national-scheduled-castes-on-14-10-2015-to-assess-and-minitor-of-implementation-of-reservation-policy-for-scheduled-castes-in-syndicate-bank-at-bangalore/
events	https://www.dosje.gov.in/events/minutes-of-the-review-meeting-of-the-national-scheduled-castes-on-14-10-2015-with-the-management-of-the-vijaya-bank-at-bangalore/
events	https://www.dosje.gov.in/events/minutes-of-the-review-meeting-of-the-national-scheduled-castes-on-18-08-2015-to-assess-and-minitor-of-implementation-of-reservation-policy-for-scheduled-castes-in-oriental-bank-of-commerce-at-corpor/
events	https://www.dosje.gov.in/events/minutes-of-the-review-meeting-under-taken-by-the-national-commission-for-scheduled-castes-on-07-04-2015-to-assess-and-monitor-of-implementation-of-reservation-policy-for-scs-and-obcs-in-itpo/
events	https://www.dosje.gov.in/events/review-of-reservation-policy-service-economic-and-social-development-safeguards-for-scs-in-indian-overseas-bank-on-08-07-2015-by-ncsc-new-delhi/
events	https://www.dosje.gov.in/events/minutes-of-the-review-meeting-of-the-national-scheduled-castes-on-04-11-2015-with-cil-sc-st-employees-welfare-association-followed-by-the-coal-india-ltd-and-eastern-coalfields-ltd-at-kolkata/
events	https://www.dosje.gov.in/events/minutes-of-the-review-meeting-of-the-national-scheduled-castes-on-04-11-2015-with-the-management-of-the-united-bank-of-india-at-kolkata/
events	https://www.dosje.gov.in/events/minutes-of-the-review-meeting-under-taken-by-the-national-commission-for-scheduled-castes-on-06-01-2015-to-assess-and-monitor-of-implementation-of-reservation-policy-for-sc-in-bhel-new-delhi/
events	https://www.dosje.gov.in/events/minutes-of-the-review-meeting-under-taken-by-the-national-commission-for-scheduled-castes-on-05-01-2015-to-assess-and-monitor-of-implementation-of-reservation-policy-for-sc-in-food-corporation-of-indi/
events	https://www.dosje.gov.in/events/minutes-of-the-review-meeting-under-taken-by-the-national-commission-for-scheduled-castes-on-09-02-2015-to-assess-and-monitor-of-implementation-of-reservation-policy-for-sc-in-mahanagar-telephone-niga/
events	https://www.dosje.gov.in/events/minutes-of-the-review-meeting-under-taken-by-the-national-commission-for-scheduled-castes-on-13-01-2015-to-assess-and-monitor-of-implementation-of-reservation-policy-for-sc-in-national-building-constr/
events	https://www.dosje.gov.in/events/minutes-of-the-review-meeting-under-taken-by-the-ncsc-on-12-01-2015-to-assess-and-monitor-of-implementation-of-reservation-policy-for-sc-in-national-thermal-power-corporation-limited-new-delhi/
events	https://www.dosje.gov.in/events/minutes-of-the-review-meeting-of-the-national-scheduled-castes-finance-development-corporation-nsfdc-taken-by-national-commission-for-scheduled-castes-new-delhi/
events	https://www.dosje.gov.in/events/minutes-of-the-review-meeting-under-taken-by-the-national-commission-for-scheduled-castes-on-16-2-2015-to-review-and-monitor-of-implementation-of-reservation-policy-for-scs-and-obcs-in-nsic-new-delhi/
events	https://www.dosje.gov.in/events/minutes-of-the-meeting-organized-by-ncsc-on-monitoring-the-implementation-of-constitutional-safeguards-for-scheduled-castes-on-21-07-2016-at-vigyan-bhawan-new-delhi/
events	https://www.dosje.gov.in/events/review-of-reservation-policy-service-economic-and-social-development-safeguards-for-scs-in-indian-bank-on-08-07-2015-by-ncsc-new-delhi/
events	https://www.dosje.gov.in/events/minutes-of-the-meeting-organized-by-ncsc-on-monitoring-the-implementation-of-constitutional-safeguards-for-scheduled-castes-on-24-06-2015-at-vigyan-bhawan-new-delhi/
events	https://www.dosje.gov.in/events/minutes-of-the-monitoring-meeting-on-19-11-2018-regarding-disbursement-of-loans-under-mudra-scheme-stand-up-india-scheme-and-educational-loans-to-the-sc-persons-by-nationalized-banks/
events	https://www.dosje.gov.in/events/minutes-of-the-review-meeting-of-meerut-mandal-by-national-scheduled-caste-commission-dated-21-08-2017/
events	https://www.dosje.gov.in/events/national-commission-for-scheduled-castes-organized-all-commissions-interaction-programme-meeting-on-26th-november-2024-in-ncsc-headquarter/
events	https://www.dosje.gov.in/events/review-meeting-by-finance-minister-govt-of-india-and-chairman-national-commission-for-scheduled-castes-with-psbs-fis-regarding-credit-and-other-welfare-schemes-for-scs-on-27-09-2022-at-vigyan-bhaw/
events	https://www.dosje.gov.in/events/newsletter-feb-24/
events	https://www.dosje.gov.in/events/elder-abuse-exploring-dark-reality-and-remedies/
events	https://www.dosje.gov.in/events/namo-bharat-dialogues-minimum-government-maximum-government/
events	https://www.dosje.gov.in/events/panel-discussion-on-sinauli-speaks-unearthing-indias-indigenous-civilizational-roots-beyond-the-aryan-invasion-myth/
events	https://www.dosje.gov.in/events/painting-exhibition-and-yamuna-sustainability-run/
events	https://www.dosje.gov.in/events/prof-dr-n-r-madhava-menon-lecture-on-legal-and-justice-education-2047/
events	https://www.dosje.gov.in/events/panel-discussion-geopolitical-churning-technological-disruptions-and-modern-warfare/
events	https://www.dosje.gov.in/events/book-launch-the-voyage-of-indian-constitution-ideas-issues-institutions-and-impact/
events	https://www.dosje.gov.in/events/3rd-international-conference-of-young-buddhist-scholars-icybs/
events	https://www.dosje.gov.in/events/chandalika-musical-dance-drama/
events	https://www.dosje.gov.in/events/expert-talk-by-shri-shantanu-mukharji/
events	https://www.dosje.gov.in/events/kargil-vijay-diwas-2025/
events	https://www.dosje.gov.in/events/panel-discussion-on-indian-knowledge-system/
events	https://www.dosje.gov.in/events/prof-korivi-lecture/
gallery	https://www.dosje.gov.in/gallery/14446-national-de-addiction-and-telecounseling-helpline-op-1/
gallery	https://www.dosje.gov.in/gallery/role-of-parents-teachers-in-early-identification-prevention-and-treatment-of-substance-use/
gallery	https://www.dosje.gov.in/gallery/understanding-early-warning-signs-and-behavioural-changes-of-substance-use-focus-on-peer-pressure/
gallery	https://www.dosje.gov.in/gallery/a-review-meeting-of-the-daf-was-held-under-the-chairmanship-of-dr-virendra-kumar-hmsje-chairman-daf-in-the-presence-of-sh-sudhansh-pant-secretary-dosje-on-13-8-26/
gallery	https://www.dosje.gov.in/gallery/nmba-mou-signing-with-sivananda-yoga-vedanta-dhanwantari-ashram-trust-and-university-of-patanjali/
gallery	https://www.dosje.gov.in/gallery/delhi-public-school-rohini-hosts-indo-german-exchange-programme-with-great-enthusiasm/
gallery	https://www.dosje.gov.in/gallery/mp-anurag-thakur-ignite-patriotism-at-daic/
gallery	https://www.dosje.gov.in/gallery/daic-celebrates-kargil-vijay-diwas-2025-anurag-thakur/
gallery	https://www.dosje.gov.in/gallery/daic-lecture-by-dr-sunder-ram-korivi-on-bfsi-landscape-2nd-may-2025-3/
gallery	https://www.dosje.gov.in/gallery/celebration-of-birth-anniversary-of-babasaheb-dr-b-r-ambedkar-at-danm/
gallery	https://www.dosje.gov.in/gallery/celebration-of-birth-anniversary-of-babasaheb-dr-b-r-ambedkar-at-daic/
gallery	https://www.dosje.gov.in/gallery/inauguration-of-souvenir-shop-at-daic/
gallery	https://www.dosje.gov.in/gallery/70th-mahaparinirvan-diwas/
gallery	https://www.dosje.gov.in/gallery/bhartiya-bhasha-diwas-2025/
gallery	https://www.dosje.gov.in/gallery/har-ghar-tiranga-campaign-seeks-to-connect-gen-z-with-responsible-citizenship-at-cnms-discussion/
gallery	https://www.dosje.gov.in/gallery/international-day-of-yoga-2026/
gallery	https://www.dosje.gov.in/gallery/daic-welcomes-french-delegates/
gallery	https://www.dosje.gov.in/gallery/2nd-dr-ambedkar-memorial-lecture-on-the-birth-anniversary-of-dr-b-r-ambedkar/
gallery	https://www.dosje.gov.in/gallery/independence-day-2026/
gallery	https://www.dosje.gov.in/gallery/all-india-speakers-conference-2025-at-danm/
gallery	https://www.dosje.gov.in/gallery/memorial-lecture-by-vice-president-vp-radhakrishnan-at-daic/
gallery	https://www.dosje.gov.in/gallery/independence-day-celebration-2026/
gallery	https://www.dosje.gov.in/gallery/nisd-ministry-of-social-justice-empowerment-signed-an-mou-on-29th-july-2026-with-punjabi-university-patiala/
gallery	https://www.dosje.gov.in/gallery/nisd-signed-an-mou-with-dr-r-s-tolia-uttarakhand-academy-of-administration-nainital-on-12th-june-2026-to-strengthen-capacity-building-on-social-defence-issues/
gallery	https://www.dosje.gov.in/gallery/nisd-observes-international-day-against-drug-abuse-2026/
gallery	https://www.dosje.gov.in/gallery/two-day-training-program-on-special-services-for-children-engaged-in-begging/
gallery	https://www.dosje.gov.in/gallery/two-day-tot-program-on-the-provisions-of-the-tg-act-2019-amended-2026/
gallery	https://www.dosje.gov.in/gallery/training-of-trainers-tot-programme-for-master-trainers-of-the-geriatric-care-provider-job-role-qualification-batch-3-fy-2026-27/
gallery	https://www.dosje.gov.in/gallery/felicitation-ceremony-and-5-year-nmba-celebrations-amritsar/
gallery	https://www.dosje.gov.in/gallery/nasha-mukt-bharat-abhiyaan-activities-and-youth-rally-in-goa/
gallery	https://www.dosje.gov.in/gallery/%e0%a4%b8%e0%a5%8d%e0%a4%b5%e0%a4%a4%e0%a4%82%e0%a4%a4%e0%a5%8d%e0%a4%b0%e0%a4%a4%e0%a4%be-%e0%a4%a6%e0%a4%bf%e0%a4%b5%e0%a4%b8-15-%e0%a4%85%e0%a4%97%e0%a4%b8%e0%a5%8d%e0%a4%a4-2026-%e0%a4%95%e0%a5%87/
gallery	https://www.dosje.gov.in/gallery/alimco-kan-ki-machine/
gallery	https://www.dosje.gov.in/gallery/alimco-motorised-tricycle/
gallery	https://www.dosje.gov.in/gallery/alimco-hearing-aid-english/
gallery	https://www.dosje.gov.in/gallery/geriatric-2/
gallery	https://www.dosje.gov.in/gallery/geriatric-3/
gallery	https://www.dosje.gov.in/gallery/interaction-with-senior-citizens-3/
gallery	https://www.dosje.gov.in/gallery/interaction-with-senior-citizens-2/
gallery	https://www.dosje.gov.in/gallery/interaction-with-senior-citizens/
gallery	https://www.dosje.gov.in/gallery/%e0%a4%9c%e0%a4%97%e0%a4%9c%e0%a5%80%e0%a4%b5%e0%a4%a8-%e0%a4%b0%e0%a4%be%e0%a4%ae-%e0%a4%9c%e0%a5%80-%e0%a4%95%e0%a5%80-119%e0%a4%b5%e0%a5%80%e0%a4%82-%e0%a4%9c%e0%a4%af%e0%a4%82%e0%a4%a4%e0%a5%80/
gallery	https://www.dosje.gov.in/gallery/trans-employment-mela-2023/
gallery	https://www.dosje.gov.in/gallery/30-%e0%a4%9c%e0%a5%81%e0%a4%b2%e0%a4%be%e0%a4%88-2026-%e0%a4%a8%e0%a4%88-%e0%a4%a6%e0%a4%bf%e0%a4%b2%e0%a5%8d%e0%a4%b2%e0%a5%80-%e0%a4%b0%e0%a4%be%e0%a4%b7%e0%a5%8d%e0%a4%9f%e0%a5%8d%e0%a4%b0/
gallery	https://www.dosje.gov.in/gallery/29-%e0%a4%9c%e0%a5%81%e0%a4%b2%e0%a4%be%e0%a4%88-2026-%e0%a4%a8%e0%a4%88-%e0%a4%a6%e0%a4%bf%e0%a4%b2%e0%a5%8d%e0%a4%b2%e0%a5%80-%e0%a4%b0%e0%a4%be%e0%a4%b7%e0%a5%8d%e0%a4%9f%e0%a5%8d%e0%a4%b0-2/
gallery	https://www.dosje.gov.in/gallery/29-%e0%a4%9c%e0%a5%81%e0%a4%b2%e0%a4%be%e0%a4%88-2026-%e0%a4%a8%e0%a4%88-%e0%a4%a6%e0%a4%bf%e0%a4%b2%e0%a5%8d%e0%a4%b2%e0%a5%80-%e0%a4%b0%e0%a4%be%e0%a4%b7%e0%a5%8d%e0%a4%9f%e0%a5%8d%e0%a4%b0/
gallery	https://www.dosje.gov.in/gallery/28-%e0%a4%9c%e0%a5%81%e0%a4%b2%e0%a4%be%e0%a4%88-2026-%e0%a4%ac%e0%a4%b0%e0%a4%a8%e0%a4%be%e0%a4%b2%e0%a4%be-%e0%a4%aa%e0%a4%82%e0%a4%9c%e0%a4%be%e0%a4%ac-%e0%a4%85%e0%a4%b8%e0%a5%8d%e0%a4%aa/
gallery	https://www.dosje.gov.in/gallery/28-%e0%a4%9c%e0%a5%81%e0%a4%b2%e0%a4%be%e0%a4%88-2026-%e0%a4%ac%e0%a4%b0%e0%a4%a8%e0%a4%be%e0%a4%b2%e0%a4%be-%e0%a4%aa%e0%a4%82%e0%a4%9c%e0%a4%be%e0%a4%ac-%e0%a4%b0%e0%a4%be%e0%a4%b7%e0%a5%8d-2/
gallery	https://www.dosje.gov.in/gallery/28-%e0%a4%9c%e0%a5%81%e0%a4%b2%e0%a4%be%e0%a4%88-2026-%e0%a4%ac%e0%a4%b0%e0%a4%a8%e0%a4%be%e0%a4%b2%e0%a4%be-%e0%a4%aa%e0%a4%82%e0%a4%9c%e0%a4%be%e0%a4%ac-%e0%a4%b0%e0%a4%be%e0%a4%b7%e0%a5%8d/
gallery	https://www.dosje.gov.in/gallery/28-%e0%a4%9c%e0%a5%81%e0%a4%b2%e0%a4%be%e0%a4%88-2026-%e0%a4%ac%e0%a4%b0%e0%a4%a8%e0%a4%be%e0%a4%b2%e0%a4%be-%e0%a4%aa%e0%a4%82%e0%a4%9c%e0%a4%be%e0%a4%ac-%e0%a4%ac%e0%a4%b0%e0%a4%a8%e0%a4%be/
gallery	https://www.dosje.gov.in/gallery/24-%e0%a4%9c%e0%a5%81%e0%a4%b2%e0%a4%be%e0%a4%88-2026-%e0%a4%86%e0%a4%97%e0%a4%b0%e0%a4%be-%e0%a4%89%e0%a4%a4%e0%a5%8d%e0%a4%a4%e0%a4%b0-%e0%a4%aa%e0%a5%8d%e0%a4%b0%e0%a4%a6%e0%a5%87%e0%a4%b6/
gallery	https://www.dosje.gov.in/gallery/%e0%a4%9a%e0%a4%82%e0%a4%a1%e0%a5%80%e0%a4%97%e0%a4%a2%e0%a4%bc-24-%e0%a4%9c%e0%a5%81%e0%a4%b2%e0%a4%be%e0%a4%88-2026-%e0%a4%9a%e0%a4%82%e0%a4%a1%e0%a5%80%e0%a4%97%e0%a4%a2%e0%a4%bc-%e0%a4%a8/
gallery	https://www.dosje.gov.in/gallery/24-%e0%a4%9c%e0%a5%81%e0%a4%b2%e0%a4%be%e0%a4%88-2026-%e0%a4%ac%e0%a4%b0%e0%a4%a8%e0%a4%be%e0%a4%b2%e0%a4%be-%e0%a4%aa%e0%a4%82%e0%a4%9c%e0%a4%be%e0%a4%ac-%e0%a4%b0%e0%a4%be%e0%a4%b7%e0%a5%8d/
gallery	https://www.dosje.gov.in/gallery/24-%e0%a4%9c%e0%a5%81%e0%a4%b2%e0%a4%be%e0%a4%88-2026-%e0%a4%85%e0%a4%b9%e0%a4%ae%e0%a4%a6%e0%a4%be%e0%a4%ac%e0%a4%be%e0%a4%a6-%e0%a4%97%e0%a5%81%e0%a4%9c%e0%a4%b0%e0%a4%be%e0%a4%a4-%e0%a4%b0-2/
gallery	https://www.dosje.gov.in/gallery/24-%e0%a4%9c%e0%a5%81%e0%a4%b2%e0%a4%be%e0%a4%88-2026-%e0%a4%85%e0%a4%b9%e0%a4%ae%e0%a4%a6%e0%a4%be%e0%a4%ac%e0%a4%be%e0%a4%a6-%e0%a4%97%e0%a5%81%e0%a4%9c%e0%a4%b0%e0%a4%be%e0%a4%a4-%e0%a4%b0/
gallery	https://www.dosje.gov.in/gallery/amity-university/
gallery	https://www.dosje.gov.in/gallery/president-droupadi-murmu/
gallery	https://www.dosje.gov.in/gallery/yoga-day-deer-park/
gallery	https://www.dosje.gov.in/gallery/world-elder-abuse-awareness-day-by-janseva-2/
gallery	https://www.dosje.gov.in/gallery/international-day-for-older-persons-2/
gallery	https://www.dosje.gov.in/gallery/idop-event-in-bengaluru-14th-november/
gallery	https://www.dosje.gov.in/gallery/ageing-with-dignity-at-rashtrapati-bhavan-photos/
gallery	https://www.dosje.gov.in/gallery/plantation-drive/
gallery	https://www.dosje.gov.in/gallery/yoga-day/
gallery	https://www.dosje.gov.in/gallery/honorable-pm-shri-narendra-modi-distributed-assistive-devices-to-divyangjan-and-senior-citizens/
gallery	https://www.dosje.gov.in/gallery/international-day-of-older-persons-1-october-2025-dr-ambedkar-international-centre-new-delhi/
gallery	https://www.dosje.gov.in/gallery/ageing-with-dignity-at-rashtrapati-bhavan/
gallery	https://www.dosje.gov.in/gallery/others/
gallery	https://www.dosje.gov.in/gallery/aaradhana-anubhav-se-urja-tak/
gallery	https://www.dosje.gov.in/gallery/celebration-of-intergenerational-bonds-chhatarpurmp/
gallery	https://www.dosje.gov.in/gallery/alimco/
gallery	https://www.dosje.gov.in/gallery/senior-citizens-views-on-the-international-day-of-yoga-21st-june-2026/
gallery	https://www.dosje.gov.in/gallery/senior-citizens-views-on-the-international-day-of-yoga-21st-june-2026-2/
gallery	https://www.dosje.gov.in/gallery/senior-citizens-views-on-the-international-day-of-yoga-21st-june-2026-3/
gallery	https://www.dosje.gov.in/gallery/senior-citizens-views-on-the-international-day-of-yoga-21st-june-2026-4/
gallery	https://www.dosje.gov.in/gallery/85961/
gallery	https://www.dosje.gov.in/gallery/ageing-with-dignity-in-collaboration-with-brahma-kumaris-mount-abu-2025/
gallery	https://www.dosje.gov.in/gallery/sahaj-shrukhla-hum/
gallery	https://www.dosje.gov.in/gallery/jeevan-app-launch-2026/
gallery	https://www.dosje.gov.in/gallery/rvy-copy/
gallery	https://www.dosje.gov.in/gallery/yoga-day-2024/
gallery	https://www.dosje.gov.in/gallery/plantation-drive-2024/
gallery	https://www.dosje.gov.in/gallery/mobile-medicare-unit/
gallery	https://www.dosje.gov.in/gallery/air-pune/
gallery	https://www.dosje.gov.in/gallery/rvy-photos/
gallery	https://www.dosje.gov.in/gallery/ageing-with-dignity-in-collaboration-with-brahma-kumaris-mount-abu-3/
gallery	https://www.dosje.gov.in/gallery/enpowering-seniors-with-care-and-support/
gallery	https://www.dosje.gov.in/gallery/golden-age-help/
gallery	https://www.dosje.gov.in/gallery/services-for-senior-citizen/
gallery	https://www.dosje.gov.in/gallery/administration-of-pledge/
gallery	https://www.dosje.gov.in/gallery/honble-chief-justice-surya-kant-respecting-elders-nov-24-2025/
gallery	https://www.dosje.gov.in/gallery/idop-event-in-bengaluru-14th-november-2/
gallery	https://www.dosje.gov.in/gallery/special-message-from-shri-anupam-kher-for-senior-citizens/
gallery	https://www.dosje.gov.in/gallery/one-stop-digital-support-for-senior-citizens-jeevan-and-shatayu-apps/
gallery	https://www.dosje.gov.in/gallery/rvy/
gallery	https://www.dosje.gov.in/gallery/international-day-of-yoga-21-june-2026bharat-mandapam-delhi-2/
gallery	https://www.dosje.gov.in/gallery/international-day-of-yoga-21-june-2026bharat-mandapam-delhi-3/
gallery	https://www.dosje.gov.in/gallery/international-day-of-yoga-21-june-2026bharat-mandapam-delhi/
gallery	https://www.dosje.gov.in/gallery/maha-kumbh-2025/
gallery	https://www.dosje.gov.in/gallery/international-day-of-yoga-21-june-2026bharat-mandapam-delhi-4/
gallery	https://www.dosje.gov.in/gallery/international-day-of-yoga-21-june-2026bharat-mandapam-delhi-5/
gallery	https://www.dosje.gov.in/gallery/president-murmu-highlights-importance-of-elderly-welfare-at-ageing-with-dignity-event-3/
gallery	https://www.dosje.gov.in/gallery/droupadi-murmu-launches-senior-citizens-welfare-initiatives-at-ageing-with-dignity-event-2/
gallery	https://www.dosje.gov.in/gallery/well-being-of-senior-citizens-essential-for-guiding-families-society-murmu-6/
gallery	https://www.dosje.gov.in/gallery/droupadi-murmu-launches-senior-citizens-welfare-initiatives-at-ageing-with-dignity-event/
gallery	https://www.dosje.gov.in/gallery/our-elders-are-anchors-president-murmu-unveils-portals-homes-and-spiritual-wellness-options-for-senior-citizens/
gallery	https://www.dosje.gov.in/gallery/providing-elderlies-dignity-in-old-age-collective-responsibility-of-nation-president-murmu-2/
gallery	https://www.dosje.gov.in/gallery/providing-elderlies-dignity-in-old-age-collective-responsibility-of-nation-president-murmu-3/
gallery	https://www.dosje.gov.in/gallery/president-murmu-highlights-importance-of-elderly-welfare-at-ageing-with-dignity-event-2/
gallery	https://www.dosje.gov.in/gallery/ageing-with-dignity-president-murmu-unveils-welfare-reforms-for-senior-citizens/
gallery	https://www.dosje.gov.in/gallery/empowering-our-elders-ageing-with-dignity-app-launch/
gallery	https://www.dosje.gov.in/gallery/president-murmu-champions-senior-citizens-welfare-at-ageing-with-dignity-event/
gallery	https://www.dosje.gov.in/gallery/well-being-of-senior-citizens-essential-for-guiding-families-society-murmu-5/
gallery	https://www.dosje.gov.in/gallery/president-murmu-virtually-opens-senior-citizens-home-in-nagaland/
gallery	https://www.dosje.gov.in/gallery/president-droupadi-murmu-virtually-inaugurates-senior-citizen-home-in-tawang-urges-nation-to-honour-and-empower-the-elderly/
gallery	https://www.dosje.gov.in/gallery/providing-elderlies-dignity-in-old-age-collective-responsibility-of-nation-president-murmu/
gallery	https://www.dosje.gov.in/gallery/president-droupadi-murmu-urges-citizens-to-learn-from-countrys-senior-citizens/
gallery	https://www.dosje.gov.in/gallery/%e0%ae%95%e0%af%81%e0%ae%9f%e0%af%81%e0%ae%ae%e0%af%8d%e0%ae%aa%e0%ae%99%e0%af%8d%e0%ae%95%e0%ae%b3%e0%af%88-%e0%ae%9a%e0%ae%ae%e0%af%82%e0%ae%95%e0%ae%a4%e0%af%8d%e0%ae%a4%e0%af%88/
gallery	https://www.dosje.gov.in/gallery/president-murmu-attends-ageing-with-dignity-event/
gallery	https://www.dosje.gov.in/gallery/president-of-india-launches-key-initiatives-for-senior-citizens-at-ageing-with-dignity-event-at-rashtrapati-bhawan/
gallery	https://www.dosje.gov.in/gallery/president-murmu-launches-ageing-with-dignity-drive-emphasises-respect-empowerment-for-the-elderly/
gallery	https://www.dosje.gov.in/gallery/well-being-of-senior-citizens-essential-for-guiding-families-society-murmu-4/
gallery	https://www.dosje.gov.in/gallery/well-being-of-senior-citizens-essential-for-guiding-families-society-murmu-3/
gallery	https://www.dosje.gov.in/gallery/https-www-lokmattimes-com-health-providing-elderlies-dignity-in-old-age-collective-responsibility-of-nation-president-murmu-1/
gallery	https://www.dosje.gov.in/gallery/ageing-with-dignity-%e0%a4%b0%e0%a4%be%e0%a4%b7%e0%a5%8d%e0%a4%9f%e0%a5%8d%e0%a4%b0%e0%a4%aa%e0%a4%a4%e0%a4%bf-%e0%a4%a8%e0%a5%87-%e0%a4%95%e0%a4%b9%e0%a4%be-%e0%a4%ac%e0%a5%81%e0%a4%9c%e0%a5%81/
gallery	https://www.dosje.gov.in/gallery/senior-citizens-represent-wisdom-tradition-president/
gallery	https://www.dosje.gov.in/gallery/well-being-of-senior-citizens-essential-for-guiding-families-society-murmu-2/
gallery	https://www.dosje.gov.in/gallery/president-droupadi-murmu-graced-the-event-ageing-with-dignity-initiatives/
gallery	https://www.dosje.gov.in/gallery/president-droupadi-murmu-attended-the-ageing-with-dignity-program-for-senior-citizens-at-rashtrapati-bhavan/
gallery	https://www.dosje.gov.in/gallery/president-droupadi-murmu-says-i-am-deeply-pleased-to-be-present-on-this-important-occasion-i-greatly-appreciate-the-efforts-initiated/
gallery	https://www.dosje.gov.in/gallery/president-droupadi-murmu-graced-an-event-ageing-with-dignity-initiatives-for-the-welfare-of-senior-citizens-at-rashtrapati-bhavan-cultural-centre-2/
gallery	https://www.dosje.gov.in/gallery/president-droupadi-murmu-graced-an-event-ageing-with-dignity-initiatives-for-the-welfare-of-senior-citizens-at-rashtrapati-bhavan-cultural-centre/
gallery	https://www.dosje.gov.in/gallery/president-droupadi-murmu-addressing-the-ageing-with-dignity-initiatives-for-the-welfare-of-senior-citizens-at-rashtrapati-bhavan-cultural-centre/
gallery	https://www.dosje.gov.in/gallery/well-being-of-senior-citizens-essential-for-guiding-families-society-murmu/
gallery	https://www.dosje.gov.in/gallery/president-murmu-highlights-importance-of-elderly-welfare-at-ageing-with-dignity-event/
gallery	https://www.dosje.gov.in/gallery/president-droupadimurmu-graces-an-event-ageing-with-dignity-initiatives-for-the-welfare-of-senior-citizens-at-rashtrapati-bhavan-cultural-centre/
gallery	https://www.dosje.gov.in/gallery/president-droupadi-murmu-graced-the-landmark-event-ageing-with-dignity-reaffirming-the-nations-commitment-to-the-welfare-and-empowerment-of-senior-citizens/
gallery	https://www.dosje.gov.in/gallery/president-droupadi-murmu-launches-ageing-with-dignity-initiatives-for-senior-citizens-at-rashtrapati-bhavan-2/
gallery	https://www.dosje.gov.in/gallery/president-droupadi-murmu-launches-ageing-with-dignity-initiatives-for-senior-citizens-at-rashtrapati-bhavan-3/
gallery	https://www.dosje.gov.in/gallery/president-highlights-importance-of-elderly-welfare-at-ageing-with-dignity-event/
gallery	https://www.dosje.gov.in/gallery/%e0%a4%b0%e0%a4%be%e0%a4%b7%e0%a5%8d%e0%a4%9f%e0%a5%8d%e0%a4%b0%e0%a4%aa%e0%a4%a4%e0%a4%bf-%e0%a4%a6%e0%a5%8d%e0%a4%b0%e0%a5%8c%e0%a4%aa%e0%a4%a6%e0%a5%80-%e0%a4%ae%e0%a5%81%e0%a4%b0%e0%a5%8d-2/
gallery	https://www.dosje.gov.in/gallery/geriatric-photos/
gallery	https://www.dosje.gov.in/gallery/international-day-of-older-persons-2024air-force-bal-bharati-schooldelhi/
gallery	https://www.dosje.gov.in/gallery/international-day-of-older-persons-2024dr-ambedkar-international-centredelhi/
gallery	https://www.dosje.gov.in/gallery/international-day-for-older-persons-2024delhi/
gallery	https://www.dosje.gov.in/gallery/geriatric/
gallery	https://www.dosje.gov.in/gallery/4th-meeting-of-national-council-of-senior-citizensunder-the-chairmanship-of-dr-virendra-kumarhonble-union-minister-of-social-justice-empowerment-delhi/
gallery	https://www.dosje.gov.in/gallery/special-session-on-the-maintenance-and-welfare-of-parents-and-senior-citizens-act-2007/
gallery	https://www.dosje.gov.in/gallery/celebration-of-intergenerational-bonding-nawagaonmp/
gallery	https://www.dosje.gov.in/gallery/23-%e0%a4%9c%e0%a5%81%e0%a4%b2%e0%a4%be%e0%a4%88-2026-%e0%a4%85%e0%a4%b9%e0%a4%ae%e0%a4%a6%e0%a4%be%e0%a4%ac%e0%a4%be%e0%a4%a6-%e0%a4%97%e0%a5%81%e0%a4%9c%e0%a4%b0%e0%a4%be%e0%a4%a4-2/
gallery	https://www.dosje.gov.in/gallery/23-%e0%a4%9c%e0%a5%81%e0%a4%b2%e0%a4%be%e0%a4%88-2026-%e0%a4%85%e0%a4%b9%e0%a4%ae%e0%a4%a6%e0%a4%be%e0%a4%ac%e0%a4%be%e0%a4%a6-%e0%a4%97%e0%a5%81%e0%a4%9c%e0%a4%b0%e0%a4%be%e0%a4%a4/
gallery	https://www.dosje.gov.in/gallery/23-%e0%a4%9c%e0%a5%81%e0%a4%b2%e0%a4%be%e0%a4%88-2026-%e0%a4%b5%e0%a4%a1%e0%a5%8b%e0%a4%a6%e0%a4%b0%e0%a4%be-%e0%a4%97%e0%a5%81%e0%a4%9c%e0%a4%b0%e0%a4%be%e0%a4%a4-%e0%a4%b0%e0%a4%be-2/
gallery	https://www.dosje.gov.in/gallery/23-%e0%a4%9c%e0%a5%81%e0%a4%b2%e0%a4%be%e0%a4%88-2026-%e0%a4%b5%e0%a4%a1%e0%a5%8b%e0%a4%a6%e0%a4%b0%e0%a4%be-%e0%a4%97%e0%a5%81%e0%a4%9c%e0%a4%b0%e0%a4%be%e0%a4%a4-%e0%a4%b0%e0%a4%be/
gallery	https://www.dosje.gov.in/gallery/president-droupadi-murmu-launches-ageing-with-dignity-initiatives-for-senior-citizens-at-rashtrapati-bhavan/
gallery	https://www.dosje.gov.in/gallery/22-%e0%a4%9c%e0%a5%81%e0%a4%b2%e0%a4%be%e0%a4%88-2026-%e0%a4%b5%e0%a4%a1%e0%a5%8b%e0%a4%a6%e0%a4%b0%e0%a4%be-%e0%a4%97%e0%a5%81%e0%a4%9c%e0%a4%b0%e0%a4%be%e0%a4%a4-%e0%a4%b0%e0%a4%be-2/
gallery	https://www.dosje.gov.in/gallery/%e0%a4%b0%e0%a4%be%e0%a4%b7%e0%a5%8d%e0%a4%9f%e0%a5%8d%e0%a4%b0%e0%a5%80%e0%a4%af-%e0%a4%b8%e0%a4%ab%e0%a4%be%e0%a4%88-%e0%a4%95%e0%a4%b0%e0%a5%8d%e0%a4%ae%e0%a4%9a%e0%a4%be%e0%a4%b0%e0%a5%80-2/
gallery	https://www.dosje.gov.in/gallery/22-%e0%a4%9c%e0%a5%81%e0%a4%b2%e0%a4%be%e0%a4%88-2026-%e0%a4%b5%e0%a4%a1%e0%a5%8b%e0%a4%a6%e0%a4%b0%e0%a4%be-%e0%a4%97%e0%a5%81%e0%a4%9c%e0%a4%b0%e0%a4%be%e0%a4%a4-%e0%a4%b0%e0%a4%be/
gallery	https://www.dosje.gov.in/gallery/21-%e0%a4%9c%e0%a5%81%e0%a4%b2%e0%a4%be%e0%a4%88-2026-%e0%a4%b8%e0%a5%82%e0%a4%b0%e0%a4%a4-%e0%a4%97%e0%a5%81%e0%a4%9c%e0%a4%b0%e0%a4%be%e0%a4%a4-%e0%a4%b0%e0%a4%be%e0%a4%b7%e0%a5%8d-6/
gallery	https://www.dosje.gov.in/gallery/21-%e0%a4%9c%e0%a5%81%e0%a4%b2%e0%a4%be%e0%a4%88-2026-%e0%a4%b8%e0%a5%82%e0%a4%b0%e0%a4%a4-%e0%a4%97%e0%a5%81%e0%a4%9c%e0%a4%b0%e0%a4%be%e0%a4%a4-%e0%a4%b0%e0%a4%be%e0%a4%b7%e0%a5%8d-5/
gallery	https://www.dosje.gov.in/gallery/21-%e0%a4%9c%e0%a5%81%e0%a4%b2%e0%a4%be%e0%a4%88-2026-%e0%a4%b8%e0%a5%82%e0%a4%b0%e0%a4%a4-%e0%a4%97%e0%a5%81%e0%a4%9c%e0%a4%b0%e0%a4%be%e0%a4%a4-%e0%a4%b0%e0%a4%be%e0%a4%b7%e0%a5%8d-4/
gallery	https://www.dosje.gov.in/gallery/21-%e0%a4%9c%e0%a5%81%e0%a4%b2%e0%a4%be%e0%a4%88-2026-%e0%a4%b8%e0%a5%82%e0%a4%b0%e0%a4%a4-%e0%a4%97%e0%a5%81%e0%a4%9c%e0%a4%b0%e0%a4%be%e0%a4%a4-%e0%a4%b0%e0%a4%be%e0%a4%b7%e0%a5%8d-3/
gallery	https://www.dosje.gov.in/gallery/21-%e0%a4%9c%e0%a5%81%e0%a4%b2%e0%a4%be%e0%a4%88-2026-%e0%a4%b8%e0%a5%82%e0%a4%b0%e0%a4%a4-%e0%a4%97%e0%a5%81%e0%a4%9c%e0%a4%b0%e0%a4%be%e0%a4%a4-%e0%a4%b0%e0%a4%be%e0%a4%b7%e0%a5%8d-2/
gallery	https://www.dosje.gov.in/gallery/21-%e0%a4%9c%e0%a5%81%e0%a4%b2%e0%a4%be%e0%a4%88-2026-%e0%a4%b8%e0%a5%82%e0%a4%b0%e0%a4%a4-%e0%a4%97%e0%a5%81%e0%a4%9c%e0%a4%b0%e0%a4%be%e0%a4%a4-%e0%a4%b0%e0%a4%be%e0%a4%b7%e0%a5%8d/
gallery	https://www.dosje.gov.in/gallery/21-%e0%a4%9c%e0%a5%81%e0%a4%b2%e0%a4%be%e0%a4%88-2026-%e0%a4%b8%e0%a5%82%e0%a4%b0%e0%a4%a4-%e0%a4%97%e0%a5%81%e0%a4%9c%e0%a4%b0%e0%a4%be%e0%a4%a4-%e0%a4%b0%e0%a4%be%e0%a4%b7%e0%a5%8d%e0%a4%9f/
gallery	https://www.dosje.gov.in/gallery/20-july-2026-new-delhi-the-2nd-internal-meeting-of-the-11th-national-commission-for-safai-karamcharis-ncsk-was-held-under-the-chairmanship-of-shri-hardeep-singh-gill-honble-vice-chai/
gallery	https://www.dosje.gov.in/gallery/17-%e0%a4%9c%e0%a5%81%e0%a4%b2%e0%a4%be%e0%a4%88-2026-%e0%a4%a8%e0%a4%88-%e0%a4%a6%e0%a4%bf%e0%a4%b2%e0%a5%8d%e0%a4%b2%e0%a5%80-%e0%a4%b0%e0%a4%be%e0%a4%b7%e0%a5%8d%e0%a4%9f%e0%a5%8d/
gallery	https://www.dosje.gov.in/gallery/17-%e0%a4%9c%e0%a5%81%e0%a4%b2%e0%a4%be%e0%a4%88-2026-%e0%a4%9c%e0%a4%be%e0%a4%b2%e0%a4%82%e0%a4%a7%e0%a4%b0-%e0%a4%aa%e0%a4%82%e0%a4%9c%e0%a4%be%e0%a4%ac-%e0%a4%b5%e0%a4%bf%e0%a4%b6/
gallery	https://www.dosje.gov.in/gallery/17-july-2026-new-delhi-shri-rahul-kashyap-secretary-ncsk-along-with-commission-officials-met-representatives-of-globallogic-a-hitachi-group-company-to-discuss-the-proposed-safai-sain/
gallery	https://www.dosje.gov.in/gallery/16-%e0%a4%9c%e0%a5%81%e0%a4%b2%e0%a4%be%e0%a4%88-2026-%e0%a4%a8%e0%a4%88-%e0%a4%a6%e0%a4%bf%e0%a4%b2%e0%a5%8d%e0%a4%b2%e0%a5%80-%e0%a4%b0%e0%a4%be%e0%a4%b7%e0%a5%8d%e0%a4%9f%e0%a5%8d/
gallery	https://www.dosje.gov.in/gallery/15-%e0%a4%9c%e0%a5%81%e0%a4%b2%e0%a4%be%e0%a4%88-2026-%e0%a4%97%e0%a4%9c%e0%a4%b0%e0%a5%8c%e0%a4%b2%e0%a4%be-%e0%a4%85%e0%a4%ae%e0%a4%b0%e0%a5%8b%e0%a4%b9%e0%a4%be-%e0%a4%89%e0%a4%a4%e0%a5%8d/
gallery	https://www.dosje.gov.in/gallery/%e0%a4%ac%e0%a4%be%e0%a4%ac%e0%a5%82-%e0%a4%9c%e0%a4%97%e0%a4%9c%e0%a5%80%e0%a4%b5%e0%a4%a8-%e0%a4%b0%e0%a4%be%e0%a4%ae-%e0%a4%9c%e0%a5%80-%e0%a4%95%e0%a5%8040%e0%a4%b5%e0%a5%80%e0%a4%82-%e0%a4%aa/
gallery	https://www.dosje.gov.in/gallery/07-%e0%a4%9c%e0%a5%81%e0%a4%b2%e0%a4%be%e0%a4%88-2026-%e0%a4%a8%e0%a4%88-%e0%a4%a6%e0%a4%bf%e0%a4%b2%e0%a5%8d%e0%a4%b2%e0%a5%80-%e0%a4%b0%e0%a4%be%e0%a4%b7%e0%a5%8d%e0%a4%9f%e0%a5%8d%e0%a4%b0/
gallery	https://www.dosje.gov.in/gallery/02-%e0%a4%9c%e0%a5%81%e0%a4%b2%e0%a4%be%e0%a4%88-2026-ncsk-%e0%a4%a8%e0%a4%88-%e0%a4%a6%e0%a4%bf%e0%a4%b2%e0%a5%8d%e0%a4%b2%e0%a5%80-%e0%a4%a6%e0%a5%87%e0%a4%b6-%e0%a4%95%e0%a5%87-%e0%a4%b5/
gallery	https://www.dosje.gov.in/gallery/01-%e0%a4%9c%e0%a5%81%e0%a4%b2%e0%a4%be%e0%a4%88-2026-%e0%a4%9a%e0%a4%82%e0%a4%a1%e0%a5%80%e0%a4%97%e0%a4%a2%e0%a4%bc-%e0%a4%aa%e0%a4%82%e0%a4%9c%e0%a4%be%e0%a4%ac-%e0%a4%95%e0%a5%87-%e0%a4%b0/
gallery	https://www.dosje.gov.in/gallery/30-%e0%a4%9c%e0%a5%82%e0%a4%a8-2026-%e0%a4%b0%e0%a5%8b%e0%a4%b9%e0%a4%bf%e0%a4%a3%e0%a5%80-%e0%a4%a8%e0%a4%88-%e0%a4%a6%e0%a4%bf%e0%a4%b2%e0%a5%8d%e0%a4%b2%e0%a5%80-%e0%a4%b0%e0%a4%be%e0%a4%b7/
gallery	https://www.dosje.gov.in/gallery/28-%e0%a4%9c%e0%a5%82%e0%a4%a8-2026-%e0%a4%9a%e0%a4%82%e0%a4%a1%e0%a5%80%e0%a4%97%e0%a4%a2%e0%a4%bc-ncsk-%e0%a4%95%e0%a5%87-%e0%a4%89%e0%a4%aa%e0%a4%be%e0%a4%a7%e0%a5%8d%e0%a4%af%e0%a4%95%e0%a5%8d/
gallery	https://www.dosje.gov.in/gallery/27-%e0%a4%9c%e0%a5%82%e0%a4%a8-2026-%e0%a4%9a%e0%a4%82%e0%a4%a1%e0%a5%80%e0%a4%97%e0%a4%a2%e0%a4%bc-ncsk-%e0%a4%95%e0%a5%87-%e0%a4%89%e0%a4%aa%e0%a4%be%e0%a4%a7%e0%a5%8d%e0%a4%af%e0%a4%95%e0%a5%8d/
gallery	https://www.dosje.gov.in/gallery/27-%e0%a4%9c%e0%a5%82%e0%a4%a8-2026-%e0%a4%a8%e0%a4%88-%e0%a4%a6%e0%a4%bf%e0%a4%b2%e0%a5%8d%e0%a4%b2%e0%a5%80-%e0%a4%b0%e0%a4%be%e0%a4%b7%e0%a5%8d%e0%a4%9f%e0%a5%8d%e0%a4%b0%e0%a5%80%e0%a4%af/
gallery	https://www.dosje.gov.in/gallery/25-%e0%a4%9c%e0%a5%82%e0%a4%a8-2026-%e0%a4%a8%e0%a4%88-%e0%a4%a6%e0%a4%bf%e0%a4%b2%e0%a5%8d%e0%a4%b2%e0%a5%80-%e0%a4%b0%e0%a4%be%e0%a4%b7%e0%a5%8d%e0%a4%9f%e0%a5%8d%e0%a4%b0%e0%a5%80%e0%a4%af/
gallery	https://www.dosje.gov.in/gallery/23-%e0%a4%9c%e0%a5%82%e0%a4%a8-2026-%e0%a4%a8%e0%a4%88-%e0%a4%a6%e0%a4%bf%e0%a4%b2%e0%a5%8d%e0%a4%b2%e0%a5%80-%e0%a4%b0%e0%a4%be%e0%a4%b7%e0%a5%8d%e0%a4%9f%e0%a5%8d%e0%a4%b0%e0%a5%80%e0%a4%af/
gallery	https://www.dosje.gov.in/gallery/23-%e0%a4%9c%e0%a5%82%e0%a4%a8-2026-%e0%a4%b2%e0%a5%81%e0%a4%a7%e0%a4%bf%e0%a4%af%e0%a4%be%e0%a4%a8%e0%a4%be-%e0%a4%aa%e0%a4%82%e0%a4%9c%e0%a4%be%e0%a4%ac-ncsk-%e0%a4%95%e0%a5%87-%e0%a4%89%e0%a4%aa/
gallery	https://www.dosje.gov.in/gallery/84246/
gallery	https://www.dosje.gov.in/gallery/22-%e0%a4%9c%e0%a5%82%e0%a4%a8-2026-%e0%a4%b2%e0%a5%81%e0%a4%a7%e0%a4%bf%e0%a4%af%e0%a4%be%e0%a4%a8%e0%a4%be-%e0%a4%aa%e0%a4%82%e0%a4%9c%e0%a4%be%e0%a4%ac-ncsk-%e0%a4%95%e0%a5%87-%e0%a4%89%e0%a4%aa/
gallery	https://www.dosje.gov.in/gallery/12%e0%a4%b5%e0%a4%be%e0%a4%81-%e0%a4%85%e0%a4%82%e0%a4%a4%e0%a4%b0%e0%a5%8d%e0%a4%b0%e0%a4%be%e0%a4%b7%e0%a5%8d%e0%a4%9f%e0%a5%8d%e0%a4%b0%e0%a5%80%e0%a4%af-%e0%a4%af%e0%a5%8b%e0%a4%97-%e0%a4%a6/
gallery	https://www.dosje.gov.in/gallery/world-environment-day/
gallery	https://www.dosje.gov.in/gallery/%e0%a4%8f%e0%a4%95-%e0%a4%aa%e0%a5%87%e0%a4%a1%e0%a4%bc-%e0%a4%ae%e0%a4%be%e0%a4%81-%e0%a4%95%e0%a5%87-%e0%a4%a8%e0%a4%be%e0%a4%ae/
gallery	https://www.dosje.gov.in/gallery/say-no-to-drugs/
gallery	https://www.dosje.gov.in/gallery/shri-r-subrahmanyam-secretary/
gallery	https://www.dosje.gov.in/gallery/short-film-on-nasha-mukt-bharat-abhiyaan/
gallery	https://www.dosje.gov.in/gallery/podcast-with-shri-saurabh-garg-secretary-msje/
gallery	https://www.dosje.gov.in/gallery/nasha-mukt-bharat/
gallery	https://www.dosje.gov.in/gallery/ms-radhika-chakravarthy-joint-secretary/
gallery	https://www.dosje.gov.in/gallery/experience-sharing-nmba-team/
gallery	https://www.dosje.gov.in/gallery/nasha-mukt-bharat-short-film-2/
gallery	https://www.dosje.gov.in/gallery/nasha-mukt-bharat-short-film/
gallery	https://www.dosje.gov.in/gallery/nasha-mukt-bharat-short-film-4/
gallery	https://www.dosje.gov.in/gallery/nasha-mukt-bharat-short-film-3/
gallery	https://www.dosje.gov.in/gallery/launch-of-nmba-awareness-vehicle-by-nmba-and-dosje-in-convergence-with-brahma-kumaris/
gallery	https://www.dosje.gov.in/gallery/nmba-commemorates-international-day-against-drug-abuse-and-illicit-trafficking/
gallery	https://www.dosje.gov.in/gallery/inauguration-of-41-addiction-treatment-facilities/
gallery	https://www.dosje.gov.in/gallery/nmba-organises-pledge-against-drug-abuse/
gallery	https://www.dosje.gov.in/gallery/holistic-well-being-embracing-yogic-lifestyle-mindfulness-and-satvik-nutrition-for-a-nasha-mukt-bharat/
gallery	https://www.dosje.gov.in/gallery/nasha-mukt-bharat-yuva-rally/
gallery	https://www.dosje.gov.in/gallery/nasha-mukt-bharat-yuva-rally-4/
gallery	https://www.dosje.gov.in/gallery/nasha-mukt-bharat-yuva-rally-3/
gallery	https://www.dosje.gov.in/gallery/nasha-mukt-bharat-yuva-rally-2/
gallery	https://www.dosje.gov.in/gallery/nasha-mukt-bharat-yuva-rally-in-punjab-agricultural-university-ludhiana-punjab/
gallery	https://www.dosje.gov.in/gallery/nasha-mukt-bharat-yuva-rally-in-ludhiana-punjab/
gallery	https://www.dosje.gov.in/gallery/floral-tribute-celebration-on-135th-birth-anniversary-of-babasaheb-dr-bhimrao-ambedkar-on-14-04-2025-2/
gallery	https://www.dosje.gov.in/gallery/online-national-capacity-building-workshop/
gallery	https://www.dosje.gov.in/gallery/international-day-against-drug-abuse-and-illicit-trafficking/
gallery	https://www.dosje.gov.in/gallery/raksha-bandhan-sankalp-nasha-mukt-bharat-ka-8th-august-2025-daic-new-delhi/
gallery	https://www.dosje.gov.in/gallery/celebration-of-5-years-of-nasha-mukt-bharat-abhiyaan-in-amritsar-punjab/
gallery	https://www.dosje.gov.in/gallery/pm-modis-speech-at-foundation-stone/
gallery	https://www.dosje.gov.in/gallery/dr-ambedkar-documentary/
gallery	https://www.dosje.gov.in/gallery/dr-ambedkar-documentary-2/
gallery	https://www.dosje.gov.in/gallery/daic-lecture-by-dr-sunder-ram-korivi-on-bfsi-landscape-2nd-may-2025/
gallery	https://www.dosje.gov.in/gallery/dr-ambedkar-national-memorial/
gallery	https://www.dosje.gov.in/gallery/daic-lecture-by-dr-sunder-ram-korivi-on-bfsi-landscape-2nd-may-2025-2/
gallery	https://www.dosje.gov.in/gallery/dr-bheem-rao-ambedkar-movie/
gallery	https://www.dosje.gov.in/gallery/mou-signing-ceremony-24-12-2025-200-pm/
gallery	https://www.dosje.gov.in/gallery/sanwarti-jaye-jeevan-ki-rahen/
gallery	https://www.dosje.gov.in/gallery/the-transgender-persons-protection-of-rightsact-2019-hindi/
gallery	https://www.dosje.gov.in/gallery/transgender-vyakti-ka-adhikaaron-kasanrakshan-adhiniyam-2019-hindi/
gallery	https://www.dosje.gov.in/gallery/smile-scheme-short-film/
gallery	https://www.dosje.gov.in/gallery/transgender-vyaktiyon-ke-liye-samagra-yojana/
gallery	https://www.dosje.gov.in/gallery/transgender-ke-bhi-hain-adhikaar-hindi/
gallery	https://www.dosje.gov.in/gallery/transgender-vyakti-bhi-hain-samaaj-mainsamman-ke-haqdar-hindi/
gallery	https://www.dosje.gov.in/gallery/garima-greh-yojana-hindi/
gallery	https://www.dosje.gov.in/gallery/nasha-mukt-bharat-yuva-rally-at-dr-shyama-prasad-mukherjee-indoor-stadium-bambolim-goa/
gallery	https://www.dosje.gov.in/gallery/transgenders-hum-kisi-se-kam-nahi-hindi/
gallery	https://www.dosje.gov.in/gallery/dd-uttar-pradesh-news-channel-reporting-the-pm-ajay/
gallery	https://www.dosje.gov.in/gallery/message-from-union-minister-of-social-justice-empowerment-free-coaching-for-dnt-students/
gallery	https://www.dosje.gov.in/gallery/national-song-vande-mataram-by-development-and-welfare-board-for-de-notified-nomadic-and-semi-nomadic-communities/
gallery	https://www.dosje.gov.in/gallery/seed-scheme-by-the-development-and-welfare-board-for-dnt-communities/
gallery	https://www.dosje.gov.in/gallery/computer-skill-training-under-seed-scheme-for-dnt-communities/
gallery	https://www.dosje.gov.in/gallery/19-%e0%a4%ae%e0%a4%be%e0%a4%b0%e0%a5%8d%e0%a4%9a-2026-%e0%a4%95%e0%a5%8b-ncsk-%e0%a4%95%e0%a5%87-%e0%a4%ae%e0%a4%be%e0%a4%a8%e0%a4%a8%e0%a5%80%e0%a4%af-%e0%a4%89%e0%a4%aa%e0%a4%be%e0%a4%a7%e0%a5%8d-2/
gallery	https://www.dosje.gov.in/gallery/delhi-jal-board-2/
gallery	https://www.dosje.gov.in/gallery/2100safai-karamcharis-training-certificates-given-by-hcp-jamnagar-municipal-corporation-gujarat-2/
gallery	https://www.dosje.gov.in/gallery/srinagar-municipal-corporation-awarness-camp/
gallery	https://www.dosje.gov.in/gallery/address-to-the-safai-karamcharis-and-their-families-at-pandharpur-maharashtra-2/
gallery	https://www.dosje.gov.in/gallery/a-short-documentary-on-the-75-years-of-the-adoption-of-the-indian-constitution/
gallery	https://www.dosje.gov.in/gallery/the-testimonials-of-the-meritorious-awardees-of-the-dr-ambedkar-national-merit-awards-held-on-2nd-september-2025/
gallery	https://www.dosje.gov.in/gallery/16-%e0%a4%9c%e0%a5%82%e0%a4%a8-2026-%e0%a4%b8%e0%a5%80%e0%a4%a4%e0%a4%be%e0%a4%aa%e0%a5%81%e0%a4%b0-%e0%a4%89%e0%a4%a4%e0%a5%8d%e0%a4%a4%e0%a4%b0-%e0%a4%aa%e0%a5%8d%e0%a4%b0%e0%a4%a6%e0%a5%87-2/
gallery	https://www.dosje.gov.in/gallery/16-%e0%a4%9c%e0%a5%82%e0%a4%a8-2026-%e0%a4%b8%e0%a5%80%e0%a4%a4%e0%a4%be%e0%a4%aa%e0%a5%81%e0%a4%b0-%e0%a4%89%e0%a4%a4%e0%a5%8d%e0%a4%a4%e0%a4%b0-%e0%a4%aa%e0%a5%8d%e0%a4%b0%e0%a4%a6%e0%a5%87/
gallery	https://www.dosje.gov.in/gallery/ncsc-news-items/
gallery	https://www.dosje.gov.in/gallery/state-level-review-of-ncsc-in-kerala-6-8th-january-2025/
gallery	https://www.dosje.gov.in/gallery/dwbdnc-gallery/
gallery	https://www.dosje.gov.in/gallery/dwbdnc-news-coverage-2/
gallery	https://www.dosje.gov.in/gallery/dwbdnc-news-coverage-3/
gallery	https://www.dosje.gov.in/gallery/dwbdnc-news-coverage-4/
gallery	https://www.dosje.gov.in/gallery/dwbdnc-news-coverage-5/
gallery	https://www.dosje.gov.in/gallery/celebrating-world-environment-day/
gallery	https://www.dosje.gov.in/gallery/dwbdnc-gallery-2/
gallery	https://www.dosje.gov.in/gallery/dwbdnc-gallery-3/
gallery	https://www.dosje.gov.in/gallery/dwbdnc-gallery-4/
gallery	https://www.dosje.gov.in/gallery/dwbdnc-gallery-5/
gallery	https://www.dosje.gov.in/gallery/dwbdnc-gallery-6/
gallery	https://www.dosje.gov.in/gallery/dwbdnc-gallery-7/
gallery	https://www.dosje.gov.in/gallery/dwbdnc-gallery-8/
gallery	https://www.dosje.gov.in/gallery/15-%e0%a4%9c%e0%a5%82%e0%a4%a8-2026-%e0%a4%b2%e0%a4%96%e0%a4%a8%e0%a4%8a-%e0%a4%89%e0%a4%a4%e0%a5%8d%e0%a4%a4%e0%a4%b0-%e0%a4%aa%e0%a5%8d%e0%a4%b0%e0%a4%a6%e0%a5%87%e0%a4%b6-%e0%a4%b0%e0%a4%be-2/
gallery	https://www.dosje.gov.in/gallery/15-%e0%a4%9c%e0%a5%82%e0%a4%a8-2026-%e0%a4%b2%e0%a4%96%e0%a4%a8%e0%a4%8a-%e0%a4%89%e0%a4%a4%e0%a5%8d%e0%a4%a4%e0%a4%b0-%e0%a4%aa%e0%a5%8d%e0%a4%b0%e0%a4%a6%e0%a5%87%e0%a4%b6-%e0%a4%b0%e0%a4%be/
gallery	https://www.dosje.gov.in/gallery/14-%e0%a4%9c%e0%a5%82%e0%a4%a8-2026-%e0%a4%9a%e0%a4%82%e0%a4%a1%e0%a5%80%e0%a4%97%e0%a4%a2%e0%a4%bc-%e0%a4%b0%e0%a4%be%e0%a4%b7%e0%a5%8d%e0%a4%9f%e0%a5%8d%e0%a4%b0%e0%a5%80%e0%a4%af-%e0%a4%b8/
gallery	https://www.dosje.gov.in/gallery/12-%e0%a4%9c%e0%a5%82%e0%a4%a8-2026-%e0%a4%a8%e0%a4%88-%e0%a4%a6%e0%a4%bf%e0%a4%b2%e0%a5%8d%e0%a4%b2%e0%a5%80-%e0%a4%b0%e0%a4%be%e0%a4%b7%e0%a5%8d%e0%a4%9f%e0%a5%8d%e0%a4%b0%e0%a5%80%e0%a4%af/
gallery	https://www.dosje.gov.in/gallery/12-%e0%a4%9c%e0%a5%82%e0%a4%a8-2026-%e0%a4%ab%e0%a4%b0%e0%a5%80%e0%a4%a6%e0%a4%be%e0%a4%ac%e0%a4%be%e0%a4%a6-%e0%a4%b9%e0%a4%b0%e0%a4%bf%e0%a4%af%e0%a4%be%e0%a4%a3%e0%a4%be-%e0%a4%b0%e0%a4%be-2/
gallery	https://www.dosje.gov.in/gallery/12-%e0%a4%9c%e0%a5%82%e0%a4%a8-2026-%e0%a4%ab%e0%a4%b0%e0%a5%80%e0%a4%a6%e0%a4%be%e0%a4%ac%e0%a4%be%e0%a4%a6-%e0%a4%b9%e0%a4%b0%e0%a4%bf%e0%a4%af%e0%a4%be%e0%a4%a3%e0%a4%be-%e0%a4%b0%e0%a4%be/
gallery	https://www.dosje.gov.in/gallery/%e0%a4%b0%e0%a4%be%e0%a4%b7%e0%a5%8d%e0%a4%9f%e0%a5%8d%e0%a4%b0%e0%a5%80%e0%a4%af-%e0%a4%b8%e0%a4%ab%e0%a4%be%e0%a4%88-%e0%a4%95%e0%a4%b0%e0%a5%8d%e0%a4%ae%e0%a4%9a%e0%a4%be%e0%a4%b0%e0%a5%80/
gallery	https://www.dosje.gov.in/gallery/08-%e0%a4%9c%e0%a5%82%e0%a4%a8-2026-%e0%a4%a8%e0%a4%88-%e0%a4%a6%e0%a4%bf%e0%a4%b2%e0%a5%8d%e0%a4%b2%e0%a5%80-%e0%a4%b0%e0%a4%be%e0%a4%b7%e0%a5%8d%e0%a4%9f%e0%a5%8d%e0%a4%b0%e0%a5%80%e0%a4%af/
gallery	https://www.dosje.gov.in/gallery/05-%e0%a4%9c%e0%a5%82%e0%a4%a8-2026-%e0%a4%a8%e0%a4%88-%e0%a4%a6%e0%a4%bf%e0%a4%b2%e0%a5%8d%e0%a4%b2%e0%a5%80-ncsk-%e0%a4%95%e0%a5%87-%e0%a4%ae%e0%a4%be%e0%a4%a8%e0%a4%a8%e0%a5%80%e0%a4%af-%e0%a4%b8/
gallery	https://www.dosje.gov.in/gallery/05-%e0%a4%9c%e0%a5%82%e0%a4%a8-2026-%e0%a4%a8%e0%a4%88-%e0%a4%a6%e0%a4%bf%e0%a4%b2%e0%a5%8d%e0%a4%b2%e0%a5%80-%e0%a4%97%e0%a5%88%e0%a4%b8-%e0%a4%85%e0%a4%a5%e0%a5%89%e0%a4%b0%e0%a4%bf%e0%a4%9f/
gallery	https://www.dosje.gov.in/gallery/04-%e0%a4%9c%e0%a5%82%e0%a4%a8-2026-%e0%a4%aa%e0%a5%81%e0%a4%a3%e0%a5%87-%e0%a4%ae%e0%a4%b9%e0%a4%be%e0%a4%b0%e0%a4%be%e0%a4%b7%e0%a5%8d%e0%a4%9f%e0%a5%8d%e0%a4%b0-%e0%a4%ae%e0%a4%be%e0%a4%a8/
gallery	https://www.dosje.gov.in/gallery/03-%e0%a4%9c%e0%a5%82%e0%a4%a8-2026-%e0%a4%85%e0%a4%b2%e0%a5%80%e0%a4%97%e0%a4%a2%e0%a4%bc-%e0%a4%89%e0%a4%a4%e0%a5%8d%e0%a4%a4%e0%a4%b0-%e0%a4%aa%e0%a5%8d%e0%a4%b0%e0%a4%a6%e0%a5%87%e0%a4%b6/
gallery	https://www.dosje.gov.in/gallery/02-%e0%a4%9c%e0%a5%82%e0%a4%a8-2026-%e0%a4%86%e0%a4%97%e0%a4%b0%e0%a4%be-%e0%a4%89%e0%a4%a4%e0%a5%8d%e0%a4%a4%e0%a4%b0-%e0%a4%aa%e0%a5%8d%e0%a4%b0%e0%a4%a6%e0%a5%87%e0%a4%b6-ncsk-%e0%a4%95%e0%a5%87-2/
gallery	https://www.dosje.gov.in/gallery/nasha-mukt-bharat-yuva-rally-at-pau-ludhiana-2/
gallery	https://www.dosje.gov.in/gallery/nmba-pledge-against-drug-abuse-and-awareness-programme/
gallery	https://www.dosje.gov.in/gallery/nasha-mukt-bharat-yuva-rally-at-pau-ludhiana/
gallery	https://www.dosje.gov.in/gallery/5-year-celebration-of-nasha-mukt-bharat-abhiyaan-amritsar/
gallery	https://www.dosje.gov.in/gallery/international-day-against-drug-abuse-and-illicit-trafficking-observance-under-nmba/
gallery	https://www.dosje.gov.in/gallery/02-%e0%a4%9c%e0%a5%82%e0%a4%a8-2026-%e0%a4%86%e0%a4%97%e0%a4%b0%e0%a4%be-%e0%a4%89%e0%a4%a4%e0%a5%8d%e0%a4%a4%e0%a4%b0-%e0%a4%aa%e0%a5%8d%e0%a4%b0%e0%a4%a6%e0%a5%87%e0%a4%b6-ncsk-%e0%a4%95%e0%a5%87/
gallery	https://www.dosje.gov.in/gallery/01-%e0%a4%9c%e0%a5%82%e0%a4%a8-2026-%e0%a4%86%e0%a4%97%e0%a4%b0%e0%a4%be-%e0%a4%89%e0%a4%a4%e0%a5%8d%e0%a4%a4%e0%a4%b0-%e0%a4%aa%e0%a5%8d%e0%a4%b0%e0%a4%a6%e0%a5%87%e0%a4%b6-ncsk-%e0%a4%95%e0%a5%87/
gallery	https://www.dosje.gov.in/gallery/01-%e0%a4%9c%e0%a5%82%e0%a4%a8-2026-%e0%a4%86%e0%a4%97%e0%a4%b0%e0%a4%be-%e0%a4%89%e0%a4%a4%e0%a5%8d%e0%a4%a4%e0%a4%b0-%e0%a4%aa%e0%a5%8d%e0%a4%b0%e0%a4%a6%e0%a5%87%e0%a4%b6-%e0%a4%ae%e0%a4%be/
gallery	https://www.dosje.gov.in/gallery/01-%e0%a4%9c%e0%a5%82%e0%a4%a8-2026-%e0%a4%86%e0%a4%97%e0%a4%b0%e0%a4%be-%e0%a4%89%e0%a4%a4%e0%a5%8d%e0%a4%a4%e0%a4%b0-%e0%a4%aa%e0%a5%8d%e0%a4%b0%e0%a4%a6%e0%a5%87%e0%a4%b6-%e0%a4%86%e0%a4%af/
gallery	https://www.dosje.gov.in/gallery/82511/
gallery	https://www.dosje.gov.in/gallery/nmba-awareness-activities-and-creative-campaigns/
gallery	https://www.dosje.gov.in/gallery/nmba-awareness-and-outreach-activities-across-india/
gallery	https://www.dosje.gov.in/gallery/youth-spiritual-summit-nasha-mukt-yuva-for-viksit-bharat-varanasi/
gallery	https://www.dosje.gov.in/gallery/raksha-bandhan-celebration-under-nasha-mukt-bharat-abhiyaan/
gallery	https://www.dosje.gov.in/gallery/nmba-awareness-vehicle-launch-programme/
gallery	https://www.dosje.gov.in/gallery/22-%e0%a4%ae%e0%a4%88-2026-%e0%a4%b6%e0%a4%bf%e0%a4%ae%e0%a4%b2%e0%a4%be-%e0%a4%ae%e0%a4%be%e0%a4%a8%e0%a4%a8%e0%a5%80%e0%a4%af-%e0%a4%b8%e0%a4%a6%e0%a4%b8%e0%a5%8d%e0%a4%af-%e0%a4%b6%e0%a5%8d/
gallery	https://www.dosje.gov.in/gallery/22-may-2026-ncsk-secretary-shri-rahul-kashyap-held-a-meeting-with-hll-lifecare-limited-to-work-towards-mechanisation-and-overall-upliftment-of-the-safai-karamchari-community/
gallery	https://www.dosje.gov.in/gallery/22-may-2026-ncsk-secretary-shri-rahul-kashyap-held-a-meeting-with-ministries-and-departments-including-labour-employment-drinking-water-sanitation-rural-development-health-famil/
gallery	https://www.dosje.gov.in/gallery/18-%e0%a4%ae%e0%a4%88-2026-%e0%a4%97%e0%a4%be%e0%a4%9c%e0%a4%bf%e0%a4%af%e0%a4%be%e0%a4%ac%e0%a4%be%e0%a4%a6-ncsk-%e0%a4%b8%e0%a4%a6%e0%a4%b8%e0%a5%8d%e0%a4%af-%e0%a4%b6%e0%a5%8d%e0%a4%b0/
gallery	https://www.dosje.gov.in/gallery/18-%e0%a4%ae%e0%a4%88-2026-ncsk-%e0%a4%89%e0%a4%aa%e0%a4%be%e0%a4%a7%e0%a5%8d%e0%a4%af%e0%a4%95%e0%a5%8d%e0%a4%b7-%e0%a4%b6%e0%a5%8d%e0%a4%b0%e0%a5%80-%e0%a4%b9%e0%a4%b0%e0%a4%a6%e0%a5%80%e0%a4%aa/
gallery	https://www.dosje.gov.in/gallery/14-%e0%a4%ae%e0%a4%88-2026-%e0%a4%ac%e0%a5%87%e0%a4%b2%e0%a4%97%e0%a4%be%e0%a4%82%e0%a4%b5-%e0%a4%95%e0%a4%b0%e0%a5%8d%e0%a4%a8%e0%a4%be%e0%a4%9f%e0%a4%95-ncsk-%e0%a4%89%e0%a4%aa%e0%a4%be/
gallery	https://www.dosje.gov.in/gallery/14-%e0%a4%ae%e0%a4%88-2026-%e0%a4%ac%e0%a5%87%e0%a4%b2%e0%a4%97%e0%a4%be%e0%a4%82%e0%a4%b5-%e0%a4%95%e0%a4%b0%e0%a5%8d%e0%a4%a8%e0%a4%be%e0%a4%9f%e0%a4%95-%e0%a4%b8%e0%a4%ab%e0%a4%be/
gallery	https://www.dosje.gov.in/gallery/14-%e0%a4%ae%e0%a4%88-2026-ncsk-%e0%a4%89%e0%a4%aa%e0%a4%be%e0%a4%a7%e0%a5%8d%e0%a4%af%e0%a4%95%e0%a5%8d%e0%a4%b7-%e0%a4%b6%e0%a5%8d%e0%a4%b0%e0%a5%80-%e0%a4%b9%e0%a4%b0%e0%a4%a6%e0%a5%80/
gallery	https://www.dosje.gov.in/gallery/14-%e0%a4%ae%e0%a4%88-2026-%e0%a4%ac%e0%a4%be%e0%a4%97%e0%a4%b2%e0%a4%95%e0%a5%8b%e0%a4%9f-%e0%a4%95%e0%a4%b0%e0%a5%8d%e0%a4%a8%e0%a4%be%e0%a4%9f%e0%a4%95-ncsk-%e0%a4%89%e0%a4%aa%e0%a4%be/
gallery	https://www.dosje.gov.in/gallery/14-%e0%a4%ae%e0%a4%88-2026-%e0%a4%ac%e0%a5%87%e0%a4%b2%e0%a4%97%e0%a4%be%e0%a4%82%e0%a4%b5-%e0%a4%95%e0%a4%b0%e0%a5%8d%e0%a4%a8%e0%a4%be%e0%a4%9f%e0%a4%95-ncsk-%e0%a4%89%e0%a4%aa%e0%a4%be-2/
gallery	https://www.dosje.gov.in/gallery/14-%e0%a4%ae%e0%a4%88-2026-%e0%a4%ac%e0%a5%87%e0%a4%b2%e0%a4%97%e0%a4%be%e0%a4%82%e0%a4%b5-%e0%a4%95%e0%a4%b0%e0%a5%8d%e0%a4%a8%e0%a4%be%e0%a4%9f%e0%a4%95-%e0%a4%b8%e0%a4%ab%e0%a4%be-2/
gallery	https://www.dosje.gov.in/gallery/14-%e0%a4%ae%e0%a4%88-2026-ncsk-%e0%a4%89%e0%a4%aa%e0%a4%be%e0%a4%a7%e0%a5%8d%e0%a4%af%e0%a4%95%e0%a5%8d%e0%a4%b7-%e0%a4%b6%e0%a5%8d%e0%a4%b0%e0%a5%80-%e0%a4%b9%e0%a4%b0%e0%a4%a6%e0%a5%80-2/
gallery	https://www.dosje.gov.in/gallery/14-%e0%a4%ae%e0%a4%88-2026-%e0%a4%ac%e0%a4%be%e0%a4%97%e0%a4%b2%e0%a4%95%e0%a5%8b%e0%a4%9f-%e0%a4%95%e0%a4%b0%e0%a5%8d%e0%a4%a8%e0%a4%be%e0%a4%9f%e0%a4%95-ncsk-%e0%a4%89%e0%a4%aa%e0%a4%be-2/
gallery	https://www.dosje.gov.in/gallery/11-%e0%a4%ae%e0%a4%88-2026-%e0%a4%b8%e0%a4%bf%e0%a4%b5%e0%a4%bf%e0%a4%b2-%e0%a4%b2%e0%a4%be%e0%a4%87%e0%a4%82%e0%a4%b8-%e0%a4%a8%e0%a4%88-%e0%a4%a6%e0%a4%bf%e0%a4%b2%e0%a5%8d%e0%a4%b2%e0%a5%80/
gallery	https://www.dosje.gov.in/gallery/11-%e0%a4%ae%e0%a4%88-2026-%e0%a4%a8%e0%a4%88-%e0%a4%a6%e0%a4%bf%e0%a4%b2%e0%a5%8d%e0%a4%b2%e0%a5%80-%e0%a4%ae%e0%a4%be%e0%a4%a8%e0%a4%a8%e0%a5%80%e0%a4%af-%e0%a4%b8%e0%a4%a6%e0%a4%b8/
gallery	https://www.dosje.gov.in/gallery/9-10-%e0%a4%ae%e0%a4%88-2026-%e0%a4%aa%e0%a4%be%e0%a4%b2%e0%a4%ae%e0%a4%aa%e0%a5%81%e0%a4%b0-%e0%a4%b9%e0%a4%bf%e0%a4%ae%e0%a4%be%e0%a4%9a%e0%a4%b2-%e0%a4%aa%e0%a5%8d%e0%a4%b0%e0%a4%a6%e0%a5%87/
gallery	https://www.dosje.gov.in/gallery/dr-ambedkar-foundation-commemorates-the-136th-birth-anniversary-of-babasaheb-dr-bhimrao-ambedkar-at-prerna-sthal-on-14-04-2026/
gallery	https://www.dosje.gov.in/gallery/dr-ambedkar-foundation-commemorates-the-200th-birth-anniversary-of-mahatma-jyotirao-phule-ji-at-bhim-hall-daic-on-11-04-2026/
gallery	https://www.dosje.gov.in/gallery/dr-ambedkar-foundation-commemorates-the-200th-birth-anniversary-of-mahatma-jyotirao-phule-ji-at-prerna-sthal-on-11-04-2026/
gallery	https://www.dosje.gov.in/gallery/meeting-of-the-governing-body-and-general-body-of-daf-held-under-the-chairmanship-of-dr-virendra-kumar-honble-minister-of-social-justice-empowerment-and-chairman-daf-on-28th-ma/
gallery	https://www.dosje.gov.in/gallery/dr-ambedkar-foundation-organized-the-70th-mahaparinirvan-diwas-of-bharat-ratna-babasaheb-dr-bhimrao-ambedkar-on-06-12-2025/
gallery	https://www.dosje.gov.in/gallery/dr-ambedkar-national-merit-award-2025-presentation-of-award-to-the-meritorious-students-of-secondary-and-senior-secondary-examinations-of-various-boards-councils-of-2022-and-2023-on-02-09-2025/
gallery	https://www.dosje.gov.in/gallery/mou-signing-ceremony-for-establishment-of-three-dr-ambedkar-chair-in-august-presence-of-dr-virendra-kumar-hmsje-chairman-dr-ambedkar-foundation-on-15-10-2025/
gallery	https://www.dosje.gov.in/gallery/dr-ambedkar-chairs-two-day-national-seminar-by-dr-ambedkar-foundation-on-14th-15th-november-2025-at-andhra-university-in-the-presence-of-shri-v-appa-rao-member-secreta/
gallery	https://www.dosje.gov.in/gallery/national-conference-held-on-26-11-2025-at-bhim-hall-dr-ambedkar-international-centre-daic-new-delhi-to-mark-the-grand-finale-of-the-nationwide-year-long-commemoration-of-75-years-of-the-adoption/
gallery	https://www.dosje.gov.in/gallery/8-%e0%a4%ae%e0%a4%88-2026-%e0%a4%b6%e0%a4%be%e0%a4%b9%e0%a4%a6%e0%a4%b0%e0%a4%be-%e0%a4%a8%e0%a4%88-%e0%a4%a6%e0%a4%bf%e0%a4%b2%e0%a5%8d%e0%a4%b2%e0%a5%80-asi-%e0%a4%b0%e0%a4%be%e0%a4%9c/
gallery	https://www.dosje.gov.in/gallery/visit-of-dr-virendra-kumar-hsmje-chairman-dr-ambedkar-foundation-to-daf-office/
gallery	https://www.dosje.gov.in/gallery/review-meeting-of-dr-ambedkar-chairs-scheme-under-the-chairmanship-of-shri-amit-yadav-secretary-d-o-sje-held-on-13-06-2025/
gallery	https://www.dosje.gov.in/gallery/floral-tribute-celebration-on-135th-birth-anniversary-of-babasaheb-dr-bhimrao-ambedkar-on-14-04-2025/
gallery	https://www.dosje.gov.in/gallery/committee-meeting-held-on-25-02-2025-at-daf-for-the-revision-of-dr-ambedkar-medical-aid-scheme/
gallery	https://www.dosje.gov.in/gallery/meeting-of-the-governing-general-body-members-held-on-12-02-2025/
gallery	https://www.dosje.gov.in/gallery/floral-tribute-ceremony-on-69th-mahaparinirvan-diwas-of-babasaheb-dr-bhimrao-ambedkar-on-06-12-2024/
gallery	https://www.dosje.gov.in/gallery/5-%e0%a4%ae%e0%a4%88-2026-%e0%a4%95%e0%a4%b0%e0%a5%8b%e0%a4%b2-%e0%a4%ac%e0%a4%be%e0%a4%97%e0%a4%a8%e0%a4%88-%e0%a4%a6%e0%a4%bf%e0%a4%b2%e0%a5%8d%e0%a4%b2%e0%a5%80-%e0%a4%b6%e0%a5%8d/
gallery	https://www.dosje.gov.in/gallery/29-%e0%a4%85%e0%a4%aa%e0%a5%8d%e0%a4%b0%e0%a5%88%e0%a4%b2-2026-ncsk-%e0%a4%89%e0%a4%aa%e0%a4%be%e0%a4%a7%e0%a5%8d%e0%a4%af%e0%a4%95%e0%a5%8d%e0%a4%b7-%e0%a4%b6%e0%a5%8d%e0%a4%b0%e0%a5%80/
gallery	https://www.dosje.gov.in/gallery/27-%e0%a4%85%e0%a4%aa%e0%a5%8d%e0%a4%b0%e0%a5%88%e0%a4%b2-2026-%e0%a4%9c%e0%a4%af%e0%a4%aa%e0%a5%81%e0%a4%b0-ncsk-%e0%a4%89%e0%a4%aa%e0%a4%be%e0%a4%a7%e0%a5%8d%e0%a4%af%e0%a4%95%e0%a5%8d/
gallery	https://www.dosje.gov.in/gallery/26-%e0%a4%85%e0%a4%aa%e0%a5%8d%e0%a4%b0%e0%a5%88%e0%a4%b2-2026-%e0%a4%9a%e0%a4%82%e0%a4%a1%e0%a5%80%e0%a4%97%e0%a4%a2%e0%a4%bc-%e0%a4%89%e0%a4%aa%e0%a4%be%e0%a4%a7%e0%a5%8d%e0%a4%af%e0%a4%95/
gallery	https://www.dosje.gov.in/gallery/21-%e0%a4%85%e0%a4%aa%e0%a5%8d%e0%a4%b0%e0%a5%88%e0%a4%b2-2026-guru-nanak-dev-university-%e0%a4%85%e0%a4%ae%e0%a5%83%e0%a4%a4%e0%a4%b8%e0%a4%b0-%e0%a4%b8%e0%a4%ab%e0%a4%be%e0%a4%88-%e0%a4%95/
gallery	https://www.dosje.gov.in/gallery/14-%e0%a4%85%e0%a4%aa%e0%a5%8d%e0%a4%b0%e0%a5%88%e0%a4%b2-2026-%e0%a4%87%e0%a4%82%e0%a4%a6%e0%a5%8c%e0%a4%b0-%e0%a4%b8%e0%a4%82%e0%a4%b5%e0%a4%bf%e0%a4%a7%e0%a4%be%e0%a4%a8-%e0%a4%a8%e0%a4%bf/
gallery	https://www.dosje.gov.in/gallery/12-%e0%a4%85%e0%a4%aa%e0%a5%8d%e0%a4%b0%e0%a5%88%e0%a4%b2-2026-%e0%a4%b8%e0%a4%82%e0%a4%97%e0%a4%b0%e0%a5%82%e0%a4%b0-ncsk-%e0%a4%89%e0%a4%aa%e0%a4%be%e0%a4%a7%e0%a5%8d%e0%a4%af%e0%a4%95/
gallery	https://www.dosje.gov.in/gallery/11-%e0%a4%85%e0%a4%aa%e0%a5%8d%e0%a4%b0%e0%a5%88%e0%a4%b2-2026-constitution-club-of-india-%e0%a4%a8%e0%a4%88-%e0%a4%a6%e0%a4%bf%e0%a4%b2%e0%a5%8d%e0%a4%b2%e0%a5%80-%e0%a4%b2%e0%a5%80/
gallery	https://www.dosje.gov.in/gallery/5-%e0%a4%85%e0%a4%aa%e0%a5%8d%e0%a4%b0%e0%a5%88%e0%a4%b2-2026-%e0%a4%aa%e0%a4%82%e0%a4%9c%e0%a4%be%e0%a4%ac-ncsk-%e0%a4%89%e0%a4%aa%e0%a4%be%e0%a4%a7%e0%a5%8d%e0%a4%af%e0%a4%95%e0%a5%8d/
gallery	https://www.dosje.gov.in/gallery/rehabilitation/
gallery	https://www.dosje.gov.in/gallery/%e0%a4%b8%e0%a4%ae%e0%a5%83%e0%a4%a6%e0%a5%8d%e0%a4%a7-%e0%a4%ad%e0%a4%be%e0%a4%b0%e0%a4%a4-%e0%a4%95%e0%a5%87-%e0%a4%b2%e0%a4%bf%e0%a4%8f-%e0%a4%ad%e0%a4%bf%e0%a4%95%e0%a5%8d%e0%a4%b7%e0%a5%81/
gallery	https://www.dosje.gov.in/gallery/%e0%a4%89%e0%a4%a8%e0%a5%8d%e0%a4%ae%e0%a5%81%e0%a4%96%e0%a5%80%e0%a4%95%e0%a4%b0%e0%a4%a3-%e0%a4%ae%e0%a5%87%e0%a4%82-%e0%a4%ad%e0%a4%bf%e0%a4%95%e0%a5%8d%e0%a4%b7%e0%a4%be%e0%a4%b5%e0%a5%83%e0%a4%a4/
gallery	https://www.dosje.gov.in/gallery/%e0%a4%8f%e0%a4%95-%e0%a4%a6%e0%a4%bf%e0%a4%b5%e0%a4%b8%e0%a5%80%e0%a4%af-%e0%a4%b0%e0%a4%be%e0%a4%b7%e0%a5%8d%e0%a4%9f%e0%a5%8d%e0%a4%b0%e0%a5%80%e0%a4%af-%e0%a4%aa%e0%a5%8d%e0%a4%b0%e0%a4%b6/
gallery	https://www.dosje.gov.in/gallery/%e0%a4%ad%e0%a4%bf%e0%a4%95%e0%a5%8d%e0%a4%b7%e0%a5%81%e0%a4%93%e0%a4%82-%e0%a4%95%e0%a5%8b-%e0%a4%ae%e0%a5%81%e0%a4%96%e0%a5%8d%e0%a4%af-%e0%a4%a7%e0%a4%be%e0%a4%b0%e0%a4%be-%e0%a4%b8%e0%a5%87/
gallery	https://www.dosje.gov.in/gallery/government-identifies-30-cities-to-make-them-beggary-free-by-2026youtube/
gallery	https://www.dosje.gov.in/gallery/bhikshamukt-bharat-how-modi-govt-plans-to-make-ayodhya-and-other-cities-across-india-beggar-free/
gallery	https://www.dosje.gov.in/gallery/government-draws-up-list-of-30-key-cities-to-make-them-free-of-beggars-times-of-india/
gallery	https://www.dosje.gov.in/gallery/2-april-2026-new-delhi-honble-member-shri-karam-singh-karma-held-a-meeting-with-district-administration-police-and-pwd-officials-regarding-the-tragic-death-of-rahul-pal-33-during-drain/
gallery	https://www.dosje.gov.in/gallery/survey/
gallery	https://www.dosje.gov.in/gallery/mobilization/
gallery	https://www.dosje.gov.in/gallery/training/
gallery	https://www.dosje.gov.in/gallery/%e0%a4%89%e0%a4%aa%e0%a4%be%e0%a4%a7%e0%a5%8d%e0%a4%af%e0%a4%95%e0%a5%8d%e0%a4%b7-%e0%a4%b6%e0%a5%8d%e0%a4%b0%e0%a5%80-%e0%a4%b9%e0%a4%b0%e0%a4%a6%e0%a5%80%e0%a4%aa-%e0%a4%b8%e0%a4%bf%e0%a4%82/
gallery	https://www.dosje.gov.in/gallery/e-anudaan/
gallery	https://www.dosje.gov.in/gallery/shri-hardeep-singh-gill-vice-chairperson-ncsk-reviewed-a-sewer-death-case-at-sri-muktsar-sahib-on-23-03-2026-and-directed-a-complete-ban-on-night-sewer-cleaning/
gallery	https://www.dosje.gov.in/gallery/23-march-2026-rohini-review-meeting-held-with-mcd-rohini-zone-officials-and-safai-karamchari-union-leaders/
gallery	https://www.dosje.gov.in/gallery/19-%e0%a4%ae%e0%a4%be%e0%a4%b0%e0%a5%8d%e0%a4%9a-2026-%e0%a4%95%e0%a5%8b-ncsk-%e0%a4%95%e0%a5%87-%e0%a4%ae%e0%a4%be%e0%a4%a8%e0%a4%a8%e0%a5%80%e0%a4%af-%e0%a4%89%e0%a4%aa%e0%a4%be%e0%a4%a7%e0%a5%8d/
gallery	https://www.dosje.gov.in/gallery/1st-internal-meeting-of-the-11th-commission-of-ncsk-under-the-chairmanship-of-honble-vice-chairperson-on-17-03-2026/
gallery	https://www.dosje.gov.in/gallery/1st-internal-meeting-of-the-11th-commission-of-ncsk-under-the-chairmanship-of-honble-vice-chairperson-on-17-03-2026-2/
gallery	https://www.dosje.gov.in/gallery/sh-hardeep-singh-gill-honble-vice-chairperson-ncsk-meeting-with-sdm-and-upleta-municipality-officials-on-16-03-2026/
gallery	https://www.dosje.gov.in/gallery/capacity-building-of-state-and-district-level-officers-of-uttarakhand-on-pmajay-mis/
gallery	https://www.dosje.gov.in/gallery/ncsk-%e0%a4%95%e0%a5%87-%e0%a4%ae%e0%a4%be%e0%a4%a8%e0%a4%a8%e0%a5%80%e0%a4%af-%e0%a4%89%e0%a4%aa%e0%a4%be%e0%a4%a7%e0%a5%8d%e0%a4%af%e0%a4%95%e0%a5%8d%e0%a4%b7-%e0%a4%b6%e0%a5%8d%e0%a4%b0%e0%a5%80/
gallery	https://www.dosje.gov.in/gallery/sh-karam-singh-karma-honble-member-ncsk-meeting-with-dc-karol-bagh-zone-mcd-officials-and-safai-karamchari-representatives-on-10-03-2026/
gallery	https://www.dosje.gov.in/gallery/29th-meeting-of-the-committee-to-review-the-implementation-of-the-sc-st-prevention-of-atrocities-act-1989-and-the-protection-of-civil-rights-pcr-act-1955-3/
gallery	https://www.dosje.gov.in/gallery/29th-meeting-of-the-committee-to-review-the-implementation-of-the-sc-st-prevention-of-atrocities-act-1989-and-the-protection-of-civil-rights-pcr-act-1955-4/
gallery	https://www.dosje.gov.in/gallery/22nd-annual-convocation-nalsar-university-of-law-hyderabad-2/
gallery	https://www.dosje.gov.in/gallery/dosje-organizes-28th-coordination-committee-meeting-to-devise-ways-and-means-to-curb-offences-of-untouchability-and-atrocities-against-scs-and-sts-on-23-may-2025-2/
gallery	https://www.dosje.gov.in/gallery/signing-of-mou-2/
gallery	https://www.dosje.gov.in/gallery/state-of-madhya-pradesh-ro-officer-attend-the-workshop-at-bhopal-2/
gallery	https://www.dosje.gov.in/gallery/regional-workshop-pune-2/
gallery	https://www.dosje.gov.in/gallery/regional-workshop-mysuru-2/
gallery	https://www.dosje.gov.in/gallery/regional-workshop-agartala-tripura-2/
gallery	https://www.dosje.gov.in/gallery/launch-in-gujarat-2/
gallery	https://www.dosje.gov.in/gallery/launch-of-national-helpline-against-atrocities-2/
gallery	https://www.dosje.gov.in/gallery/meeting-of-committee-to-review-implementation-of-the-pcr-act-1955-and-the-sc-and-stpoa-act1989-in-state-and-union-territories-2/
gallery	https://www.dosje.gov.in/gallery/meeting-of-committe-to-review-implementation-of-the-pcr-act-1955-and-the-sc-and-stpoa-act1989-in-state-and-union-territories-2/
gallery	https://www.dosje.gov.in/gallery/dilution-of-sc-st-act-2/
gallery	https://www.dosje.gov.in/gallery/sc-to-lay-down-guidelines-to-protect-inter-caste-couples-2/
gallery	https://www.dosje.gov.in/gallery/signing-of-mou/
gallery	https://www.dosje.gov.in/gallery/state-of-madhya-pradesh-ro-officer-attend-the-workshop-at-bhopal/
gallery	https://www.dosje.gov.in/gallery/regional-workshop-pune/
gallery	https://www.dosje.gov.in/gallery/regional-workshop-mysuru/
gallery	https://www.dosje.gov.in/gallery/regional-workshop-agartala-tripura/
gallery	https://www.dosje.gov.in/gallery/launch-in-gujarat/
gallery	https://www.dosje.gov.in/gallery/29th-meeting-of-the-committee-to-review-the-implementation-of-the-sc-st-prevention-of-atrocities-act-1989-and-the-protection-of-civil-rights-pcr-act-1955/
gallery	https://www.dosje.gov.in/gallery/29th-meeting-of-the-committee-to-review-the-implementation-of-the-sc-st-prevention-of-atrocities-act-1989-and-the-protection-of-civil-rights-pcr-act-1955-2/
gallery	https://www.dosje.gov.in/gallery/22nd-annual-convocation-nalsar-university-of-law-hyderabad/
gallery	https://www.dosje.gov.in/gallery/dosje-organizes-28th-coordination-committee-meeting-to-devise-ways-and-means-to-curb-offences-of-untouchability-and-atrocities-against-scs-and-sts-on-23-may-2025/
gallery	https://www.dosje.gov.in/gallery/launch-of-national-helpline-against-atrocities/
gallery	https://www.dosje.gov.in/gallery/meeting-of-committee-to-review-implementation-of-the-pcr-act-1955-and-the-sc-and-stpoa-act1989-in-state-and-union-territories/
gallery	https://www.dosje.gov.in/gallery/meeting-of-committe-to-review-implementation-of-the-pcr-act-1955-and-the-sc-and-stpoa-act1989-in-state-and-union-territories/
gallery	https://www.dosje.gov.in/gallery/dilution-of-sc-st-act/
gallery	https://www.dosje.gov.in/gallery/sc-to-lay-down-guidelines-to-protect-inter-caste-couples/
gallery	https://www.dosje.gov.in/gallery/sh-hardeep-singh-gill-honble-vice-chairperson-ncsk-met-dc-cp-ssp-and-municipal-commissioner-amritsar-on-06-03-2026/
gallery	https://www.dosje.gov.in/gallery/sh-hardeep-singh-gill-honble-vice-chairperson-ncsk-paid-obeisance-at-sri-harmandir-sahib-golden-temple-amritsar-on-05-03-2026/
gallery	https://www.dosje.gov.in/gallery/sh-hardeep-singh-gill-honble-vice-chairperson-ncsk-met-sh-dr-harshadeep-kamble-ps-sje-maharashtra-and-sh-satish-dagor-chairperson-state-commission-mh-on-02-03-2026/
gallery	https://www.dosje.gov.in/gallery/sh-karam-singh-karma-honble-member-ncsk-meeting-with-dc-keshavpuram-zone-mcd-and-officials-on-02-03-2026/
gallery	https://www.dosje.gov.in/gallery/amrit-udyan-visit-2023/
gallery	https://www.dosje.gov.in/gallery/program-at-delhi-university-29-08-2022/
gallery	https://www.dosje.gov.in/gallery/4th-national-council-for-transgender-persons-meeting/
gallery	https://www.dosje.gov.in/gallery/trans-employment-mela-2024/
gallery	https://www.dosje.gov.in/gallery/5th-national-council-for-transgender-persons-meeting/
gallery	https://www.dosje.gov.in/gallery/shri-hardeep-singh-gill-joined-the-ncsk-as-honble-member-on-23-02-2026/
gallery	https://www.dosje.gov.in/gallery/shri-karam-singh-karma-joined-the-ncsk-as-honble-member-on-23-02-2026/
gallery	https://www.dosje.gov.in/gallery/swachh-bharat-nathu-colony-chowk-mandoli-road-delhi-2/
gallery	https://www.dosje.gov.in/gallery/swachh-bharat-swachhta-abhiyan-at-nand-nagri-new-delhi/
gallery	https://www.dosje.gov.in/gallery/swachh-bharat-cleanliness-awareness-program-in-faridabad/
gallery	https://www.dosje.gov.in/gallery/swachh-bharat-nathu-colony-chowk-mandoli-road-delhi/
gallery	https://www.dosje.gov.in/gallery/swachh-bharat-nukkad-natak-during-swachhata-pakhwada/
gallery	https://www.dosje.gov.in/gallery/swachh-bharat-essay-competition-on-plastic-pollution/
gallery	https://www.dosje.gov.in/gallery/swasth-bharat-medical-camp-in-sikar-rajasthan/
gallery	https://www.dosje.gov.in/gallery/swasth-bharat-medical-camp-in-bharatpur-rajasthan/
gallery	https://www.dosje.gov.in/gallery/swasth-bharat-medical-camp-at-nathu-colony-nand-nagri-delhi/
gallery	https://www.dosje.gov.in/gallery/swasth-bharat-medical-camp-in-gandhinagar-gujarat/
gallery	https://www.dosje.gov.in/gallery/swasth-bharat-bishnoi-dharamshala-public-park-bikaner-rajasthan/
gallery	https://www.dosje.gov.in/gallery/swasth-bharat-medical-camp-at-nuh-mewat-haryana/
gallery	https://www.dosje.gov.in/gallery/bjrnf-gallery/
gallery	https://www.dosje.gov.in/gallery/yoga-day-21-06-2025/
gallery	https://www.dosje.gov.in/gallery/mahakumbh-2025/
gallery	https://www.dosje.gov.in/gallery/15th-august-2025/
gallery	https://www.dosje.gov.in/gallery/shilp-samagam-bengaluru-2025/
gallery	https://www.dosje.gov.in/gallery/2-years-achievement-function-at-scope-complex/
gallery	https://www.dosje.gov.in/gallery/birth-anniversary-of-dr-ambedkar/
gallery	https://www.dosje.gov.in/gallery/coin-release-125-birth-anniversary-of-dr-ambedkar/
gallery	https://www.dosje.gov.in/gallery/conference-of-state-ministers/
gallery	https://www.dosje.gov.in/gallery/dicci/
gallery	https://www.dosje.gov.in/gallery/dr-ambedkar-essay-competition-and-merit-award/
gallery	https://www.dosje.gov.in/gallery/drug-abuse/
gallery	https://www.dosje.gov.in/gallery/idop-2014/
gallery	https://www.dosje.gov.in/gallery/international-day-against-drug-abuse-2014/
gallery	https://www.dosje.gov.in/gallery/motor-driving-traning-completion-certificate/
gallery	https://www.dosje.gov.in/gallery/poa-act/
gallery	https://www.dosje.gov.in/gallery/press-conference-3-3-2016/
gallery	https://www.dosje.gov.in/gallery/regional-centre-drug-abuse-indore/
gallery	https://www.dosje.gov.in/gallery/cashless-guwahati-meeting-17-december-2016/
gallery	https://www.dosje.gov.in/gallery/general-body-governine-body-meeting-of-dr-ambedkar-foundation-20-december-2016/
gallery	https://www.dosje.gov.in/gallery/meeting-on-regional-meeting-with-states-uts-and-regional-resource-training-centres-rrtcss-8-december-2016/
gallery	https://www.dosje.gov.in/gallery/meeting-of-committe-to-review-implementation-of-the-protection-of-civil-rights-act-1955-and-the-scheduled-castes-and-the-scheduled-tribes/
gallery	https://www.dosje.gov.in/gallery/mou-signed-between-ministry-of-social-justice-empowerment-ministry-of-textiles-20th-february-2017/
gallery	https://www.dosje.gov.in/gallery/media-coverage/
gallery	https://www.dosje.gov.in/gallery/nbcfdc-kicked-off-the-swachta-pakhwada-2017/
gallery	https://www.dosje.gov.in/gallery/swachta-pakhwada-activity-on-17-06-2017-at-at-rajiv-gandhi-camp-of-chitra-vihar-east-delhi/
gallery	https://www.dosje.gov.in/gallery/swachchhta-pakhwada-at-amroha-by-nskfdc/
gallery	https://www.dosje.gov.in/gallery/nbcfdc-kicked-off-the-swachta-pakhwada-2017-shahpur-jaat/
gallery	https://www.dosje.gov.in/gallery/nsfdcs-cleanliness-drive-in-the-cluster-at-bolpur-in-west-bengal/
gallery	https://www.dosje.gov.in/gallery/nsfdcs-swachh-bharat-abhiyan-at-bolpur-in-west-bengal/
gallery	https://www.dosje.gov.in/gallery/vayoshreshtha-samman-2017/
gallery	https://www.dosje.gov.in/gallery/daic-inauguration/
gallery	https://www.dosje.gov.in/gallery/health-cum-awareness-camps-for-manual-scavengers-safai-karamcharis-in-agra-up/
gallery	https://www.dosje.gov.in/gallery/health-cum-awareness-camps-for-manual-scavengerssafai-karamcharis-at-bharatpur-rajasthan/
gallery	https://www.dosje.gov.in/gallery/health-cum-awareness-camps-for-manual-scavengerssafai-karamcharis-at-dausa-rajasthan/
gallery	https://www.dosje.gov.in/gallery/nskfdc-organized-health-cum-awareness-camps-for-manual-scavengerssafai-karamcharis-at-firozabad-up/
gallery	https://www.dosje.gov.in/gallery/danm-birth-anniversary/
gallery	https://www.dosje.gov.in/gallery/international-day-of-yoga-2024/
gallery	https://www.dosje.gov.in/gallery/kargil-vijay-diwas-2024/
gallery	https://www.dosje.gov.in/gallery/karmyogi-week-2024/
gallery	https://www.dosje.gov.in/gallery/75th-constitution-day/
gallery	https://www.dosje.gov.in/gallery/mahaparinirvan-diwas/
gallery	https://www.dosje.gov.in/gallery/republic-day-2025/
gallery	https://www.dosje.gov.in/gallery/expert-talk-gen-raj-shukla/
gallery	https://www.dosje.gov.in/gallery/bodh-gaya-dialogues/
gallery	https://www.dosje.gov.in/gallery/director-lecture-hansraj-college/
gallery	https://www.dosje.gov.in/gallery/director-lecture-gargi-college/
gallery	https://www.dosje.gov.in/gallery/swadeshi-gyan-abhiyan/
gallery	https://www.dosje.gov.in/gallery/plantation-day/
gallery	https://www.dosje.gov.in/gallery/polish-ambassadors-visit-to-daic/
gallery	https://www.dosje.gov.in/gallery/dr-korivi-lecture/
gallery	https://www.dosje.gov.in/gallery/seminar-on-indian-knowledge-system/
gallery	https://www.dosje.gov.in/gallery/50-years-of-emergency/
gallery	https://www.dosje.gov.in/gallery/chandalika-musical-dance-drama/
gallery	https://www.dosje.gov.in/gallery/kargil-diwas/
gallery	https://www.dosje.gov.in/gallery/nskfdc-organized-health-cum-awareness-camps-for-manual-scavengerssafai-karamcharis-at-jhalawar-rajasthan/
gallery	https://www.dosje.gov.in/gallery/independence-day-2025/
gallery	https://www.dosje.gov.in/gallery/half-day-workshops-in-municipalities-on-hazardous-cleaning-of-sewers-and-septic-tanks-in-babrala-dist-sambhal/
gallery	https://www.dosje.gov.in/gallery/half-day-workshops-in-municipalities-on-hazardous-cleaning-of-sewers-and-septic-tanks-in-sehaswan-dist-badaun/
gallery	https://www.dosje.gov.in/gallery/half-day-workshops-in-municipalities-on-hazardous-cleaning-of-sewers-and-septic-tanks-in-shahi-dist-bareilly/
gallery	https://www.dosje.gov.in/gallery/health-camp-at-tonk-rajasthan/
gallery	https://www.dosje.gov.in/gallery/health-camp-at-kannuaj-up/
gallery	https://www.dosje.gov.in/gallery/health-camp-at-fathepur-up/
gallery	https://www.dosje.gov.in/gallery/nskfdc-have-been-organized-health-cum-awareness-camps-for-manual-scavengers-gumla-jharkhand/
gallery	https://www.dosje.gov.in/gallery/nskfdc-health-awarenes-camp-akola-maharastra/
gallery	https://www.dosje.gov.in/gallery/nskfdc-health-awareness-camp-paschim-vardhamanwest-bengal/
gallery	https://www.dosje.gov.in/gallery/nskfdc-health-awareness-camp-udhamsingh-nagaruttrakhand/
gallery	https://www.dosje.gov.in/gallery/nskfdc-health-cum-awareness-camps-for-manual-scavengers-safai-karamcharis-in-ghazipur-uttar-pradesh/
gallery	https://www.dosje.gov.in/gallery/nasha-mukt-bharat-abhiyan/
gallery	https://www.dosje.gov.in/gallery/half-day-workshops-in-municipalities-on-hazardous-cleaning-of-sewers-and-septic-tanks-in-mandi-h-p/
gallery	https://www.dosje.gov.in/gallery/half-day-workshops-on-hazardous-cleaning-of-sewers-and-septic-tanks-in-ashoknagar-m-p/
gallery	https://www.dosje.gov.in/gallery/half-day-workshops-in-municipalities-on-hazardous-cleaning-of-sewers-and-septic-tanks-in-bhind-m-p/
gallery	https://www.dosje.gov.in/gallery/half-day-workshops-on-hazardous-cleaning-of-sewers-and-septic-tanks-in-bhiwani-haryana/
gallery	https://www.dosje.gov.in/gallery/half-day-workshops-in-municipalities-on-hazardous-cleaning-of-sewers-and-septic-tanks-in-datia-m-p/
gallery	https://www.dosje.gov.in/gallery/half-day-workshops-in-municipalities-on-hazardous-cleaning-of-sewers-and-septic-tanks-in-dewas-m-p/
gallery	https://www.dosje.gov.in/gallery/half-day-workshops-in-municipalities-on-hazardous-cleaning-of-sewers-and-septic-tanks-in-dhar-m-p/
gallery	https://www.dosje.gov.in/gallery/half-day-workshops-in-municipalities-on-hazardous-cleaning-of-sewers-and-septic-tanks-in-guna-m-p/
gallery	https://www.dosje.gov.in/gallery/half-day-workshops-on-hazardous-cleaning-of-sewers-and-septic-tanks-in-gwalior-m-p/
gallery	https://www.dosje.gov.in/gallery/half-day-workshops-in-municipalities-on-hazardous-cleaning-of-sewers-and-septic-tanks-in-indorem-p/
gallery	https://www.dosje.gov.in/gallery/half-day-workshops-in-municipalities-on-hazardous-cleaning-of-sewers-and-septic-tanks-in-jhabuam-p/
gallery	https://www.dosje.gov.in/gallery/half-day-workshops-on-hazardous-cleaning-of-sewers-and-septic-tanks-in-jhajjar-haryana/
gallery	https://www.dosje.gov.in/gallery/half-day-workshops-on-hazardous-cleaning-of-sewers-and-septic-tanks-in-morena-madhya-pradesh/
gallery	https://www.dosje.gov.in/gallery/half-day-workshops-on-hazardous-cleaning-of-sewers-and-septic-tanks-in-rajgarh-madhya-pradesh/
gallery	https://www.dosje.gov.in/gallery/half-day-workshops-on-hazardous-cleaning-of-sewers-and-septic-tanks-in-shajapur-m-p/
gallery	https://www.dosje.gov.in/gallery/half-day-workshops-on-hazardous-cleaning-of-sewers-and-septic-tanks-in-shivpuri-m-p/
gallery	https://www.dosje.gov.in/gallery/half-day-workshops-on-hazardous-cleaning-of-sewers-and-septic-tanks-in-ujjain-m-p/
gallery	https://www.dosje.gov.in/gallery/half-day-workshop-on-hazardous-cleaning-of-sewers-and-septic-tanks-in-bhuntar-h-p/
gallery	https://www.dosje.gov.in/gallery/half-day-workshop-on-hazardous-cleaning-of-sewers-and-septic-tanks-in-dharamshala-h-p/
gallery	https://www.dosje.gov.in/gallery/half-day-workshop-on-hazardous-cleaning-of-sewers-and-septic-tanks-in-haridwar-u-k/
gallery	https://www.dosje.gov.in/gallery/half-day-workshop-on-hazardous-cleaning-of-sewers-and-septic-tanks-in-kangra-h-p/
gallery	https://www.dosje.gov.in/gallery/half-day-workshop-on-hazardous-cleaning-of-sewers-and-septic-tanks-in-panchkula-haryana/
gallery	https://www.dosje.gov.in/gallery/half-day-workshop-on-hazardous-cleaning-of-sewers-and-septic-tanks-in-rishikesh-u-k/
gallery	https://www.dosje.gov.in/gallery/half-day-workshops-on-hazardous-cleaning-of-sewers-and-septic-tanks-in-bilaspur-h-p/
gallery	https://www.dosje.gov.in/gallery/half-day-workshop-on-hazardous-cleaning-of-sewers-and-septic-tanks-in-dalhousie-h-p/
gallery	https://www.dosje.gov.in/gallery/half-day-workshop-on-hazardous-cleaning-of-sewers-and-septic-tanks-in-harda-m-p/
gallery	https://www.dosje.gov.in/gallery/half-day-workshop-on-hazardous-cleaning-of-sewers-and-septic-tanks-in-khargone-m-p/
gallery	https://www.dosje.gov.in/gallery/half-day-workshop-on-hazardous-cleaning-of-sewers-and-septic-tanks-in-una-himachal-pradesh/
gallery	https://www.dosje.gov.in/gallery/half-day-workshop-on-hazardous-cleaning-of-sewers-and-septic-tanks-in-palampur-h-p/
gallery	https://www.dosje.gov.in/gallery/half-day-workshop-on-hazardous-cleaning-of-sewers-and-septic-tanks-in-khandwa-m-p/
gallery	https://www.dosje.gov.in/gallery/half-day-workshop-on-hazardous-cleaning-of-sewers-and-septic-tanks-in-barwani-m-p/
gallery	https://www.dosje.gov.in/gallery/half-day-workshop-on-hazardous-cleaning-of-sewers-and-septic-tanks-in-alirajpur-m-p/
gallery	https://www.dosje.gov.in/gallery/half-day-workshop-on-hazardous-cleaning-of-sewers-and-septic-tanks-in-bardhaman-west-bengal/
gallery	https://www.dosje.gov.in/gallery/half-day-workshop-on-hazardous-cleaning-of-sewers-and-septic-tanks-in-mumbai-maharashtra/
gallery	https://www.dosje.gov.in/gallery/half-day-workshop-on-hazardous-cleaning-of-sewers-and-septic-tanks-in-ratnagiri-maharashtra/
gallery	https://www.dosje.gov.in/gallery/half-day-workshop-on-hazardous-cleaning-of-sewers-and-seotic-tanks-in-kolhapur-maharashtra/
gallery	https://www.dosje.gov.in/gallery/half-day-workshop-on-hazardous-cleaning-of-sewers-and-septic-tanks-in-satara-maharashtra/
gallery	https://www.dosje.gov.in/gallery/half-day-workshop-on-hazardous-cleaning-of-sewers-and-septic-tanks-in-nashik-maharashtra/
gallery	https://www.dosje.gov.in/gallery/half-day-workshop-on-hazardous-cleaning-of-sewers-and-septic-tanks-in-panvel-maharashtra/
gallery	https://www.dosje.gov.in/gallery/half-day-workshop-on-hazardous-cleaning-of-sewers-and-septic-tanks-in-lonavala-maharashtra/
gallery	https://www.dosje.gov.in/gallery/half-day-workshop-on-hazardous-cleaning-of-sewers-and-septic-tanks-in-ulhas-nagar-maharashtra/
gallery	https://www.dosje.gov.in/gallery/half-day-workshop-on-hazardous-cleaning-of-sewers-and-septic-tanks-in-baramati-maharashtra/
gallery	https://www.dosje.gov.in/gallery/half-day-workshop-on-hazardous-cleaning-of-sewers-and-septic-tanks-in-kagal-maharashtra/
gallery	https://www.dosje.gov.in/gallery/half-day-workshop-on-hazardous-cleaning-of-sewers-and-septic-tanks-in-narsinghpur-madhya-pradesh/
gallery	https://www.dosje.gov.in/gallery/half-day-workshop-on-hazardous-cleaning-of-sewers-and-septic-tanks-in-agra-uttar-pradesh/
gallery	https://www.dosje.gov.in/gallery/half-day-workshop-on-hazardous-cleaning-of-sewers-and-septic-tanks-in-nandurbar-maharashtra/
gallery	https://www.dosje.gov.in/gallery/half-day-workshop-on-hazardous-cleaning-of-sewers-and-septic-tanks-at-goalpara-assam/
gallery	https://www.dosje.gov.in/gallery/half-day-workshop-on-hazardous-cleaning-of-sewers-and-septic-tanks-at-doda-jk/
gallery	https://www.dosje.gov.in/gallery/half-day-workshop-on-hazardous-cleaning-of-sewers-and-septic-tanks-at-chalisgaon-maharashtra/
gallery	https://www.dosje.gov.in/gallery/half-day-workshop-on-hazardous-cleaning-of-sewers-and-septic-tanks-at-malegaon-maharashtra/
gallery	https://www.dosje.gov.in/gallery/half-day-workshop-on-hazardous-cleaning-of-sewers-and-septic-tanks-at-ramban-jk/
gallery	https://www.dosje.gov.in/gallery/half-day-workshop-on-hazardous-cleaning-of-sewers-and-septic-tanks-at-darbhanga-bihar/
gallery	https://www.dosje.gov.in/gallery/half-day-workshop-on-hazardous-cleaning-of-sewers-and-septic-tanks-at-beed-maharashtra/
gallery	https://www.dosje.gov.in/gallery/half-day-workshop-on-hazardous-cleaning-of-sewers-and-septic-tanks-at-malegaon-maharashtra-batch-2/
gallery	https://www.dosje.gov.in/gallery/half-day-workshop-on-hazardous-cleaning-of-sewers-and-septic-tanks-at-bhojpur-bihar/
gallery	https://www.dosje.gov.in/gallery/half-day-workshop-on-hazardous-cleaning-of-sewers-and-septic-tanks-at-akot-maharashtra/
gallery	https://www.dosje.gov.in/gallery/half-day-workshop-on-hazardous-cleaning-of-sewers-and-septic-tanks-at-buldhana-maharashtra/
gallery	https://www.dosje.gov.in/gallery/half-day-workshop-on-hazardous-cleaning-of-sewers-and-septic-tanks-at-dhule-maharashtra/
gallery	https://www.dosje.gov.in/gallery/half-day-workshop-on-hazardous-cleaning-of-sewers-and-septic-tanks-at-nagpur-maharashtra/
gallery	https://www.dosje.gov.in/gallery/half-day-workshop-on-hazardous-cleaning-of-sewers-and-septic-tanks-at-jalna-maharashtra/
gallery	https://www.dosje.gov.in/gallery/namo-bharat-dialogues/
gallery	https://www.dosje.gov.in/gallery/half-day-workshop-on-hazardous-cleaning-of-sewers-and-septic-tanks-at-guwahati-assam/
gallery	https://www.dosje.gov.in/gallery/half-day-workshop-on-hazardous-cleaning-of-sewers-and-septic-tanks-at-telhara-maharashtra/
gallery	https://www.dosje.gov.in/gallery/half-day-workshop-on-hazardous-cleaning-of-sewers-and-septic-tanks-at-tinsukia-assam/
gallery	https://www.dosje.gov.in/gallery/half-day-workshop-on-hazardous-cleaning-of-sewers-and-septic-tanks-at-supaul-bihar/
gallery	https://www.dosje.gov.in/gallery/half-day-workshop-on-hazardous-cleaning-of-sewers-and-septic-tanks-at-latur-maharashtra/
gallery	https://www.dosje.gov.in/gallery/photos-for-bjrnf/
gallery	https://www.dosje.gov.in/gallery/babuji/
gallery	https://www.dosje.gov.in/gallery/half-day-workshop-on-hazardous-cleaning-of-sewers-and-septic-tanks-at-biswanath-assam/
gallery	https://www.dosje.gov.in/gallery/half-day-workshop-on-hazardous-cleaning-of-sewers-and-septic-tanks-at-muzaffarpur-bihar/
gallery	https://www.dosje.gov.in/gallery/half-day-workshop-on-hazardous-cleaning-of-sewers-and-septic-tanks-at-mushalpur-assam/
gallery	https://www.dosje.gov.in/gallery/half-day-workshop-on-hazardous-cleaning-of-sewers-and-septic-tanks-at-barpeta-assam/
gallery	https://www.dosje.gov.in/gallery/half-day-workshop-on-hazardous-cleaning-of-sewers-and-septic-tanks-at-golaghat-assam/
gallery	https://www.dosje.gov.in/gallery/half-day-workshop-on-hazardous-cleaning-of-sewers-and-septic-tanks-at-north-lakhimpur-assam/
gallery	https://www.dosje.gov.in/gallery/half-day-workshop-on-hazardous-cleaning-of-sewers-and-septic-tanks-at-rajouri-jk/
gallery	https://www.dosje.gov.in/gallery/half-day-workshop-on-hazardous-cleaning-of-sewers-and-septic-tanks-at-leh-ladakh/
gallery	https://www.dosje.gov.in/gallery/half-day-workshop-on-hazardous-cleaning-of-sewers-and-septic-tanks-at-shrirampur-maharashtra/
gallery	https://www.dosje.gov.in/gallery/half-day-workshop-on-hazardous-cleaning-of-sewers-and-septic-tanks-at-alibag-maharashtra/
gallery	https://www.dosje.gov.in/gallery/half-day-workshop-on-hazardous-cleaning-of-sewers-and-septic-tanks-in-mahad-maharashtra/
gallery	https://www.dosje.gov.in/gallery/the-senior-citizen-division-of-nisd-in-collaboration-with-the-vivekananda-institute-of-values-viva-ramakrishna-mission-gurugram-hosted-a-one-day-meditation-and-spiritual-workshop/
gallery	https://www.dosje.gov.in/gallery/award-ceremony/
gallery	https://www.dosje.gov.in/gallery/certificate/
gallery	https://www.dosje.gov.in/gallery/award/
gallery	https://www.dosje.gov.in/gallery/birth-anniversary-of-babuji-on-05-04-2017/
gallery	https://www.dosje.gov.in/gallery/death-anniversary-of-babuji-on-06-07-2017/
gallery	https://www.dosje.gov.in/gallery/babu-jagjivan-ram/
gallery	https://www.dosje.gov.in/gallery/journey-of-life-continues-let-not-ageing-get-you-down/
gallery	https://www.dosje.gov.in/gallery/comprehensive-rehabilitation-of-persons-engaged-in-the-act-of-begging/
gallery	https://www.dosje.gov.in/gallery/transgender-persons-protection-of-rights-act-2019-and-rules-2020/
gallery	https://www.dosje.gov.in/gallery/no-one-is-too-old-to-work/
gallery	https://www.dosje.gov.in/gallery/half-day-workshop-on-hazardous-cleaning-of-sewers-and-septic-tanks-in-parbhani-maharashtra/
gallery	https://www.dosje.gov.in/gallery/dr-virender-kumar-honble-ministersje-alongwith-secretary-sje-has-visited-nskfdc-stall-at-chintan-shivar-dehradun-uttrakhand/
gallery	https://www.dosje.gov.in/gallery/dr-virendra-kumar-honble-minister-of-social-justice-and-empowerment-distributed-ppe-kits-and-ayushman-cards-to-sanitation-workers-profiled-under-pune-municipal-corporation/
gallery	https://www.dosje.gov.in/gallery/dr-virendra-kumar-honble-minister-mosje-goi-handed-over-ersu-safety-kit-to-ms-preeti-yadav-commissioner-jabalpur-mc/
gallery	https://www.dosje.gov.in/gallery/honble-minister-for-social-justice-empowerment-dr-virender-kumar-visited-jammu-in-connection-with-implementation-of-schemes-of-mosje-under-the-flagship-scheme-of-namaste/
gallery	https://www.dosje.gov.in/gallery/%e0%a4%ae%e0%a4%b9%e0%a4%be%e0%a4%95%e0%a5%81%e0%a4%82%e0%a4%ad-2025-%e0%a4%ae%e0%a5%87%e0%a4%82-%e0%a4%95%e0%a5%87%e0%a4%82%e0%a4%a6%e0%a5%8d%e0%a4%b0%e0%a5%80%e0%a4%af-%e0%a4%b8%e0%a4%be%e0%a4%ae/
gallery	https://www.dosje.gov.in/gallery/a-programme-was-held-on-20-02-25-at-anna-bhau-sathe-natyagriha-byculla-mumbai-in-the-august-presence-of-dr-virendra-kumar-ji-honble-minister-of-social-justice-and-empowerment-government/
gallery	https://www.dosje.gov.in/gallery/union-minister-of-state-for-social-justice-empowerment-shri-b-l-verma-presides-over-special-programme-focused-on-namaste-yojana-to-honour-sanitation-workers-in-bareilly/
gallery	https://www.dosje.gov.in/gallery/dr-virendra-kumar-honble-union-minister-of-social-justice-empowerment-govt-of-india-inaugurated-mechanized-cleaning-vehicle/
gallery	https://www.dosje.gov.in/gallery/union-minister-of-state-for-social-justice-empowerment-shri-b-l-verma-presides-over-special-programme-focused-on-namaste-yojana-to-honour-sanitation-workers-in-budaun-up/
gallery	https://www.dosje.gov.in/gallery/meeting-organised-with-state-channelizing-agencies-of-nskfdc-new-delhi/
gallery	https://www.dosje.gov.in/gallery/video-gallery/
gallery	https://www.dosje.gov.in/gallery/all-india-speakers-conference-visit-to-danm/
gallery	https://www.dosje.gov.in/gallery/dwbdnc-news-coverage/
gallery	https://www.dosje.gov.in/gallery/expert-talk-by-shri-shantanu-mukharji/
gallery	https://www.dosje.gov.in/gallery/celebration-of-dr-b-r-ambedkars-135th-birth-anniversary-14th-april-2025/
gallery	https://www.dosje.gov.in/gallery/review-meeting-at-akashvani-bhawan-23rd-may-2025/
gallery	https://www.dosje.gov.in/gallery/review-meeting-with-the-indian-oil-corporation-limited-iocl-at-new-delhi-6th-august-2025/
gallery	https://www.dosje.gov.in/gallery/state-level-review-meeting-of-ncsc-in-rajasthan-on-19-20-august-2025/
gallery	https://www.dosje.gov.in/gallery/ncsc-submitted-its-annual-report-for-2023-24-to-honble-president-of-india-smt-droupadi-murmu-at-rashtrapati-bhavan-8th-july-2025/
gallery	https://www.dosje.gov.in/gallery/review-meeting-at-state-bank-of-india-mumbai-24th-june-2025/
gallery	https://www.dosje.gov.in/gallery/review-meeting-at-iit-delhi-26th-may-2025/
gallery	https://www.dosje.gov.in/gallery/celebrating-150-years-of-vande-mataram-at-ncsc-headquarters-7th-november-2025/
gallery	https://www.dosje.gov.in/gallery/the-indian-futures-namo-bharat-dialogues/
gallery	https://www.dosje.gov.in/gallery/book-launch-the-voyage-of-indian-constitution-ideas-issues-institutions-and-impact/
gallery	https://www.dosje.gov.in/gallery/panel-discussion-geopolitical-churning-technological-disruptions-and-modern-warfare/
gallery	https://www.dosje.gov.in/gallery/prof-dr-n-r-madhava-menon-lecture-on-legal-and-justice-education-2047/
gallery	https://www.dosje.gov.in/gallery/run-for-unity-on-the-occasion-of-rashtriya-ekta-diwas/
official	https://www.dosje.gov.in/official/shri-shailendra-kumar/
official	https://www.dosje.gov.in/official/dr-swati-s-mishra/
official	https://www.dosje.gov.in/official/sajeesh-kumar-n/
official	https://www.dosje.gov.in/official/gaurav-singh-rajawat/
official	https://www.dosje.gov.in/official/vacantpa-to-member1/
official	https://www.dosje.gov.in/official/smt-sushma-gautam/
official	https://www.dosje.gov.in/official/shri-karam-singh-karma/
official	https://www.dosje.gov.in/official/shri-abhishek-nath/
official	https://www.dosje.gov.in/official/shri-hardeep-singh-gill/
official	https://www.dosje.gov.in/official/shri-karam-singh-karma-2/
official	https://www.dosje.gov.in/official/shri-hardeep-singh-gill-2/
official	https://www.dosje.gov.in/official/vacant-cp/
official	https://www.dosje.gov.in/official/mahesh-kumar-meena/
official	https://www.dosje.gov.in/official/rajeev-kumar-2/
official	https://www.dosje.gov.in/official/sonali-dutta/
official	https://www.dosje.gov.in/official/rachna/
official	https://www.dosje.gov.in/official/amit-phogat/
official	https://www.dosje.gov.in/official/dr-virendra-kumar-hmsje/
official	https://www.dosje.gov.in/official/a-f-williem/
official	https://www.dosje.gov.in/official/dr-virendra-kumar-3/
official	https://www.dosje.gov.in/official/shri-parveen-kumar-thind-2/
official	https://www.dosje.gov.in/official/smt-swati-kumar-2/
official	https://www.dosje.gov.in/official/shailendra-kumar/
official	https://www.dosje.gov.in/official/monika/
official	https://www.dosje.gov.in/official/shri-v-appa-rao-3/
official	https://www.dosje.gov.in/official/shri-vinesh-pachnanda-2/
official	https://www.dosje.gov.in/official/joint-secretary-scd/
official	https://www.dosje.gov.in/official/gouri-shankar-jha/
official	https://www.dosje.gov.in/official/kumar-nityanand-2/
official	https://www.dosje.gov.in/official/dr-virendra-kumar-9/
official	https://www.dosje.gov.in/official/dr-aditi-narayani-paswan-2/
official	https://www.dosje.gov.in/official/akash-patil/
official	https://www.dosje.gov.in/official/mr-aditya-sharma/
official	https://www.dosje.gov.in/official/ms-sukla-sikder/
official	https://www.dosje.gov.in/official/adv-shruti-sakral/
official	https://www.dosje.gov.in/official/shri-ramdas-athawale-4/
official	https://www.dosje.gov.in/official/sanjeev-verma-2/
official	https://www.dosje.gov.in/official/sanjeev-verma/
official	https://www.dosje.gov.in/official/sanket-agarwal-irs/
official	https://www.dosje.gov.in/official/shri-b-l-verma-3/
official	https://www.dosje.gov.in/official/p-venkataramani/
official	https://www.dosje.gov.in/official/naresh-kumar-gautam/
official	https://www.dosje.gov.in/official/monali-p-dhakate/
official	https://www.dosje.gov.in/official/smt-sunita-gandhi/
official	https://www.dosje.gov.in/official/dr-h-c-sridhara-channakeshava-ranga-reddy-2/
official	https://www.dosje.gov.in/official/subrata-halder-2/
official	https://www.dosje.gov.in/official/shri-bhim-prakash/
official	https://www.dosje.gov.in/official/shri-manoj-tiwari-2/
official	https://www.dosje.gov.in/official/smt-mona-k-khandhar/
official	https://www.dosje.gov.in/official/shri-b-l-verma-2/
official	https://www.dosje.gov.in/official/shri-ramdas-athawale-2/
official	https://www.dosje.gov.in/official/shri-dr-virendra-kumar/
official	https://www.dosje.gov.in/official/shri-ramdas-athawale-5-2/
official	https://www.dosje.gov.in/official/shri-b-l-verma-5-2/
official	https://www.dosje.gov.in/official/sh-harish-b-sheatty/
official	https://www.dosje.gov.in/official/shri-sudhansh-pant-ias-2/
official	https://www.dosje.gov.in/official/sh-amit-singh/
official	https://www.dosje.gov.in/official/sh-vivek-chaturvedi/
official	https://www.dosje.gov.in/official/sh-ajit-tewatia/
official	https://www.dosje.gov.in/official/sh-sukhwinder-singh-bindra/
official	https://www.dosje.gov.in/official/dr-chakingal-prasad/
official	https://www.dosje.gov.in/official/sh-amresh-bahadur-pal/
official	https://www.dosje.gov.in/official/sh-subrata-haldar/
official	https://www.dosje.gov.in/official/sh-gaurav-singh-rajawat-ias/
official	https://www.dosje.gov.in/official/shri-sudhanshu-kumar-pandey-2/
official	https://www.dosje.gov.in/official/r-k-soni/
official	https://www.dosje.gov.in/official/vinesh-pachnanda/
official	https://www.dosje.gov.in/official/sudhanshu-kumar-pandey-2/
official	https://www.dosje.gov.in/official/narendra-vashista/
official	https://www.dosje.gov.in/official/praveen-sharma/
official	https://www.dosje.gov.in/official/sumit-kumar/
official	https://www.dosje.gov.in/official/vicky-vikash-sinha/
official	https://www.dosje.gov.in/official/arun-kumar-karn/
official	https://www.dosje.gov.in/official/imtiyaz-ahmad-kamal/
official	https://www.dosje.gov.in/official/gottimukkala-vijay-kumar/
official	https://www.dosje.gov.in/official/awdhesh-kumar-mehta/
official	https://www.dosje.gov.in/official/shubham-bhardwaj/
official	https://www.dosje.gov.in/official/sunil-kumar-bhatia-2/
official	https://www.dosje.gov.in/official/sanjay-singh/
official	https://www.dosje.gov.in/official/shameem-alam/
official	https://www.dosje.gov.in/official/rajeev-kumar/
official	https://www.dosje.gov.in/official/vipin-kumar-chandra/
official	https://www.dosje.gov.in/official/manoj-tiwari/
official	https://www.dosje.gov.in/official/anil-kumar-vinayak-patil-copy/
official	https://www.dosje.gov.in/official/shri-b-l-verma-4/
official	https://www.dosje.gov.in/official/dr-virendra-kumar-6/
official	https://www.dosje.gov.in/official/sandeep-rewaji-rathod/
official	https://www.dosje.gov.in/official/ankita-jangir/
official	https://www.dosje.gov.in/official/nishant-pandey/
official	https://www.dosje.gov.in/official/manoj-kumar-singh/
official	https://www.dosje.gov.in/official/gopal-rathore/
official	https://www.dosje.gov.in/official/ramakanwar-3/
official	https://www.dosje.gov.in/official/abhishek-sahgal/
official	https://www.dosje.gov.in/official/navneet-kumar-copy/
official	https://www.dosje.gov.in/official/anuj-rathi/
official	https://www.dosje.gov.in/official/snehil-vishwakarma/
official	https://www.dosje.gov.in/official/ramakanwar-2/
official	https://www.dosje.gov.in/official/vikas-bahadur/
official	https://www.dosje.gov.in/official/pawan-kumar-bhati/
official	https://www.dosje.gov.in/official/mahesh-chandra/
official	https://www.dosje.gov.in/official/priyanka-tomer/
official	https://www.dosje.gov.in/official/sadhvi-niranjan-jyoti/
official	https://www.dosje.gov.in/official/sanjay-yadav/
official	https://www.dosje.gov.in/official/chandra-prakash-meena/
official	https://www.dosje.gov.in/official/mandeep/
official	https://www.dosje.gov.in/official/bhupal-nanda/
official	https://www.dosje.gov.in/official/anuj-kumar/
official	https://www.dosje.gov.in/official/avijit-sharma/
official	https://www.dosje.gov.in/official/swati/
official	https://www.dosje.gov.in/official/amit/
official	https://www.dosje.gov.in/official/ramakanwar/
official	https://www.dosje.gov.in/official/shakil-ahmed/
official	https://www.dosje.gov.in/official/sunil-yadav/
official	https://www.dosje.gov.in/official/ashutosh-kothari/
official	https://www.dosje.gov.in/official/siddharth/
official	https://www.dosje.gov.in/official/abhishek/
official	https://www.dosje.gov.in/official/surya-pratap-singh/
official	https://www.dosje.gov.in/official/bhardwaj-yukti-narender/
official	https://www.dosje.gov.in/official/punit-malhotra-2/
official	https://www.dosje.gov.in/official/punit-malhotra/
official	https://www.dosje.gov.in/official/raj-kishore-rai/
official	https://www.dosje.gov.in/official/snehil-vishwakarma-copy/
official	https://www.dosje.gov.in/official/vikas-bahadur-2/
official	https://www.dosje.gov.in/official/sunil-yadav-2/
official	https://www.dosje.gov.in/official/dr-partha-biswas/
official	https://www.dosje.gov.in/official/mandeep-2/
official	https://www.dosje.gov.in/official/rajesh-kumar-2/
official	https://www.dosje.gov.in/official/manaswani-tyagi/
official	https://www.dosje.gov.in/official/sh-gravit-nagpal/
official	https://www.dosje.gov.in/official/shri-prabhat-tyagi/
official	https://www.dosje.gov.in/official/sh-manjeet-singh-chhatwal/
official	https://www.dosje.gov.in/official/sh-rajnish-govind/
official	https://www.dosje.gov.in/official/sh-t-satish/
official	https://www.dosje.gov.in/official/sh-amit-bhatia/
official	https://www.dosje.gov.in/official/dr-vijaykumar-rambhau-salkute/
official	https://www.dosje.gov.in/official/sh-varun-sharma/
official	https://www.dosje.gov.in/official/smt-archana-mehra/
official	https://www.dosje.gov.in/official/smt-suman-yadav/
official	https://www.dosje.gov.in/official/sh-neeraj-maheshwari/
official	https://www.dosje.gov.in/official/smt-rajni-mongia/
official	https://www.dosje.gov.in/official/smt-sarita-singh/
official	https://www.dosje.gov.in/official/sh-dhanpat-singh/
official	https://www.dosje.gov.in/official/sh-gulshan-pahadia/
official	https://www.dosje.gov.in/official/sh-mahesh-chand/
official	https://www.dosje.gov.in/official/sh-ajay-kumar-singh/
official	https://www.dosje.gov.in/official/sh-c-ramesh-rao/
official	https://www.dosje.gov.in/official/sh-david-hrangate/
official	https://www.dosje.gov.in/official/sh-ratikanta-jena/
official	https://www.dosje.gov.in/official/smt-annu-bhogal/
official	https://www.dosje.gov.in/official/sh-sapan-barua/
official	https://www.dosje.gov.in/official/mona-k-khandhar/
official	https://www.dosje.gov.in/official/mahender-singh/
official	https://www.dosje.gov.in/official/sunil-kumar-bhatia/
official	https://www.dosje.gov.in/official/shri-sudhansh-pant-2/
official	https://www.dosje.gov.in/official/parveen-kumar-thind/
official	https://www.dosje.gov.in/official/shailendra-kumar-2/
official	https://www.dosje.gov.in/official/sushant-shukla/
official	https://www.dosje.gov.in/official/dr-virendra-kumar-2/
official	https://www.dosje.gov.in/official/shri-sudhir-hilsayan/
official	https://www.dosje.gov.in/official/shri-r-k-tripathy/
official	https://www.dosje.gov.in/official/shri-prashant-kumar-poddar/
official	https://www.dosje.gov.in/official/shri-tanpravesh/
official	https://www.dosje.gov.in/official/astik-kumar-pandey/
official	https://www.dosje.gov.in/official/k-venkatraman/
official	https://www.dosje.gov.in/official/pratima-gupta/
official	https://www.dosje.gov.in/official/shri-b-l-verma/
official	https://www.dosje.gov.in/official/shri-ramdas-athawale/
official	https://www.dosje.gov.in/official/dr-virendra-kumar/
official	https://www.dosje.gov.in/official/navneet-kumar/
official	https://www.dosje.gov.in/official/rajender-singh/
official	https://www.dosje.gov.in/official/lokesh-kumar-meena/
official	https://www.dosje.gov.in/official/atul-barswal/
official	https://www.dosje.gov.in/official/vinod-kumar-saini/
official	https://www.dosje.gov.in/official/prashant-tyagi/
official	https://www.dosje.gov.in/official/sanjeev/
official	https://www.dosje.gov.in/official/brijesh-kumar-sharma/
official	https://www.dosje.gov.in/official/anuj-kumar-2/
official	https://www.dosje.gov.in/official/rahees-m/
official	https://www.dosje.gov.in/official/amresh-bahadur-pal/
official	https://www.dosje.gov.in/official/devendra-prasad/
official	https://www.dosje.gov.in/official/subrata-halder/
official	https://www.dosje.gov.in/official/mahender-singh/
official	https://www.dosje.gov.in/official/sudhanshu-kumar-pandey/
official	https://www.dosje.gov.in/official/anand-kishore-shrivastava/
official	https://www.dosje.gov.in/official/vijender-kumar/
official	https://www.dosje.gov.in/official/sewak-paul/
official	https://www.dosje.gov.in/official/bharati-gusain/
official	https://www.dosje.gov.in/official/p-babu/
official	https://www.dosje.gov.in/official/deepshikha-yadav/
official	https://www.dosje.gov.in/official/shaswat-yadav/
official	https://www.dosje.gov.in/official/ashish-yadav/
official	https://www.dosje.gov.in/official/nishika/
official	https://www.dosje.gov.in/official/rashmi-kartik/
official	https://www.dosje.gov.in/official/raj-kumar/
official	https://www.dosje.gov.in/official/debolina-thakur-2/
official	https://www.dosje.gov.in/official/anjali-singh-2/
official	https://www.dosje.gov.in/official/mona-k-khandhar-ias-2/
official	https://www.dosje.gov.in/official/subramanya-2/
official	https://www.dosje.gov.in/official/rajeev-kumar-cls/
official	https://www.dosje.gov.in/official/bharat/
official	https://www.dosje.gov.in/official/rajeev-kumar-cls/
official	https://www.dosje.gov.in/official/bharat/
official	https://www.dosje.gov.in/official/dr-virendra-kumar-7/
official	https://www.dosje.gov.in/official/jatin-chopra-irts/
official	https://www.dosje.gov.in/official/prabhat-kumar-tripathy/
official	https://www.dosje.gov.in/official/yogesh-kumar-tripathi/
official	https://www.dosje.gov.in/official/karamveer-yadav/
official	https://www.dosje.gov.in/official/rajeev-agarwal/
official	https://www.dosje.gov.in/official/shri-ramdas-athawale-3/
official	https://www.dosje.gov.in/official/pravin-more/
official	https://www.dosje.gov.in/official/sudhansh-pant-ias/
official	https://www.dosje.gov.in/official/rahul-limaye/
official	https://www.dosje.gov.in/official/subramanya/
official	https://www.dosje.gov.in/official/mona-k-khandhar-ias/
official	https://www.dosje.gov.in/official/anjali-singh/
official	https://www.dosje.gov.in/official/debolina-thakur/
official	https://www.dosje.gov.in/official/vinod-sharma/
official	https://www.dosje.gov.in/official/yogita-swaroop/
official	https://www.dosje.gov.in/official/amardip-kaur/
official	https://www.dosje.gov.in/official/amod-kumar-pranav/
official	https://www.dosje.gov.in/official/sanjay-chilwarwar/
official	https://www.dosje.gov.in/official/meenakshi-bajpai/
official	https://www.dosje.gov.in/official/rajendra-kumar/
official	https://www.dosje.gov.in/official/kajal-singh/
official	https://www.dosje.gov.in/official/rita-dhiman/
official	https://www.dosje.gov.in/official/narender-singh/
official	https://www.dosje.gov.in/official/anju-arora/
official	https://www.dosje.gov.in/official/chirag-rajoria/
official	https://www.dosje.gov.in/official/abhijit-roy/
official	https://www.dosje.gov.in/official/sunita-kumari/
official	https://www.dosje.gov.in/official/madhu-sinha/
official	https://www.dosje.gov.in/official/awadhesh-kumar-ojha/
official	https://www.dosje.gov.in/official/madan-lal/
official	https://www.dosje.gov.in/official/savitri-gupta/
official	https://www.dosje.gov.in/official/manjeet-kumar/
official	https://www.dosje.gov.in/official/dr-rajesh-kumar-mishra/
official	https://www.dosje.gov.in/official/bhupinder-pathak/
official	https://www.dosje.gov.in/official/jyoti/
official	https://www.dosje.gov.in/official/akash-patil-2/
official	https://www.dosje.gov.in/official/anil-kumar-vinayak-patil/
official	https://www.dosje.gov.in/official/anuj-kumar-3/
official	https://www.dosje.gov.in/official/ashok-kumar/
official	https://www.dosje.gov.in/official/rahees-m-2/
official	https://www.dosje.gov.in/official/shri-rahul-kashyap/
official	https://www.dosje.gov.in/official/shri-shailendra-kumar-3/
official	https://www.dosje.gov.in/official/shri-bhupinder-pathakdeputy-director-general-it91-11-24360791hod-sjeatnic-in/
official	https://www.dosje.gov.in/official/shri-deepak-khoda/
official	https://www.dosje.gov.in/official/shri-anuj-kumar-2/
official	https://www.dosje.gov.in/official/shri-sudhanshu-kumar-pandey/
official	https://www.dosje.gov.in/official/shri-sudhansh-pant-2/
official	https://www.dosje.gov.in/official/test/
official	https://www.dosje.gov.in/official/meenakshi-bajpai-copy/
official	https://www.dosje.gov.in/official/sanjay-chilwarwar-copy/
official	https://www.dosje.gov.in/official/ashish-yadav-copy/
official	https://www.dosje.gov.in/official/shri-raj-kapil/
official	https://www.dosje.gov.in/official/shri-ankush-chugh/
official	https://www.dosje.gov.in/official/dr-virendra-kumar-8/
official	https://www.dosje.gov.in/official/vacant-ps-to-vs/
official	https://www.dosje.gov.in/official/vacant-sgc/
official	https://www.dosje.gov.in/official/vacant-pps/
official	https://www.dosje.gov.in/official/shri-ramdas-athawale-5/
official	https://www.dosje.gov.in/official/dr-virendra-kumar-7/
official	https://www.dosje.gov.in/official/shri-vinesh-pachnanda/
official	https://www.dosje.gov.in/official/smt-pratima-gupta/
official	https://www.dosje.gov.in/official/shri-natarajan-ramachandran/
official	https://www.dosje.gov.in/official/shri-suresh-kumar/
official	https://www.dosje.gov.in/official/rajesh-kumar/
official	https://www.dosje.gov.in/official/shri-parthajyoti-gogoi/
official	https://www.dosje.gov.in/official/k-jayalekshmy/
official	https://www.dosje.gov.in/official/chidambaranadh-k-v/
official	https://www.dosje.gov.in/official/g-dhanya/
official	https://www.dosje.gov.in/official/m-sudarsanan/
official	https://www.dosje.gov.in/official/dr-g-sunil-kumar-babu-3/
official	https://www.dosje.gov.in/official/sanjay-kumar-rawani/
official	https://www.dosje.gov.in/official/mohit-kumar/
official	https://www.dosje.gov.in/official/shri-rajeev-kumar/
official	https://www.dosje.gov.in/official/gaurav-kumar-sharma/
official	https://www.dosje.gov.in/official/nikhil-srivastava/
official	https://www.dosje.gov.in/official/dr-g-sunil-kumar-babu-2/
official	https://www.dosje.gov.in/official/shiv-shankar/
official	https://www.dosje.gov.in/official/sarika-bhargava/
official	https://www.dosje.gov.in/official/bikram-bharat-raj-singh/
official	https://www.dosje.gov.in/official/shantanu-verma/
official	https://www.dosje.gov.in/official/gireesh-kumar-rathore/
official	https://www.dosje.gov.in/official/shri-uttam-prakash/
official	https://www.dosje.gov.in/official/ramesh-kumar/
official	https://www.dosje.gov.in/official/shubham-dutta/
official	https://www.dosje.gov.in/official/sandeepan-ghosh/
official	https://www.dosje.gov.in/official/puloma-basu/
official	https://www.dosje.gov.in/official/sonali-dutta-3/
official	https://www.dosje.gov.in/official/rongali-raghu/
official	https://www.dosje.gov.in/official/d-vara-prasad/
official	https://www.dosje.gov.in/official/chokkam-naveen-kumar/
official	https://www.dosje.gov.in/official/g-sunil-kumar-babu/
official	https://www.dosje.gov.in/official/bipul-kumar-nath/
official	https://www.dosje.gov.in/official/niraja-kalita/
official	https://www.dosje.gov.in/official/sonali-dutta-2/
official	https://www.dosje.gov.in/official/madan-debsharma/
official	https://www.dosje.gov.in/official/s-lister/
official	https://www.dosje.gov.in/official/natarajan-suresh/
official	https://www.dosje.gov.in/official/sathu-ravivarman/
official	https://www.dosje.gov.in/official/vijay-kumar/
official	https://www.dosje.gov.in/official/pradyumn-gupta/
official	https://www.dosje.gov.in/official/praveen-chandra-diyundi/
official	https://www.dosje.gov.in/official/parminder-singh/
official	https://www.dosje.gov.in/official/balraj-kalaimathi/
official	https://www.dosje.gov.in/official/ritika/
official	https://www.dosje.gov.in/official/dr-g-sunil-kumar-babu/
official	https://www.dosje.gov.in/official/shri-gagan-kumar-meena/
official	https://www.dosje.gov.in/official/shri-sidharth-mishrasr/
official	https://www.dosje.gov.in/official/anuradha-dusane/
official	https://www.dosje.gov.in/official/support-for-e-gmp-portal/
official	https://www.dosje.gov.in/official/toll-free-number/
official	https://www.dosje.gov.in/official/facilitation-center/
official	https://www.dosje.gov.in/official/shri-sandeep-yadav/
official	https://www.dosje.gov.in/official/shri-sumit-kumar-3/
official	https://www.dosje.gov.in/official/shri-khairati-lal-meena/
official	https://www.dosje.gov.in/official/shri-kamaljeet-lower-division-clerk/
official	https://www.dosje.gov.in/official/smt-sonali-ghosh/
official	https://www.dosje.gov.in/official/shri-prabhat-mohan-thakur/
official	https://www.dosje.gov.in/official/shri-v-r-vinod-2/
official	https://www.dosje.gov.in/official/shri-k-j-bhatt-2/
official	https://www.dosje.gov.in/official/ms-jyoti-meena/
official	https://www.dosje.gov.in/official/ms-kumari-kavita/
official	https://www.dosje.gov.in/official/shri-suraj-kumar/
official	https://www.dosje.gov.in/official/shri-naresh-mehta-2/
official	https://www.dosje.gov.in/official/shri-souvik-chatterjee-2/
official	https://www.dosje.gov.in/official/shri-bharat-bhushan-gupta/
official	https://www.dosje.gov.in/official/dr-r-stalin/
official	https://www.dosje.gov.in/official/smt-ankita-2/
official	https://www.dosje.gov.in/official/ms-jyoti-bharti/
official	https://www.dosje.gov.in/official/ms-manju-chahal/
official	https://www.dosje.gov.in/official/shri-sumit-kumar-2/
official	https://www.dosje.gov.in/official/shri-kaushal-kumar-2/
official	https://www.dosje.gov.in/official/smt-ayushi-rastogi-2/
official	https://www.dosje.gov.in/official/shri-hemant-kumar-bhatia/
official	https://www.dosje.gov.in/official/shri-sewak-paul/
official	https://www.dosje.gov.in/official/shri-kalloo-ram/
official	https://www.dosje.gov.in/official/shri-banamali-naik/
official	https://www.dosje.gov.in/official/ms-ruchi-sahu/
official	https://www.dosje.gov.in/official/shri-kaushal-kumar/
official	https://www.dosje.gov.in/official/smt-nidhi-gupta/
official	https://www.dosje.gov.in/official/shri-h-kam-suanthang/
official	https://www.dosje.gov.in/official/shri-b-ram-mohan/
official	https://www.dosje.gov.in/official/shri-sanjeev-kumar-anand/
official	https://www.dosje.gov.in/official/shri-gudey-srinivas-ias/
official	https://www.dosje.gov.in/official/shri-suraj-kumar-yadav/
official	https://www.dosje.gov.in/official/shri-v-kranthi/
official	https://www.dosje.gov.in/official/shri-naveen-rohila/
official	https://www.dosje.gov.in/official/shri-indrapal-singh/
official	https://www.dosje.gov.in/official/shri-dharmendra-kumar/
official	https://www.dosje.gov.in/official/shri-sharad-kumar-garg/
official	https://www.dosje.gov.in/official/shri-love-kush-kumar/
official	https://www.dosje.gov.in/official/shri-vaddepalli-ramchander/
official	https://www.dosje.gov.in/official/shri-kishor-makwana/
official	https://www.dosje.gov.in/official/shri-nitish-kumar/
official	https://www.dosje.gov.in/official/dr-anoop-kumar-k-v/
official	https://www.dosje.gov.in/official/shri-jai-narayan-meena/
official	https://www.dosje.gov.in/official/shri-gaurang-chavda/
official	https://www.dosje.gov.in/official/shri-kiran-umesh-mahalle/
official	https://www.dosje.gov.in/official/mohd-aazam/
official	https://www.dosje.gov.in/official/shri-sourabh-kumar/
official	https://www.dosje.gov.in/official/ms-annu-lohchab/
official	https://www.dosje.gov.in/official/shri-manoj-kumar-tiwari/
official	https://www.dosje.gov.in/official/shri-kailash-chand-joshi/
official	https://www.dosje.gov.in/official/smt-vandana-rawat/
official	https://www.dosje.gov.in/official/sh-virendra-prasad-2/
official	https://www.dosje.gov.in/official/sh-rajkishore-prasad-2/
official	https://www.dosje.gov.in/official/sh-p-lakra-2/
official	https://www.dosje.gov.in/official/smt-radha-dhoulakhandi-2/
official	https://www.dosje.gov.in/official/smt-annu-bhogal-2/
official	https://www.dosje.gov.in/official/sh-nishant-kumar-viswakarma/
official	https://www.dosje.gov.in/official/sh-vivek-kumar/
official	https://www.dosje.gov.in/official/smt-tanya-sengupta/
official	https://www.dosje.gov.in/official/dr-r-giri-raj-2/
official	https://www.dosje.gov.in/official/vikash-kumar/
official	https://www.dosje.gov.in/official/shri-sanjeev-kumar-sharma/
official	https://www.dosje.gov.in/official/shri-madan-pal-jharsi/
official	https://www.dosje.gov.in/official/shri-vinod-kumar-saini-2/
official	https://www.dosje.gov.in/official/shri-sumit-kumar/
official	https://www.dosje.gov.in/official/shri-rajan-sehgal-2/
official	https://www.dosje.gov.in/official/shri-pravin-shivajirao-ghuge/
official	https://www.dosje.gov.in/official/shri-bharatbhai-babubhai-patni/
official	https://www.dosje.gov.in/official/shri-sudhansh-pant/
official	https://www.dosje.gov.in/official/mrs-ruchi-sharma/
official	https://www.dosje.gov.in/official/sh-k-k-bhagat/
official	https://www.dosje.gov.in/official/ms-preeti-puri/
official	https://www.dosje.gov.in/official/sh-kartikye-vats/
official	https://www.dosje.gov.in/official/shri-b-l-verma-5/
official	https://www.dosje.gov.in/official/mayank-bhardwaj/
official	https://www.dosje.gov.in/official/shri-sujay-p-john/
official	https://www.dosje.gov.in/official/shri-ajit-kumar-samal/
official	https://www.dosje.gov.in/official/smt-anupama-sood/
official	https://www.dosje.gov.in/official/ms-bindu-v-c/
official	https://www.dosje.gov.in/official/shri-ranjeet-singh/
official	https://www.dosje.gov.in/official/shri-nabin-kumar-roy/
official	https://www.dosje.gov.in/official/shri-prabhat-tyagi-2/
official	https://www.dosje.gov.in/official/shri-parveen-kumar-thind/
official	https://www.dosje.gov.in/official/ms-hanifa-ahtesham/
official	https://www.dosje.gov.in/official/sh-anil-kumar-bhatt/
official	https://www.dosje.gov.in/official/dr-h-c-sridhara-channakeshava-ranga-reddy/
official	https://www.dosje.gov.in/official/sh-suresh-kumar/
official	https://www.dosje.gov.in/official/shri-rohit-kakkar/
official	https://www.dosje.gov.in/official/shri-prabhat-kumar-singh/
official	https://www.dosje.gov.in/official/shri-rajan-sehgal/
official	https://www.dosje.gov.in/official/ms-debolina-thakur-3/
official	https://www.dosje.gov.in/official/ms-pooja/
official	https://www.dosje.gov.in/official/dr-saurabh-kumar-suman/
official	https://www.dosje.gov.in/official/mrs-bhawna-garg/
official	https://www.dosje.gov.in/official/prof-sanjai-bhatt/
official	https://www.dosje.gov.in/official/sh-manoj-hatoj/
official	https://www.dosje.gov.in/official/smt-swati-kumar/
official	https://www.dosje.gov.in/official/mr-nandu-shaw/
official	https://www.dosje.gov.in/official/mrs-renu-negi/
official	https://www.dosje.gov.in/official/mr-kumar-roubinson/
official	https://www.dosje.gov.in/official/mr-bhupender-singh/
official	https://www.dosje.gov.in/official/mr-akshay-anand/
official	https://www.dosje.gov.in/official/mr-anil-kumar-singh/
official	https://www.dosje.gov.in/official/sh-himanshu-tanganiya/
official	https://www.dosje.gov.in/official/sh-harish-kumar-harish-nskfdcatnicdotin/
official	https://www.dosje.gov.in/official/sh-yogesh-kumar-yogesh-nskfdcatnicdotin/
official	https://www.dosje.gov.in/official/sh-sandeep-kr-gupta/
official	https://www.dosje.gov.in/official/sh-parsant-kumar/
official	https://www.dosje.gov.in/official/mr-puneet-garg/
official	https://www.dosje.gov.in/official/sh-rakesh-kumar-pandey/
official	https://www.dosje.gov.in/official/sh-amit-kumar/
official	https://www.dosje.gov.in/official/sh-ram-charan-meena/
official	https://www.dosje.gov.in/official/sh-rahul-kashyap/
official	https://www.dosje.gov.in/official/shri-subrata-halder/
official	https://www.dosje.gov.in/official/sh-sanjeev-kumar/
official	https://www.dosje.gov.in/official/sh-ajay-kumar/
official	https://www.dosje.gov.in/official/sh-deepak-singh-rawat/
official	https://www.dosje.gov.in/official/sh-dalbir-kumar/
official	https://www.dosje.gov.in/official/sh-raja-janak-pal/
official	https://www.dosje.gov.in/official/smt-sushma-manisha-ekka/
official	https://www.dosje.gov.in/official/sh-paritosh-bera/
official	https://www.dosje.gov.in/official/shri-dharmendra-singh/
official	https://www.dosje.gov.in/official/shri-b-k-pathak/
official	https://www.dosje.gov.in/official/shri-kamaljeet/
official	https://www.dosje.gov.in/official/shri-v-r-vinod/
official	https://www.dosje.gov.in/official/shri-k-j-bhatt/
official	https://www.dosje.gov.in/official/shri-naresh-mehta/
official	https://www.dosje.gov.in/official/shri-souvik-chatterjee/
official	https://www.dosje.gov.in/official/smt-ankita/
official	https://www.dosje.gov.in/official/smt-ayushi-rastogi/
official	https://www.dosje.gov.in/official/dr-dinesh-vyas/
official	https://www.dosje.gov.in/official/shri-p-jeethendra/
official	https://www.dosje.gov.in/official/smt-sanmeet-kaur-ips/
official	https://www.dosje.gov.in/official/sh-rakesh-kumar-singh/
official	https://www.dosje.gov.in/official/ms-yukta/
official	https://www.dosje.gov.in/official/ms-chanda/
official	https://www.dosje.gov.in/official/ms-mahima-moses/
official	https://www.dosje.gov.in/official/ms-sonakshi-marula-rawat/
organisation	https://www.dosje.gov.in/organisation/senior-citizens-welfarescw/pearls-of-wisdom/
organisation	https://www.dosje.gov.in/organisation/national-commission-for-safai-karamcharis/contact-us/
organisation	https://www.dosje.gov.in/organisation/national-commission-for-scheduled-castes/
organisation	https://www.dosje.gov.in/organisation/national-commission-for-safai-karamcharis/
organisation	https://www.dosje.gov.in/organisation/national-commission-for-backward-classes-ncbc/
organisation	https://www.dosje.gov.in/organisation/national-scheduled-castes-finance-and-development-corporation/
organisation	https://www.dosje.gov.in/organisation/national-safai-karamcharis-finance-development-corporation/
organisation	https://www.dosje.gov.in/organisation/national-backward-classes-financeand-development-corporationnbcfdc/
organisation	https://www.dosje.gov.in/organisation/dr-ambedkar-foundation/
organisation	https://www.dosje.gov.in/organisation/dr-ambedkar-international-centre/
organisation	https://www.dosje.gov.in/organisation/babu-jagjivan-ram-national-foundation-bjrnf/
organisation	https://www.dosje.gov.in/organisation/development-and-welfare-board-for-de-notified-nomadic-and-semi-nomadic/
organisation	https://www.dosje.gov.in/organisation/national-institute-of-social-defence/
organisation	https://www.dosje.gov.in/organisation/senior-citizens-welfarescw/
organisation	https://www.dosje.gov.in/organisation/pradhan-mantri-anusuchit-jaati-abhyuday-yojnapm-ajay/
organisation	https://www.dosje.gov.in/organisation/national-portal-for-transgender-persons/
organisation	https://www.dosje.gov.in/organisation/support-for-marginalized-individuals-for-livelihood-and-enterprise-smile/
organisation	https://www.dosje.gov.in/organisation/national-overseas-scholarship/
organisation	https://www.dosje.gov.in/organisation/nasha-mukt-bharat-abhiyaan/
organisation	https://www.dosje.gov.in/organisation/national-helpline-against-atrocities/
organisation	https://www.dosje.gov.in/organisation/senior-citizens-welfarescw/contact/
organisation	https://www.dosje.gov.in/organisation/pradhan-mantri-anusuchit-jaati-abhyuday-yojnapm-ajay/contact-us/
organisation	https://www.dosje.gov.in/organisation/national-safai-karamcharis-finance-development-corporation/contact-us/
organisation	https://www.dosje.gov.in/organisation/national-scheduled-castes-finance-and-development-corporation/head-office/
organisation	https://www.dosje.gov.in/organisation/national-portal-for-transgender-persons/contact-us/
organisation	https://www.dosje.gov.in/organisation/national-overseas-scholarship/contact/
organisation	https://www.dosje.gov.in/organisation/national-institute-of-social-defence/contact-us/
organisation	https://www.dosje.gov.in/organisation/national-helpline-against-atrocities/contact-us/
organisation	https://www.dosje.gov.in/organisation/national-commission-for-scheduled-castes/contact/
organisation	https://www.dosje.gov.in/organisation/national-commission-for-backward-classes-ncbc/contact-us/
organisation	https://www.dosje.gov.in/organisation/national-backward-classes-financeand-development-corporationnbcfdc/contact-us/
organisation	https://www.dosje.gov.in/organisation/nasha-mukt-bharat-abhiyaan/contact-us/
organisation	https://www.dosje.gov.in/organisation/e-utthaan/contact-us/
organisation	https://www.dosje.gov.in/organisation/dr-ambedkar-international-centre/contact-us/
organisation	https://www.dosje.gov.in/organisation/dr-ambedkar-foundation/contact-us/
organisation	https://www.dosje.gov.in/organisation/development-and-welfare-board-for-de-notified-nomadic-and-semi-nomadic/contact-us/
organisation	https://www.dosje.gov.in/organisation/babu-jagjivan-ram-national-foundation-bjrnf/contact-us/
organisation	https://www.dosje.gov.in/organisation/dr-ambedkar-foundation/dr-ambedkar-international-center/
organisation	https://www.dosje.gov.in/organisation/dr-ambedkar-foundation/ambedkar-national-memorial/
organisation	https://www.dosje.gov.in/organisation/pradhan-mantri-anusuchit-jaati-abhyuday-yojnapm-ajay/phase-wise-vdp/
organisation	https://www.dosje.gov.in/organisation/pradhan-mantri-anusuchit-jaati-abhyuday-yojnapm-ajay/fund-released/
organisation	https://www.dosje.gov.in/organisation/pradhan-mantri-anusuchit-jaati-abhyuday-yojnapm-ajay/hostel-status-report/
organisation	https://www.dosje.gov.in/organisation/pradhan-mantri-anusuchit-jaati-abhyuday-yojnapm-ajay/available-courses/
organisation	https://www.dosje.gov.in/organisation/pradhan-mantri-anusuchit-jaati-abhyuday-yojnapm-ajay/perspective-plan-status/
organisation	https://www.dosje.gov.in/organisation/pradhan-mantri-anusuchit-jaati-abhyuday-yojnapm-ajay/covered-states-districts/
organisation	https://www.dosje.gov.in/organisation/pradhan-mantri-anusuchit-jaati-abhyuday-yojnapm-ajay/funds-released/
organisation	https://www.dosje.gov.in/organisation/senior-citizens-welfarescw/pensioners-associations/
organisation	https://www.dosje.gov.in/organisation/pradhan-mantri-anusuchit-jaati-abhyuday-yojnapm-ajay/development-of-sc-dominated-villages-into-adarsh-gram/
organisation	https://www.dosje.gov.in/organisation/pradhan-mantri-anusuchit-jaati-abhyuday-yojnapm-ajay/grants-in-aid-to-state-districts/
organisation	https://www.dosje.gov.in/organisation/pradhan-mantri-anusuchit-jaati-abhyuday-yojnapm-ajay/construction-repair-of-hostels/
organisation	https://www.dosje.gov.in/organisation/pradhan-mantri-anusuchit-jaati-abhyuday-yojnapm-ajay/pm-ajay-map/
organisation	https://www.dosje.gov.in/organisation/senior-citizens-welfarescw/scope/
organisation	https://www.dosje.gov.in/organisation/national-backward-classes-financeand-development-corporationnbcfdc/success-stories/
organisation	https://www.dosje.gov.in/organisation/national-scheduled-castes-finance-and-development-corporation/success-stories/
organisation	https://www.dosje.gov.in/organisation/dr-ambedkar-foundation/about-us/
organisation	https://www.dosje.gov.in/organisation/pradhan-mantri-anusuchit-jaati-abhyuday-yojnapm-ajay/notional-allocation-report/
organisation	https://www.dosje.gov.in/organisation/pradhan-mantri-anusuchit-jaati-abhyuday-yojnapm-ajay/pacc-meeting-list/
organisation	https://www.dosje.gov.in/organisation/pradhan-mantri-anusuchit-jaati-abhyuday-yojnapm-ajay/number-of-villages-selected-and-vdp-generated/
organisation	https://www.dosje.gov.in/organisation/pradhan-mantri-anusuchit-jaati-abhyuday-yojnapm-ajay/adarsh-gram-report/
organisation	https://www.dosje.gov.in/organisation/pradhan-mantri-anusuchit-jaati-abhyuday-yojnapm-ajay/villages-between-scores/
organisation	https://www.dosje.gov.in/organisation/pradhan-mantri-anusuchit-jaati-abhyuday-yojnapm-ajay/village-summary-at-glance/
organisation	https://www.dosje.gov.in/organisation/pradhan-mantri-anusuchit-jaati-abhyuday-yojnapm-ajay/phase-one-villages/
organisation	https://www.dosje.gov.in/organisation/pradhan-mantri-anusuchit-jaati-abhyuday-yojnapm-ajay/pilot-phase-villages/
organisation	https://www.dosje.gov.in/organisation/pradhan-mantri-anusuchit-jaati-abhyuday-yojnapm-ajay/all-villages-score-in-descending-order/
organisation	https://www.dosje.gov.in/organisation/pradhan-mantri-anusuchit-jaati-abhyuday-yojnapm-ajay/covered-villages-40-sc-population/
organisation	https://www.dosje.gov.in/organisation/pradhan-mantri-anusuchit-jaati-abhyuday-yojnapm-ajay/villages-covered-under-mission-utkarsh/
organisation	https://www.dosje.gov.in/organisation/pradhan-mantri-anusuchit-jaati-abhyuday-yojnapm-ajay/villages-covered-under-pmagy/
organisation	https://www.dosje.gov.in/organisation/national-commission-for-scheduled-castes/e-gmp/
organisation	https://www.dosje.gov.in/organisation/national-commission-for-backward-classes-ncbc/previous-commission/
organisation	https://www.dosje.gov.in/organisation/national-commission-for-backward-classes-ncbc/about-us/
organisation	https://www.dosje.gov.in/organisation/dr-ambedkar-foundation/faqs/
organisation	https://www.dosje.gov.in/organisation/support-for-marginalized-individuals-for-livelihood-and-enterprise-smile/about-us/
organisation	https://www.dosje.gov.in/organisation/e-utthaan/ministry-and-scheme-wise-financial-summary/
organisation	https://www.dosje.gov.in/organisation/pradhan-mantri-anusuchit-jaati-abhyuday-yojnapm-ajay/guidelines/
organisation	https://www.dosje.gov.in/organisation/national-institute-of-social-defence/rental-services/
organisation	https://www.dosje.gov.in/organisation/national-institute-of-social-defence/experience-showcase/
organisation	https://www.dosje.gov.in/organisation/national-institute-of-social-defence/elderline-14567/
organisation	https://www.dosje.gov.in/organisation/development-and-welfare-board-for-de-notified-nomadic-and-semi-nomadic/rti/
organisation	https://www.dosje.gov.in/organisation/national-institute-of-social-defence/editorial-committee/
organisation	https://www.dosje.gov.in/organisation/support-for-marginalized-individuals-for-livelihood-and-enterprise-smile/upload-consent-form/
organisation	https://www.dosje.gov.in/organisation/support-for-marginalized-individuals-for-livelihood-and-enterprise-smile/consent-form/
organisation	https://www.dosje.gov.in/organisation/support-for-marginalized-individuals-for-livelihood-and-enterprise-smile/sop/
organisation	https://www.dosje.gov.in/organisation/dr-ambedkar-international-centre/rti/
organisation	https://www.dosje.gov.in/organisation/dr-ambedkar-international-centre/know-your-constitution/
organisation	https://www.dosje.gov.in/organisation/dr-ambedkar-international-centre/call-for-papers/
organisation	https://www.dosje.gov.in/organisation/babu-jagjivan-ram-national-foundation-bjrnf/works-of-babuji/
organisation	https://www.dosje.gov.in/organisation/babu-jagjivan-ram-national-foundation-bjrnf/rti/
organisation	https://www.dosje.gov.in/organisation/babu-jagjivan-ram-national-foundation-bjrnf/media-print/
organisation	https://www.dosje.gov.in/organisation/babu-jagjivan-ram-national-foundation-bjrnf/about-bjrnf/
organisation	https://www.dosje.gov.in/organisation/pradhan-mantri-anusuchit-jaati-abhyuday-yojnapm-ajay/about-us/
organisation	https://www.dosje.gov.in/organisation/dr-ambedkar-international-centre/panchteerth/
organisation	https://www.dosje.gov.in/organisation/national-commission-for-safai-karamcharis/about-us/
organisation	https://www.dosje.gov.in/organisation/national-commission-for-safai-karamcharis/state-allocation/
organisation	https://www.dosje.gov.in/organisation/national-institute-of-social-defence/activity-calendar/
organisation	https://www.dosje.gov.in/organisation/dr-ambedkar-international-centre/bookings/
organisation	https://www.dosje.gov.in/organisation/national-institute-of-social-defence/division-of-nisd/
organisation	https://www.dosje.gov.in/organisation/national-institute-of-social-defence/training-courses/
organisation	https://www.dosje.gov.in/organisation/national-institute-of-social-defence/more-helpline/
organisation	https://www.dosje.gov.in/organisation/dr-ambedkar-international-centre/about-us/
organisation	https://www.dosje.gov.in/organisation/dr-ambedkar-international-centre/academics/
organisation	https://www.dosje.gov.in/organisation/development-and-welfare-board-for-de-notified-nomadic-and-semi-nomadic/about-us/
organisation	https://www.dosje.gov.in/organisation/dr-ambedkar-foundation/dr-ambedkar-centre-of-excellence-dace/
organisation	https://www.dosje.gov.in/organisation/national-scheduled-castes-finance-and-development-corporation/rti/
organisation	https://www.dosje.gov.in/organisation/national-scheduled-castes-finance-and-development-corporation/rti-2/
organisation	https://www.dosje.gov.in/organisation/national-safai-karamcharis-finance-development-corporation/faq/
organisation	https://www.dosje.gov.in/organisation/national-safai-karamcharis-finance-development-corporation/brochures-of-nskfdc/
organisation	https://www.dosje.gov.in/organisation/senior-citizens-welfarescw/anubhav-bolta-hai/
organisation	https://www.dosje.gov.in/organisation/national-institute-of-social-defence/annual-action-plan/
organisation	https://www.dosje.gov.in/organisation/national-institute-of-social-defence/training-calenders/
organisation	https://www.dosje.gov.in/organisation/senior-citizens-welfarescw/anubhav-bolta-hai-events/
organisation	https://www.dosje.gov.in/organisation/babu-jagjivan-ram-national-foundation-bjrnf/literature/
organisation	https://www.dosje.gov.in/organisation/senior-citizens-welfarescw/regional-resource-and-training-centresrrtc/
organisation	https://www.dosje.gov.in/organisation/babu-jagjivan-ram-national-foundation-bjrnf/babujis-biography/
organisation	https://www.dosje.gov.in/organisation/national-scheduled-castes-finance-and-development-corporation/channel-partners/
organisation	https://www.dosje.gov.in/organisation/national-scheduled-castes-finance-and-development-corporation/skill-training/
organisation	https://www.dosje.gov.in/organisation/national-scheduled-castes-finance-and-development-corporation/performance-and-achievements/
organisation	https://www.dosje.gov.in/organisation/dr-ambedkar-foundation/rti/
organisation	https://www.dosje.gov.in/organisation/national-safai-karamcharis-finance-development-corporation/operational-performance/
organisation	https://www.dosje.gov.in/organisation/national-commission-for-safai-karamcharis/total-no-of-deaths-compensation-list/
organisation	https://www.dosje.gov.in/organisation/nasha-mukt-bharat-abhiyaan/about-us/
organisation	https://www.dosje.gov.in/organisation/senior-citizens-welfarescw/about-us/
organisation	https://www.dosje.gov.in/organisation/senior-citizens-welfarescw/faq/
organisation	https://www.dosje.gov.in/organisation/dr-ambedkar-foundation/dr-ambedkar-chairs/
organisation	https://www.dosje.gov.in/organisation/national-portal-for-transgender-persons/garima-greh-shelter-homes/
organisation	https://www.dosje.gov.in/organisation/national-commission-for-scheduled-castes/bengaluru/
organisation	https://www.dosje.gov.in/organisation/national-safai-karamcharis-finance-development-corporation/expression-of-interest/
organisation	https://www.dosje.gov.in/organisation/e-utthaan/
organisation	https://www.dosje.gov.in/organisation/e-anudaan/
organisation	https://www.dosje.gov.in/organisation/national-scheduled-castes-finance-and-development-corporation/about-us/
organisation	https://www.dosje.gov.in/organisation/pradhan-mantri-anusuchit-jaati-abhyuday-yojnapm-ajay/flow-chart/
organisation	https://www.dosje.gov.in/organisation/nasha-mukt-bharat-abhiyaan/interns-corner/
organisation	https://www.dosje.gov.in/organisation/nasha-mukt-bharat-abhiyaan/forum/
organisation	https://www.dosje.gov.in/organisation/national-helpline-against-atrocities/central-acts/
organisation	https://www.dosje.gov.in/organisation/national-helpline-against-atrocities/about-us/
organisation	https://www.dosje.gov.in/organisation/development-and-welfare-board-for-de-notified-nomadic-and-semi-nomadic/faqs/
organisation	https://www.dosje.gov.in/organisation/national-commission-for-scheduled-castes/list-of-cpios-aas-in-ncsc/
organisation	https://www.dosje.gov.in/organisation/national-commission-for-scheduled-castes/newsletter/
organisation	https://www.dosje.gov.in/organisation/national-commission-for-scheduled-castes/national-initiatives-schemes/
organisation	https://www.dosje.gov.in/organisation/e-utthaan/about-us/
organisation	https://www.dosje.gov.in/organisation/national-helpline-against-atrocities/iec-and-training-material/
organisation	https://www.dosje.gov.in/organisation/national-helpline-against-atrocities/faqs/
organisation	https://www.dosje.gov.in/organisation/national-helpline-against-atrocities/state-wise-statistics/
organisation	https://www.dosje.gov.in/organisation/e-utthaan/dapsc-nodal-officer-of-ministry-department/
organisation	https://www.dosje.gov.in/organisation/dr-ambedkar-foundation/awards/
organisation	https://www.dosje.gov.in/organisation/national-commission-for-backward-classes-ncbc/rules-of-procedure-in-ncbc/
organisation	https://www.dosje.gov.in/organisation/national-commission-for-backward-classes-ncbc/rules-of-procedure-in-ncbc-copy-2/
organisation	https://www.dosje.gov.in/organisation/national-commission-for-backward-classes-ncbc/minutes-of-the-full-commission-meeting/
organisation	https://www.dosje.gov.in/organisation/national-commission-for-backward-classes-ncbc/gazette-notifications-2/
organisation	https://www.dosje.gov.in/organisation/national-commission-for-backward-classes-ncbc/rules-of-procedure-in-ncbc-copy/
organisation	https://www.dosje.gov.in/organisation/national-commission-for-safai-karamcharis/total-no-of-deaths-compensation/
organisation	https://www.dosje.gov.in/organisation/national-portal-for-transgender-persons/downloads/
organisation	https://www.dosje.gov.in/organisation/national-commission-for-scheduled-castes/chandigarh/
organisation	https://www.dosje.gov.in/organisation/national-commission-for-scheduled-castes/leadership-organisation/
organisation	https://www.dosje.gov.in/organisation/national-commission-for-scheduled-castes/agartala/
organisation	https://www.dosje.gov.in/organisation/national-commission-for-backward-classes-ncbc/tour-reports-2/
organisation	https://www.dosje.gov.in/organisation/national-commission-for-backward-classes-ncbc/tour-reports/
organisation	https://www.dosje.gov.in/organisation/national-commission-for-backward-classes-ncbc/creamy-layer/
organisation	https://www.dosje.gov.in/organisation/national-commission-for-backward-classes-ncbc/mandal-commission-report/
organisation	https://www.dosje.gov.in/organisation/national-commission-for-backward-classes-ncbc/judgments/
organisation	https://www.dosje.gov.in/organisation/national-commission-for-backward-classes-ncbc/central-list-of-obcs/
organisation	https://www.dosje.gov.in/organisation/national-commission-for-backward-classes-ncbc/channel-of-submission-of-files/
organisation	https://www.dosje.gov.in/organisation/national-commission-for-backward-classes-ncbc/advices-2/
organisation	https://www.dosje.gov.in/organisation/national-commission-for-safai-karamcharis/tour-by-the-commission/
organisation	https://www.dosje.gov.in/organisation/national-commission-for-safai-karamcharis/vigilance-committees/
organisation	https://www.dosje.gov.in/organisation/national-commission-for-safai-karamcharis/state-commissions-designated-agencies/
organisation	https://www.dosje.gov.in/organisation/national-commission-for-safai-karamcharis/main-sewer-death/
organisation	https://www.dosje.gov.in/organisation/national-commission-for-safai-karamcharis/suo-motu-cognizance-by-the-commission/
organisation	https://www.dosje.gov.in/organisation/national-commission-for-safai-karamcharis/sanitary-insanitary-latrines/
organisation	https://www.dosje.gov.in/organisation/national-commission-for-safai-karamcharis/sewer-septic-tank-death-in-last-10-yrs/
organisation	https://www.dosje.gov.in/organisation/national-commission-for-safai-karamcharis/right-to-information/
organisation	https://www.dosje.gov.in/organisation/national-commission-for-safai-karamcharis/meetings/
organisation	https://www.dosje.gov.in/organisation/national-commission-for-safai-karamcharis/ncsk-secretariat/
organisation	https://www.dosje.gov.in/organisation/national-commission-for-safai-karamcharis/monitoring-committees/
organisation	https://www.dosje.gov.in/organisation/national-commission-for-safai-karamcharis/rajya-sabha-questions/
organisation	https://www.dosje.gov.in/organisation/national-commission-for-safai-karamcharis/details-of-previous-commissions/
organisation	https://www.dosje.gov.in/organisation/national-commission-for-safai-karamcharis/impact-of-commission-intervention/
organisation	https://www.dosje.gov.in/organisation/national-commission-for-safai-karamcharis/current-commission/
organisation	https://www.dosje.gov.in/organisation/national-commission-for-safai-karamcharis/case-which-legal-heir-not-traceable/
organisation	https://www.dosje.gov.in/organisation/national-commission-for-safai-karamcharis/citizen-charter/
organisation	https://www.dosje.gov.in/organisation/national-safai-karamcharis-finance-development-corporation/shww-act/
organisation	https://www.dosje.gov.in/organisation/national-safai-karamcharis-finance-development-corporation/visvas/
organisation	https://www.dosje.gov.in/organisation/national-safai-karamcharis-finance-development-corporation/useful-links/
organisation	https://www.dosje.gov.in/organisation/national-safai-karamcharis-finance-development-corporation/srms/
organisation	https://www.dosje.gov.in/organisation/national-safai-karamcharis-finance-development-corporation/success-story/
organisation	https://www.dosje.gov.in/organisation/national-safai-karamcharis-finance-development-corporation/list-of-empanelled-training-institutions/
organisation	https://www.dosje.gov.in/organisation/national-safai-karamcharis-finance-development-corporation/namaste/
organisation	https://www.dosje.gov.in/organisation/national-safai-karamcharis-finance-development-corporation/how-to-apply/
organisation	https://www.dosje.gov.in/organisation/national-safai-karamcharis-finance-development-corporation/eligibility-criteria/
organisation	https://www.dosje.gov.in/organisation/national-safai-karamcharis-finance-development-corporation/csr/
organisation	https://www.dosje.gov.in/organisation/national-safai-karamcharis-finance-development-corporation/about-us/
organisation	https://www.dosje.gov.in/organisation/list-of-channelizing-agencies/
organisation	https://www.dosje.gov.in/organisation/national-commission-for-safai-karamcharis/faq/
organisation	https://www.dosje.gov.in/organisation/national-commission-for-backward-classes-ncbc/hearing-proceeding/
organisation	https://www.dosje.gov.in/organisation/national-institute-of-social-defence/ngos-agencies/
organisation	https://www.dosje.gov.in/organisation/nasha-mukt-bharat-abhiyaan/faqs/
organisation	https://www.dosje.gov.in/organisation/national-portal-for-transgender-persons/about-us/
organisation	https://www.dosje.gov.in/organisation/support-for-marginalized-individuals-for-livelihood-and-enterprise-smile/list-of-cities/
organisation	https://www.dosje.gov.in/organisation/pradhan-mantri-anusuchit-jaati-abhyuday-yojnapm-ajay/illustrative-list-of-projects-under-various-domains-for-development-of-scheduled-castes-families-under-the-scheme/
organisation	https://www.dosje.gov.in/organisation/national-scheduled-castes-finance-and-development-corporation/faq/
organisation	https://www.dosje.gov.in/organisation/e-utthaan/e-utthan-niti-ayog-mandate-report/
organisation	https://www.dosje.gov.in/organisation/e-utthaan/e-utthan-manage-outcome/
organisation	https://www.dosje.gov.in/organisation/e-utthaan/e-utthan-financial-summary/
organisation	https://www.dosje.gov.in/organisation/e-utthaan/e-utthan-physical-progress/
organisation	https://www.dosje.gov.in/organisation/e-utthaan/e-utthan-statement-10a/
organisation	https://www.dosje.gov.in/organisation/e-utthaan/e-utthan-ministry-scheme-state-wise-financial-report/
organisation	https://www.dosje.gov.in/organisation/e-utthaan/e-utthan-ministry-sanction-details/
organisation	https://www.dosje.gov.in/organisation/national-commission-for-scheduled-castes/spot-visits-by-the-commission/
organisation	https://www.dosje.gov.in/organisation/national-commission-for-scheduled-castes/psu-psb-reviews/
organisation	https://www.dosje.gov.in/organisation/national-commission-for-scheduled-castes/about-the-commission/
organisation	https://www.dosje.gov.in/organisation/national-commission-for-scheduled-castes/external-links/
organisation	https://www.dosje.gov.in/organisation/national-commission-for-scheduled-castes/wings-of-ncsc/
organisation	https://www.dosje.gov.in/organisation/national-commission-for-scheduled-castes/thiruvananthapuram/
organisation	https://www.dosje.gov.in/organisation/national-commission-for-scheduled-castes/pune/
organisation	https://www.dosje.gov.in/organisation/national-commission-for-scheduled-castes/patna/
organisation	https://www.dosje.gov.in/organisation/national-commission-for-scheduled-castes/kolkata/
organisation	https://www.dosje.gov.in/organisation/national-commission-for-scheduled-castes/hyderabad/
organisation	https://www.dosje.gov.in/organisation/national-commission-for-scheduled-castes/guwahati/
organisation	https://www.dosje.gov.in/organisation/national-commission-for-scheduled-castes/chennai/
organisation	https://www.dosje.gov.in/organisation/national-commission-for-scheduled-castes/state-office-ahmedabad/
organisation	https://www.dosje.gov.in/organisation/national-scheduled-castes-finance-and-development-corporation/careers/
organisation	https://www.dosje.gov.in/organisation/national-scheduled-castes-finance-and-development-corporation/news-events/
organisation	https://www.dosje.gov.in/organisation/national-scheduled-castes-finance-and-development-corporation/awards-and-certifications/
organisation	https://www.dosje.gov.in/organisation/national-scheduled-castes-finance-and-development-corporation/csr/
organisation	https://www.dosje.gov.in/organisation/national-institute-of-social-defence/faq/
organisation	https://www.dosje.gov.in/organisation/babu-jagjivan-ram-national-foundation-bjrnf/speeches-memorial-lectures/
organisation	https://www.dosje.gov.in/organisation/national-portal-for-transgender-persons/recognition-appreciation/
organisation	https://www.dosje.gov.in/organisation/national-portal-for-transgender-persons/scholarships/
organisation	https://www.dosje.gov.in/organisation/national-portal-for-transgender-persons/citizens-charter/
organisation	https://www.dosje.gov.in/organisation/national-portal-for-transgender-persons/rti/
organisation	https://www.dosje.gov.in/organisation/national-portal-for-transgender-persons/iec-material/
organisation	https://www.dosje.gov.in/organisation/national-portal-for-transgender-persons/faq/
organisation	https://www.dosje.gov.in/organisation/national-overseas-scholarship/faq/
organisation	https://www.dosje.gov.in/organisation/national-commission-for-scheduled-castes/lucknow/
organisation	https://www.dosje.gov.in/organisation/babu-jagjivan-ram-national-foundation-bjrnf/achievements/
organisation	https://www.dosje.gov.in/organisation/national-institute-of-social-defence/about-us/
organisation	https://www.dosje.gov.in/organisation/national-portal-for-transgender-persons/composite-medical-health/
organisation	https://www.dosje.gov.in/organisation/national-portal-for-transgender-persons/skill-training/
organisation	https://www.dosje.gov.in/organisation/national-portal-for-transgender-persons/certificates-identity-cards/
organisation	https://www.dosje.gov.in/organisation/national-commission-for-scheduled-castes/state-reviews/
organisation	https://www.dosje.gov.in/organisation/e-anudaan/registration-your-ngo/
organisation	https://www.dosje.gov.in/organisation/e-anudaan/contact-us/
organisation	https://www.dosje.gov.in/organisation/e-anudaan/register-for-government-org-dmt/
organisation	https://www.dosje.gov.in/organisation/nasha-mukt-bharat-abhiyaan/volunteer-corner/
organisation	https://www.dosje.gov.in/organisation/nasha-mukt-bharat-abhiyaan/pmu-corners/
organisation	https://www.dosje.gov.in/organisation/national-helpline-against-atrocities/poa-act/
organisation	https://www.dosje.gov.in/organisation/national-helpline-against-atrocities/pcr-act/
organisation	https://www.dosje.gov.in/organisation/national-commission-for-scheduled-castes/leadership-organisations/
organisation	https://www.dosje.gov.in/organisation/national-commission-for-scheduled-castes/rti/
scheme-documents	https://www.dosje.gov.in/scheme-documents/merger-order/
scheme-documents	https://www.dosje.gov.in/scheme-documents/dr-ambedkar-national-merit-award-scheme-for-scs-students-for-class-12th-level/
scheme-documents	https://www.dosje.gov.in/scheme-documents/dr-ambedkar-chair/
scheme-documents	https://www.dosje.gov.in/scheme-documents/death-and-birth-anniversary/
scheme-documents	https://www.dosje.gov.in/scheme-documents/essay-competition/
scheme-documents	https://www.dosje.gov.in/scheme-documents/merit-award-secondary-school/
scheme-documents	https://www.dosje.gov.in/scheme-documents/revised-dace/
scheme-documents	https://www.dosje.gov.in/scheme-documents/dr-ambedkar-medical-aid-scheme/
scheme-documents	https://www.dosje.gov.in/scheme-documents/atal-vayo-abhyuday-yojana-avyay-2021-22-to-2025-26/
scheme-documents	https://www.dosje.gov.in/scheme-documents/dr-ambedkar-centre-of-excellence-free-coaching-scheme/
scheme-documents	https://www.dosje.gov.in/scheme-documents/atal-vayo-abhyuday-yojana-avyay-corrigendum/
scheme-documents	https://www.dosje.gov.in/scheme-documents/annual-action-plan-2020-21/
scheme-documents	https://www.dosje.gov.in/scheme-documents/integrated-programme-for-senior-citizens-a-central-sector-scheme-to-improve-the-quality-of-life-of-the-senior-citizens-revised-as-on-01-04-2018/
scheme-documents	https://www.dosje.gov.in/scheme-documents/national-action-plan-for-senior-citizens/
scheme-documents	https://www.dosje.gov.in/scheme-documents/ngo-wise-grants-in-aid-released-from-2016-17-to-2018-19-under-the-scheme-integrated-programme-for-senior-citizens-ipsrc/
scheme-documents	https://www.dosje.gov.in/scheme-documents/ngo-wise-grants-in-aid-released-during-2015-16-under-the-scheme-integrated-programme-for-older-persons-ipop/
scheme-documents	https://www.dosje.gov.in/scheme-documents/list-of-ircas-receiving-grant-in-aid-from-the-ministry/
scheme-documents	https://www.dosje.gov.in/scheme-documents/state-wise-amount-released-number-of-projects-assisted-and-beneficiaries-covered-during-2015-16/
scheme-documents	https://www.dosje.gov.in/scheme-documents/revised-napddr-action-plan/
scheme-documents	https://www.dosje.gov.in/scheme-documents/guidelines-for-the-scheme/
scheme-documents	https://www.dosje.gov.in/scheme-documents/operational-guidelines/
scheme-documents	https://www.dosje.gov.in/scheme-documents/implementation-framework-of-national-action-plan-for-drug-demand-reduction/
scheme-documents	https://www.dosje.gov.in/scheme-documents/revised-guideline-of-scheme-for-residential-education-for-students-in-high-schools-in-targeted-areas-shreshta-2023-24-to-2025-26/
scheme-documents	https://www.dosje.gov.in/scheme-documents/scheme-document-of-grant-in-aid-to-voluntary-organisations-working-for-scheduled-castes-2018/
scheme-documents	https://www.dosje.gov.in/scheme-documents/scheme-document-of-grant-in-aid-to-voluntary-organisations-working-for-scheduled-castes/
scheme-documents	https://www.dosje.gov.in/scheme-documents/minutes-of-the-meeting-of-screening-committee-to-consider-new-cases-for-releasing-grant-in-aid-to-ngos/
scheme-documents	https://www.dosje.gov.in/scheme-documents/minutes-of-the-meeting-of-screening-committee-to-consider-new-cases-of-15-16-for-releasing-grant-in-aid-to-ngos/
scheme-documents	https://www.dosje.gov.in/scheme-documents/implementation-of-shreshta-scheme-guidelines-no-fee-from-students-admitted-under-shreshta-scheme/
scheme-documents	https://www.dosje.gov.in/scheme-documents/shreshta-nta-exam-result-2025-26-and-counselling-schedule/
scheme-documents	https://www.dosje.gov.in/scheme-documents/grants-released-to-ngos-for-the-welfare-of-scs-during-2015-16/
scheme-documents	https://www.dosje.gov.in/scheme-documents/grants-released-to-ngos-for-the-welfare-of-scs-during-2014-15/
scheme-documents	https://www.dosje.gov.in/scheme-documents/grants-released-to-ngos-for-the-welfare-of-scs-during-2013-14/
scheme-documents	https://www.dosje.gov.in/scheme-documents/grants-released-to-ngos-for-the-welfare-of-scs-during-2012-13/
scheme-documents	https://www.dosje.gov.in/scheme-documents/scheme-of-national-awards-for-outstanding-services-in-the-field-of-prevention-of-alcoholism-and-substance-drug-abuse/
scheme-documents	https://www.dosje.gov.in/scheme-documents/scheme-guidelines-for-2024-25-hindi/
scheme-documents	https://www.dosje.gov.in/scheme-documents/guidelines-hostel-scheme-construstion-of-hostels-for-obc-boys-and-girls-w-e-f-2017-2018/
scheme-documents	https://www.dosje.gov.in/scheme-documents/guidelines-of-scheme-of-interest-subsidy-on-educational-loan-for-overseas-studies-for-obcs-and-ebcs-revised-w-e-f-01-10-2017/
scheme-documents	https://www.dosje.gov.in/scheme-documents/revised-income-criteria-for-2020-21-for-interest-subsidy-scheme/
scheme-documents	https://www.dosje.gov.in/scheme-documents/scheme-guidelines-for-2024-25-english/
scheme-documents	https://www.dosje.gov.in/scheme-documents/scheme-guidelines-for-2024-25-hindi-2/
scheme-documents	https://www.dosje.gov.in/scheme-documents/national-fellowship-for-obc-students-revised-w-e-f-2017-2018-scheme-document/
scheme-documents	https://www.dosje.gov.in/scheme-documents/central-sector-scheme-of-national-fellowship-for-obc-students-effective-from-april-2019/
scheme-documents	https://www.dosje.gov.in/scheme-documents/national-fellowship-for-sc-students-nfsc/
scheme-documents	https://www.dosje.gov.in/scheme-documents/national-fellowship-for-sc-students-nfsc-scheme-guidelines/
scheme-documents	https://www.dosje.gov.in/scheme-documents/national-overseas-scholarship-scheme-for-sc-etc-candidates-applicable-from-the-year-2025-26-english/
scheme-documents	https://www.dosje.gov.in/scheme-documents/national-overseas-scholarship-nos-for-sc-etc-candidates-scheme-guidelines-2025-26/
scheme-documents	https://www.dosje.gov.in/scheme-documents/scheme-guidelines-for-pms-sc-revised-in-march-2021/
scheme-documents	https://www.dosje.gov.in/scheme-documents/guidelines-pre-matric-scholarships-scheme-for-scheduled-castes-others/
scheme-documents	https://www.dosje.gov.in/scheme-documents/scheme-guidelines/
scheme-documents	https://www.dosje.gov.in/scheme-documents/scholarships-for-higher-education-for-young-achievers-scheme-shreyas-obc-others-2021-22-to-2025-26/
scheme-documents	https://www.dosje.gov.in/scheme-documents/guidelines-2023-24/
scheme-documents	https://www.dosje.gov.in/scheme-documents/scheme-document-of-upgradation-of-merit-of-sc-students/
scheme-documents	https://www.dosje.gov.in/scheme-documents/credit-enhancement-guarantee-scheme-for-the-scheduled-castes-scs-2014-15-revised-operational-guidelines-2017-18/
scheme-documents	https://www.dosje.gov.in/scheme-documents/operational-guidelines-2/
scheme-documents	https://www.dosje.gov.in/scheme-documents/modification-in-eligibility-criteria-new/
scheme-documents	https://www.dosje.gov.in/scheme-documents/national-action-for-mechanised-sanitation-ecosystem-namaste-formerly-self-employment-scheme-for-rehabilitation-of-manual-scavengers-srms-applicable-from-the-year-2023-24-in-english/
scheme-documents	https://www.dosje.gov.in/scheme-documents/frequently-asked-questions/
scheme-documents	https://www.dosje.gov.in/scheme-documents/scheme-guidelines-for-inclusion-of-waste-pickers-component-under-namaste-applicable-from-the-year-2024-25-in-english/
scheme-documents	https://www.dosje.gov.in/scheme-documents/the-prohibition-of-employment-as-manual-scavengers-and-their-rehabilitation-act-2013/
scheme-documents	https://www.dosje.gov.in/scheme-documents/faqs-namaste-scheme/
scheme-documents	https://www.dosje.gov.in/scheme-documents/about-nsfdc-schemes-programmes-performance-as-on-30-09-2025/
scheme-documents	https://www.dosje.gov.in/scheme-documents/guideline-revised-w-e-f-2024-25/
scheme-documents	https://www.dosje.gov.in/scheme-documents/corrigendum-of-scheme-guidelines-2020-21/
scheme-documents	https://www.dosje.gov.in/scheme-documents/corrigendum-to-pm-daksh-scheme-guidelines/
scheme-documents	https://www.dosje.gov.in/scheme-documents/scheme-guidelines-2023-24/
scheme-documents	https://www.dosje.gov.in/scheme-documents/scheme-guidelines-2024-25/
scheme-documents	https://www.dosje.gov.in/scheme-documents/scheme-of-assistance-to-state-scheduled-castes-development-corporation-scdcs-revised-guidelines-2017-18/
scheme-documents	https://www.dosje.gov.in/scheme-documents/copy-of-the-scheme/
scheme-documents	https://www.dosje.gov.in/scheme-documents/state-ut-wise-details-of-central-equity-share-contribution-by-government-of-india-since-2011-12-new/
scheme-documents	https://www.dosje.gov.in/scheme-documents/list-of-27-scdcs-with-addresses/
scheme-documents	https://www.dosje.gov.in/scheme-documents/frequently-asked-questionsfaqs/
scheme-documents	https://www.dosje.gov.in/scheme-documents/guidelines-w-e-f-4th-october-2023/
scheme-documents	https://www.dosje.gov.in/scheme-documents/pm-young-achievers-scholarship-award-scheme-for-vibrant-india-for-obcs-and-others-pm-yasasvi/
scheme-documents	https://www.dosje.gov.in/scheme-documents/extension-of-date-of-registration-of-yasasvi-entrance-test-2022-and-rescheduling-the-date-of-exam-of-yet-2022/
scheme-documents	https://www.dosje.gov.in/scheme-documents/state-wise-allocation-of-slots-for-top-class-education-scheme-for-obc-ebc-and-dnt/
scheme-documents	https://www.dosje.gov.in/scheme-documents/guidelines-may-2023/
scheme-documents	https://www.dosje.gov.in/scheme-documents/guidelines-february-2022/
scheme-documents	https://www.dosje.gov.in/scheme-documents/schemes-for-social-empowerment/
scheme-documents	https://www.dosje.gov.in/scheme-documents/revised-scheme-guidelines-2nd-revision-w-e-f-10-06-2025/
scheme-documents	https://www.dosje.gov.in/scheme-documents/guidelines-w-e-f-12th-february-2022/
scheme-documents	https://www.dosje.gov.in/scheme-documents/scheme-guidelines-3/
scheme-documents	https://www.dosje.gov.in/scheme-documents/seed-scheme-guidlines/
scheme-documents	https://www.dosje.gov.in/scheme-documents/scheme-guidelines-2/
scheme-documents	https://www.dosje.gov.in/scheme-documents/seed-scheme-guidlines-2/
scheme-documents	https://www.dosje.gov.in/scheme-documents/seed-scheme-guidlines-3/
scheme-documents	https://www.dosje.gov.in/scheme-documents/scheme-guidelines-4/
scheme-documents	https://www.dosje.gov.in/scheme-documents/dr-ambedkar-chairs/
scheme-documents	https://www.dosje.gov.in/scheme-documents/dr-ambedkar-scheme-for-celebration-of-birth-death-anniversary-of-great-saints-revised-in-2022/
scheme-documents	https://www.dosje.gov.in/scheme-documents/ashram-shalas/
scheme-documents	https://www.dosje.gov.in/scheme-documents/seed-scheme-guidlines-4/
scheme-documents	https://www.dosje.gov.in/scheme-documents/dr-ambedkar-national-merit-award-scheme-for-scs-sts-students-for-class-10th-level/
scheme-documents	https://www.dosje.gov.in/scheme-documents/dr-ambedkar-foundation-national-essay-competition-scheme/
scheme-documents	https://www.dosje.gov.in/scheme-documents/guidelines-of-national-action-for-mechanized-sanitation-ecosystem-namaste-scheme/
scheme-documents	https://www.dosje.gov.in/scheme-documents/status-of-self-employment-scheme-for-rehabilitation-of-manual-scavengers-as-on-30-april2018/
scheme-documents	https://www.dosje.gov.in/scheme-documents/skill-development-training-programmes-of-nskfdc-and-achievements/
scheme-documents	https://www.dosje.gov.in/scheme-documents/status-of-loan-application-for-rehabilitation-of-manual-scavengers/
scheme-documents	https://www.dosje.gov.in/scheme-documents/support-for-marginalised-individuals-for-livelihood-and-enterprise-smile/
scheme-documents	https://www.dosje.gov.in/scheme-documents/scheme-for-residential-education-for-students-in-high-schools-in-targeted-areasshreshta-for-sc-welfare/
scheme-documents	https://www.dosje.gov.in/scheme-documents/atal-vayo-abhyuday-yojana-avyay/
scheme-documents	https://www.dosje.gov.in/scheme-documents/national-action-plan-for-drug-demand-reduction-napddr/
schemes-and-services	https://www.dosje.gov.in/schemes-and-services/top-class-education-in-colllege-for-obc-ebc-and-dnt-students/
schemes-and-services	https://www.dosje.gov.in/schemes-and-services/geriatric-caregivers-training/
schemes-and-services	https://www.dosje.gov.in/schemes-and-services/data-of-central-assistance-released-to-states-uts-for-last-5-years-i-e-2020-21-to-2024-25-along-with-no-of-atrocity-victims-and-no-of-couples-provided-incentives/
schemes-and-services	https://www.dosje.gov.in/schemes-and-services/list-of-46-offences-under-the-sc-and-st-poa-act-1989/
schemes-and-services	https://www.dosje.gov.in/schemes-and-services/integrated-programme-for-senior-citizens-ipsrc/
schemes-and-services	https://www.dosje.gov.in/schemes-and-services/udyam-nidhi-yojana/
schemes-and-services	https://www.dosje.gov.in/schemes-and-services/state-action-plan-for-senior-citizens-sapsrc/
schemes-and-services	https://www.dosje.gov.in/schemes-and-services/rashtriya-vayoshri-yojana-rvy/
schemes-and-services	https://www.dosje.gov.in/schemes-and-services/dr-ambedkar-centre-of-excellence-free-coaching-scheme-2/
schemes-and-services	https://www.dosje.gov.in/schemes-and-services/pm-young-achievers-scholarship-award-scheme-for-vibrant-india-for-obcs-and-others-pm-yasasvi/
schemes-and-services	https://www.dosje.gov.in/schemes-and-services/dr-ambedkar-national-merit-award-scheme-for-meritorious-students-of-senior-secondary-school-examination-belonging-to-scheduled-caste-2/
schemes-and-services	https://www.dosje.gov.in/schemes-and-services/loan-schemes-flyer/
schemes-and-services	https://www.dosje.gov.in/schemes-and-services/individual-loan-scheme/
schemes-and-services	https://www.dosje.gov.in/schemes-and-services/group-loan-scheme/
schemes-and-services	https://www.dosje.gov.in/schemes-and-services/awareness-camp-nbcfdc/
schemes-and-services	https://www.dosje.gov.in/schemes-and-services/technology-upgradation-of-clusters/
schemes-and-services	https://www.dosje.gov.in/schemes-and-services/performance-linked-grants-in-aid-schemeplgia/
schemes-and-services	https://www.dosje.gov.in/schemes-and-services/seed-free-coaching/
schemes-and-services	https://www.dosje.gov.in/schemes-and-services/awareness-program-and-grant/
schemes-and-services	https://www.dosje.gov.in/schemes-and-services/national-action-plan-for-drug-demand-reduction/
schemes-and-services	https://www.dosje.gov.in/schemes-and-services/atal-vayo-abhyuday-yojana-avyay/
schemes-and-services	https://www.dosje.gov.in/schemes-and-services/other-initiatives/
schemes-and-services	https://www.dosje.gov.in/schemes-and-services/elderline/
schemes-and-services	https://www.dosje.gov.in/schemes-and-services/seniorcare-ageing-growth-engine-sage/
schemes-and-services	https://www.dosje.gov.in/schemes-and-services/publication-of-the-collected-works-of-baba-saheb-dr-b-r-ambedkar-cwba-in-hindi-english-and-other-regional-languages/
schemes-and-services	https://www.dosje.gov.in/schemes-and-services/dr-ambedkar-chairs-revised-in-2022-2/
schemes-and-services	https://www.dosje.gov.in/schemes-and-services/dr-ambedkar-scheme-for-celebration-of-birth-death-anniversary-of-great-saints-revised-in-2022-2/
schemes-and-services	https://www.dosje.gov.in/schemes-and-services/dr-ambedkar-national-merit-award-for-meritorious-students-of-secondary-examination-belonging-to-scheduled-castes-and-scheduled-tribes-2/
schemes-and-services	https://www.dosje.gov.in/schemes-and-services/dr-ambedkar-foundation-national-essay-competition-scheme-2/
schemes-and-services	https://www.dosje.gov.in/schemes-and-services/dr-ambedkar-medical-aid-scheme/
schemes-and-services	https://www.dosje.gov.in/schemes-and-services/centrally-sponsored-scheme-for-implementation-of-the-protection-of-civil-rights-act-1955-and-the-scheduled-castes-and-the-scheduled-tribes-prevention-of-atrocities-act-1989/
schemes-and-services	https://www.dosje.gov.in/schemes-and-services/central-sector-scheme-of-national-overseas-scholarship/
schemes-and-services	https://www.dosje.gov.in/schemes-and-services/post-ssc-scholarship-to-girls/
schemes-and-services	https://www.dosje.gov.in/schemes-and-services/primary-education/
schemes-and-services	https://www.dosje.gov.in/schemes-and-services/2998/
schemes-and-services	https://www.dosje.gov.in/schemes-and-services/micro-finance-scheme/
schemes-and-services	https://www.dosje.gov.in/schemes-and-services/central-sector-scholarship-of-top-class-education-for-sc-students/
schemes-and-services	https://www.dosje.gov.in/schemes-and-services/national-overseas-scholarship-nos-for-sc-etc-candidates/
schemes-and-services	https://www.dosje.gov.in/schemes-and-services/post-matric-scholarship-for-sc-students/
schemes-and-services	https://www.dosje.gov.in/schemes-and-services/pre-matric-scholarships-scheme-for-scheduled-castes-others/
schemes-and-services	https://www.dosje.gov.in/schemes-and-services/national-scheduled-castes-finance-and-development-corporation-nsfdc/
schemes-and-services	https://www.dosje.gov.in/schemes-and-services/pradhan-mantri-anusuchit-jaati-abhyuday-yojna-pm-ajay/
schemes-and-services	https://www.dosje.gov.in/schemes-and-services/support-for-marginalized-individuals-for-livelihood-and-enterprise-smile/
schemes-and-services	https://www.dosje.gov.in/schemes-and-services/aajeevika-microfinance-yojana/
schemes-and-services	https://www.dosje.gov.in/schemes-and-services/educational-loan-schemeels/
schemes-and-services	https://www.dosje.gov.in/schemes-and-services/free-education-for-3-year-polytechnic-courses/
schemes-and-services	https://www.dosje.gov.in/schemes-and-services/financial-assistance-to-the-students-who-studied-10th-standard-in-government-schools-and-pursuing-hsc-in-the-best-private-schools/
schemes-and-services	https://www.dosje.gov.in/schemes-and-services/dr-ambedkar-scheme-for-social-integration-through-inter-caste-marriages-dr-ambedkar-national-relief-to-the-scheduled-castes-scheduled-tribes-victims-of-atrocities-2/
schemes-and-services	https://www.dosje.gov.in/schemes-and-services/post-matric-scholarship/
schemes-and-services	https://www.dosje.gov.in/schemes-and-services/general-term-loan-tl/
schemes-and-services	https://www.dosje.gov.in/schemes-and-services/scheme-of-assistance-to-scheduled-castes-development-corporations-scdcs/
schemes-and-services	https://www.dosje.gov.in/schemes-and-services/pm-special-training-of-geriatric-care-givers/
schemes-and-services	https://www.dosje.gov.in/schemes-and-services/national-action-for-mechanised-sanitation-ecosystem-namaste/
schemes-and-services	https://www.dosje.gov.in/schemes-and-services/national-safai-karamcharis-finance-and-development-corporation-nskfdc/
schemes-and-services	https://www.dosje.gov.in/schemes-and-services/credit-enhancement-guarantee-scheme-for-the-scheduled-castes-scs/
schemes-and-services	https://www.dosje.gov.in/schemes-and-services/upgadation-of-merit-of-sc-students/
schemes-and-services	https://www.dosje.gov.in/schemes-and-services/scholarships-for-higher-education-for-young-achievers-scheme-shreyas-obc-others-2021-22-to-2025-26/
schemes-and-services	https://www.dosje.gov.in/schemes-and-services/scholarship-for-pm-cares-children/
schemes-and-services	https://www.dosje.gov.in/schemes-and-services/national-fellowship-for-scheduled-caste-students/
schemes-and-services	https://www.dosje.gov.in/schemes-and-services/national-fellowship-for-obc-students-nf-obc/
schemes-and-services	https://www.dosje.gov.in/schemes-and-services/free-coaching-for-scs-obcs-and-beneficiaries-of-pm-cares-children-scheme/
schemes-and-services	https://www.dosje.gov.in/schemes-and-services/dr-ambedkar-scheme-of-interest-subsidy-on-educational-loan-for-overseas-studies-for-obcs-ebcs/
schemes-and-services	https://www.dosje.gov.in/schemes-and-services/construction-of-hostels-for-obc-boys-and-girls/
schemes-and-services	https://www.dosje.gov.in/schemes-and-services/pm-daksh/
schemes-and-services	https://www.dosje.gov.in/schemes-and-services/pre-ssc-scholarship/
schemes-and-services	https://www.dosje.gov.in/schemes-and-services/assistance-to-students-of-dnts-studying-in-self-financed-institutes/
schemes-and-services	https://www.dosje.gov.in/schemes-and-services/talent-pool-scheme-for-dnts/
schemes-and-services	https://www.dosje.gov.in/schemes-and-services/scheme-of-national-awards-for-outstanding-services-in-the-field-of-prevention-of-alcoholism-and-substance-drug-abuse/
schemes-and-services	https://www.dosje.gov.in/schemes-and-services/scheme-for-residential-education-for-students-in-high-schools-in-targeted-areas-shreshta/
schemes-and-services	https://www.dosje.gov.in/schemes-and-services/pandit-din-dayal-upadhyay-awas-yojana-housing-scheme/
schemes-and-services	https://www.dosje.gov.in/schemes-and-services/legal-aid-to-the-scheduled-castes-and-vimukta-jatis/
schemes-and-services	https://www.dosje.gov.in/schemes-and-services/housing-scheme-for-scheduled-castes-and-dnts/
schemes-and-services	https://www.dosje.gov.in/schemes-and-services/commencement-managment-of-ashram-schools/
schemes-and-services	https://www.dosje.gov.in/schemes-and-services/infrastructure-for-nomadic-semi-nomadic-tribes-concrete-roads-and-drainage/
schemes-and-services	https://www.dosje.gov.in/schemes-and-services/purchase-of-land-to-provide-accomodation-for-the-homeless/
schemes-and-services	https://www.dosje.gov.in/schemes-and-services/housing-plan/
schemes-and-services	https://www.dosje.gov.in/schemes-and-services/girls-literacy-promotion-scheme-class-11th/
schemes-and-services	https://www.dosje.gov.in/schemes-and-services/pm-yasasvi/
schemes-and-services	https://www.dosje.gov.in/schemes-and-services/assistance-for-skill-development-of-obcs-dnts-ebcs/
schemes-and-services	https://www.dosje.gov.in/schemes-and-services/workshops-job-fairs/
schemes-and-services	https://www.dosje.gov.in/schemes-and-services/awareness-camps/
schemes-and-services	https://www.dosje.gov.in/schemes-and-services/pay-use-toilets/
schemes-and-services	https://www.dosje.gov.in/schemes-and-services/micro-credit-finance-mcf/
schemes-and-services	https://www.dosje.gov.in/schemes-and-services/mahila-samridhi-yojna-msy/
schemes-and-services	https://www.dosje.gov.in/schemes-and-services/mahila-adhikarita-yojana-may/
schemes-and-services	https://www.dosje.gov.in/schemes-and-services/education-loan-el/
schemes-and-services	https://www.dosje.gov.in/schemes-and-services/swachhta-udyami-yojana-suy/
schemes-and-services	https://www.dosje.gov.in/schemes-and-services/sanitary-marts-scheme/
schemes-and-services	https://www.dosje.gov.in/schemes-and-services/green-business-scheme/
schemes-and-services	https://www.dosje.gov.in/schemes-and-services/seed-livelihood/
schemes-and-services	https://www.dosje.gov.in/schemes-and-services/rajarshi-chhatrapati-shahu-maharaj-merit-scholarship/
schemes-and-services	https://www.dosje.gov.in/schemes-and-services/vocational-training-for-vjnt-and-sbc-candidates-studying-in-government-industrial-training-institute/
schemes-and-services	https://www.dosje.gov.in/schemes-and-services/award-of-stipend-to-vjnt-and-sbc-students-studying-in-iti/
schemes-and-services	https://www.dosje.gov.in/schemes-and-services/tuition-fees-and-examination-fees-for-vjnt-sbc-students-studying-in-high-schools/
schemes-and-services	https://www.dosje.gov.in/schemes-and-services/meritorious-scholarships-to-vjnt-and-sbc-students-studying-in-secondary-schools/
schemes-and-services	https://www.dosje.gov.in/schemes-and-services/basti-development-scheme/
schemes-and-services	https://www.dosje.gov.in/schemes-and-services/savitribai-phule-scholarship-for-vjnt-and-sbc-girl-students/
schemes-and-services	https://www.dosje.gov.in/schemes-and-services/training-of-motor-driving-to-vjnt-sbc-obcs/
schemes-and-services	https://www.dosje.gov.in/schemes-and-services/tution-fee-reimbusrment-scheme-of-sainik-school-public-schools/
schemes-and-services	https://www.dosje.gov.in/schemes-and-services/scholarships-for-post-matric-students/
schemes-and-services	https://www.dosje.gov.in/schemes-and-services/mukhyamantri-vimukt-ghumantu-and-ardhghumantu-swarozgar-yojana-cm-self-employment-scheme/
schemes-and-services	https://www.dosje.gov.in/schemes-and-services/excellent-award-scheme-for-social-workers/
schemes-and-services	https://www.dosje.gov.in/schemes-and-services/vimukt-jaati-basti-development-scheme/
schemes-and-services	https://www.dosje.gov.in/schemes-and-services/dnt-employment-scheme/
schemes-and-services	https://www.dosje.gov.in/schemes-and-services/itis-improvement-of-education-arts/
schemes-and-services	https://www.dosje.gov.in/schemes-and-services/cm-housing-rent-scheme/
schemes-and-services	https://www.dosje.gov.in/schemes-and-services/vimukt-jati-hostel-scheme/
schemes-and-services	https://www.dosje.gov.in/schemes-and-services/civil-service-incentive-scheme/
schemes-and-services	https://www.dosje.gov.in/schemes-and-services/state-scholarship-class-6th-to-10th/
schemes-and-services	https://www.dosje.gov.in/schemes-and-services/special-incentives-for-pre-matric-students/
schemes-and-services	https://www.dosje.gov.in/schemes-and-services/scholarship-for-technical-and-professional-courses/
schemes-and-services	https://www.dosje.gov.in/schemes-and-services/post-ssc-scholarship-for-boys/
schemes-and-services	https://www.dosje.gov.in/schemes-and-services/ashram-shalas/
schemes-and-services	https://www.dosje.gov.in/schemes-and-services/uniform-assistance-scheme/
schemes-and-services	https://www.dosje.gov.in/schemes-and-services/status-of-loan-application-for-rehabilitation-of-manual-scavengers/
schemes-and-services	https://www.dosje.gov.in/schemes-and-services/status-of-self-employment-scheme-for-rehabilitation-of-manual-scavengers-as-on-30-april2018/
schemes-and-services	https://www.dosje.gov.in/schemes-and-services/skill-development-training-programmes-of-nskfdc-and-achievements/
schemes-and-services	https://www.dosje.gov.in/schemes-and-services/financial-physical-achievements-of-last-five-years-upto-31-03-2018-under-loan-schemes-of-nskfdc/
schemes-and-services	https://www.dosje.gov.in/schemes-and-services/guidelines-of-national-action-for-mechanized-sanitation-ecosystem-namaste-scheme-2/
schemes-and-services	https://www.dosje.gov.in/schemes-and-services/self-employment-scheme-for-rehabilitation-of-manual-scavengers-srms-applicable-from-november-2013-3/
schemes-and-services	https://www.dosje.gov.in/schemes-and-services/micro-credit-finance-mcf-2/
schemes-and-services	https://www.dosje.gov.in/schemes-and-services/schemes-implemented-by-national-safai-karamcharis-finance-development-corporation/
schemes-and-services	https://www.dosje.gov.in/schemes-and-services/payment-of-maintenance-allowance-to-vjnt-and-sbc-students-studying-in-professional-courses-and-living-in-hostel-attached-to-professional-colleges/
schemes-and-services	https://www.dosje.gov.in/schemes-and-services/maintenance-allowance-to-backward-class-students-under-training-in-sainik-schools/
schemes-and-services	https://www.dosje.gov.in/schemes-and-services/gadia-lohar-scheme/
schemes-and-services	https://www.dosje.gov.in/schemes-and-services/seed-health-insurance/
schemes-and-services	https://www.dosje.gov.in/schemes-and-services/free-education-in-undergraduate-colleges/
schemes-and-services	https://www.dosje.gov.in/schemes-and-services/district-level-prizes-for-public-examination-10th-and-12th/
schemes-and-services	https://www.dosje.gov.in/schemes-and-services/free-education-in-professional-courses/
schemes-and-services	https://www.dosje.gov.in/schemes-and-services/seed-housing/
schemes-and-services	https://www.dosje.gov.in/schemes-and-services/revised-scheme-guidelines-for-inclusion-of-waste-pickers-component-under-namaste/
schemes-and-services	https://www.dosje.gov.in/schemes-and-services/revised-guidelines-of-national-action-for-mechanized-sanitation-ecosystem-namaste-scheme/
schemes-and-services	https://www.dosje.gov.in/schemes-and-services/babu-jagjivan-ram-all-india-essay-competition-scheme/
schemes-and-services	https://www.dosje.gov.in/schemes-and-services/babu-jagjivan-ram-scheme-for-celebration-of-birth-death-anniversary-of-great-saints/
schemes-and-services	https://www.dosje.gov.in/schemes-and-services/babu-jagjivan-ram-chair-scheme/
schemes-and-services	https://www.dosje.gov.in/schemes-and-services/10663/
schemes-and-services	https://www.dosje.gov.in/schemes-and-services/changes-in-the-centrally-sponsored-scheme-of-pre-matric-scholarship-to-children-of-those-engaged-in-unclean-occupations/
schemes-and-services	https://www.dosje.gov.in/schemes-and-services/self-employment-scheme-for-rehabilitation-of-manual-scavengers-srms-applicable-from-november-2013/
suo-moto-disclosure	https://www.dosje.gov.in/suo-moto-disclosure/list-of-schemes-projects-programme-underway-in-nisd/
suo-moto-disclosure	https://www.dosje.gov.in/suo-moto-disclosure/security-audit-certificate/
suo-moto-disclosure	https://www.dosje.gov.in/suo-moto-disclosure/organogram-of-nisd/
suo-moto-disclosure	https://www.dosje.gov.in/suo-moto-disclosure/rrs-of-nisd/
suo-moto-disclosure	https://www.dosje.gov.in/suo-moto-disclosure/moa-of-nisd/
suo-moto-disclosure	https://www.dosje.gov.in/suo-moto-disclosure/receipt-disposal-of-rti-applications-appeals/
suo-moto-disclosure	https://www.dosje.gov.in/suo-moto-disclosure/third-party-transparency-audit-report/
suo-moto-disclosure	https://www.dosje.gov.in/suo-moto-disclosure/annual-progress-report-under-section-25-of-the-rti-act-2005-1/
suo-moto-disclosure	https://www.dosje.gov.in/suo-moto-disclosure/list-of-central-public-information-officers-cpios-of-the-department-of-social-justice-and-empowerment-as-on-31-01-2017/
suo-moto-disclosure	https://www.dosje.gov.in/suo-moto-disclosure/list-of-first-appellate-authorities-as-on-31-01-2017/
suo-moto-disclosure	https://www.dosje.gov.in/suo-moto-disclosure/list-of-cpios-and-faas/
suo-moto-disclosure	https://www.dosje.gov.in/suo-moto-disclosure/list-of-cpio-and-faa/
suo-moto-disclosure	https://www.dosje.gov.in/suo-moto-disclosure/list-of-faa/
suo-moto-disclosure	https://www.dosje.gov.in/suo-moto-disclosure/list-of-cpio/
tender	https://www.dosje.gov.in/tender/investment-of-an-amount-of-rs-10-00-crore-in-fixed-reg-2/
tender	https://www.dosje.gov.in/tender/investment-of-an-amount-of-rs-174-00-crore-in-fixed-reg/
tender	https://www.dosje.gov.in/tender/online-bid-documents-in-gem-portal-for-printing-of-magazine-samajik-nyay-sandesh/
tender	https://www.dosje.gov.in/tender/request-for-proposal-empanelment-of-caterer-for-outdoor-catering-service-provider-at-dr-ambedkar-international-centre-daic/
tender	https://www.dosje.gov.in/tender/notice-to-psu-bank-for-investment-of-an-amount-of-rs-235-240-crore-in-fixed-deposit-dr-ambedkar-foundation/
tender	https://www.dosje.gov.in/tender/invitation-of-bids-for-empanelment-as-outdoor-catering-service-provider-for-daic-during-event/
tender	https://www.dosje.gov.in/tender/invitation-of-bids-for-running-canteen-cafeteria-at-first-floor-at-dr-ambedkar-international-centre-daic-through-e-procuremnet-online/
tender	https://www.dosje.gov.in/tender/request-for-proposal-for-empanelment-of-caterer-for-running-canteen-cafeteria-at-dr-ambedkar-national-memorial-danm/
tender	https://www.dosje.gov.in/tender/extension-of-date-for-submission-of-rfp-bids-for-running-canteen-cafeteria-at-danm/
tender	https://www.dosje.gov.in/tender/notice-inviting-expression-of-interest/
tender	https://www.dosje.gov.in/tender/invitation-for-bids-for-providing-the-manpower-outsourcing-services-to-office-of-dr-ambedkar-foundation-through-gem/
tender	https://www.dosje.gov.in/tender/tender-for-security-guards-for-parking-arrangement-in-lok-nayak-bhawan-khan-market-new-delhi/
tender	https://www.dosje.gov.in/tender/hindi-pakhwada-14-september-to-28-september-2024/
tender	https://www.dosje.gov.in/tender/invitation-for-bids-for-scanning-and-digitisation-services-through-gem/
tender	https://www.dosje.gov.in/tender/eoi-for-appo/
tender	https://www.dosje.gov.in/tender/offers-are-i-3/
tender	https://www.dosje.gov.in/tender/offers-are-i-4/
tender	https://www.dosje.gov.in/tender/offers-in-se/
tender	https://www.dosje.gov.in/tender/offers-are-i-5/
tender	https://www.dosje.gov.in/tender/offers-are-i-6/
tender	https://www.dosje.gov.in/tender/proposals-are-invited-for-annual-personal-contract-of-it-associates/
tender	https://www.dosje.gov.in/tender/offers-are-i-7/
tender	https://www.dosje.gov.in/tender/tender-notic-2/
tender	https://www.dosje.gov.in/tender/empanelment-3/
tender	https://www.dosje.gov.in/tender/eoi-for-empa-5/
tender	https://www.dosje.gov.in/tender/eoi-for-empa-6/
tender	https://www.dosje.gov.in/tender/offers-are-i-2/
tender	https://www.dosje.gov.in/tender/award-of-wor/
tender	https://www.dosje.gov.in/tender/inviting-off/
tender	https://www.dosje.gov.in/tender/notice-for-e-3/
tender	https://www.dosje.gov.in/tender/providing-se/
tender	https://www.dosje.gov.in/tender/eoi-for-empa-3/
tender	https://www.dosje.gov.in/tender/empanelment-2/
tender	https://www.dosje.gov.in/tender/appointment/
tender	https://www.dosje.gov.in/tender/offers-are-i/
tender	https://www.dosje.gov.in/tender/tender-notic/
tender	https://www.dosje.gov.in/tender/designing-a/
tender	https://www.dosje.gov.in/tender/designing-t/
tender	https://www.dosje.gov.in/tender/eoi-for-empa-4/
tender	https://www.dosje.gov.in/tender/outcome-base-4/
tender	https://www.dosje.gov.in/tender/venture-capi/
tender	https://www.dosje.gov.in/tender/effectivenes/
tender	https://www.dosje.gov.in/tender/notice-invit-2/
tender	https://www.dosje.gov.in/tender/evaluation-s/
tender	https://www.dosje.gov.in/tender/tender-cance/
tender	https://www.dosje.gov.in/tender/empanelment/
tender	https://www.dosje.gov.in/tender/notice-for-e-2/
tender	https://www.dosje.gov.in/tender/annual-contr/
tender	https://www.dosje.gov.in/tender/eoi-for-empa/
tender	https://www.dosje.gov.in/tender/eoi-for-empa-2/
tender	https://www.dosje.gov.in/tender/dg-set-on-sa/
tender	https://www.dosje.gov.in/tender/invitation-o/
tender	https://www.dosje.gov.in/tender/yearly-empan-2/
tender	https://www.dosje.gov.in/tender/outcome-base/
tender	https://www.dosje.gov.in/tender/outcome-base-2/
tender	https://www.dosje.gov.in/tender/outcome-base-3/
tender	https://www.dosje.gov.in/tender/manpower-ser/
tender	https://www.dosje.gov.in/tender/timely-disbu/
tender	https://www.dosje.gov.in/tender/tender-for-e/
tender	https://www.dosje.gov.in/tender/tender-bid-d/
tender	https://www.dosje.gov.in/tender/limited-bids/
tender	https://www.dosje.gov.in/tender/residential/
tender	https://www.dosje.gov.in/tender/bidding-docu/
tender	https://www.dosje.gov.in/tender/yearly-empan/
tender	https://www.dosje.gov.in/tender/medical-bene/
tender	https://www.dosje.gov.in/tender/bids-for-gen/
tender	https://www.dosje.gov.in/tender/offer-inviting-for-disposal-of-old-it-equipments-from-registered-e-waste-recyclers/
tender	https://www.dosje.gov.in/tender/request-for-proposal-rfp-from-state-skill-development-missions-ssdms-and-identified-govt-train/
tender	https://www.dosje.gov.in/tender/evaluation-study-on-top-class-education-for-sc-students/
tender	https://www.dosje.gov.in/tender/evaluation-study-on-functioning-of-dr-ambedkar-foundationdaf/
tender	https://www.dosje.gov.in/tender/evaluation-study-on-self-employment-scheme-for-rehabilitation-of-manual-scavengerssrms/
tender	https://www.dosje.gov.in/tender/evaluation-study-on-assistance-to-volunteer-organizations-working-for-scheduled-castesscs/
tender	https://www.dosje.gov.in/tender/appointment-of-audit-firms-for-conducting-internal-audit-of-nbcfdc-for-the-financial-year-2019-2/
tender	https://www.dosje.gov.in/tender/general-civil-and-interior-renovation-works-2/
tender	https://www.dosje.gov.in/tender/notice-for-e/
tender	https://www.dosje.gov.in/tender/notice-invit/
tender	https://www.dosje.gov.in/tender/custom-bid-for-services-carrying-out-interior-renovation-work/
tender	https://www.dosje.gov.in/tender/shilpotsav-2022/
tender	https://www.dosje.gov.in/tender/tender-for-providing-it-manpower-from-experienced-and-reputed-companies-firms-agencies-empanelled-wi/
tender	https://www.dosje.gov.in/tender/tender-for-providing-it-manpower-from-experienced-and-reputed-companies-firms-agencies-empanelled-wi-2/
tender	https://www.dosje.gov.in/tender/notice-for-empanelment-of-institutions-for-organizing-general-medical-camps-school-medical-camps/
tender	https://www.dosje.gov.in/tender/invitation-for-bids-medical-benefit-scheme/
tender	https://www.dosje.gov.in/tender/expression-of-interest-for-empanelment-of-industrial-establishments-under-industry-trained-indust/
tender	https://www.dosje.gov.in/tender/appointment-as-internal-auditors-for-undertaking-internal-audit-of-nbcfdc-2/
tender	https://www.dosje.gov.in/tender/invitation-for-bids-medical-benefit-scheme-2/
tender	https://www.dosje.gov.in/tender/tender-notice-for-group-health-insurance-policy/
tender	https://www.dosje.gov.in/tender/notice-for-hiring-of-taxiescommercial-use-through-gem-portal/
tender	https://www.dosje.gov.in/tender/eoi-inviting-partner-agencies-for-implementation-of-livelihood-component-of-seed-scheme/
tender	https://www.dosje.gov.in/tender/notice-for-inviting-tender-to-avail-the-services-of-scheduled-commercial-banks-for-transferring-interest-subvention-benefits-through-dbt/
tender	https://www.dosje.gov.in/tender/selection-of-programme-implementing-agency-to-organize-shilp-samagam-mela-at-amritsar/
tender	https://www.dosje.gov.in/tender/selection-of-programme-implementing-agency-to-organize-shilp-samagam-mela-at-shilpgram-gwalior/
tender	https://www.dosje.gov.in/tender/appointment-as-internal-auditors-for-undertaking-internal-audit-of-nbcfdc/
tender	https://www.dosje.gov.in/tender/tender-notice-for-group-health-insurance-policy-2/
tender	https://www.dosje.gov.in/tender/selection-of-a-professional-agency-for-preparation-of-proposal-for-re-categorization-schedule-change-from-schedule-c-to-b-and-formulation-of-business-plan-for-nbcfdc-for-next-5-years/
tender	https://www.dosje.gov.in/tender/request-for-uploading-eoi-documents-on-cpp-platform-and-nbcfdc-website/
tender	https://www.dosje.gov.in/tender/selection-of-programme-implementing-agenciespia-for-organizing-organising-the-shilp-samagam-mela-at-ahmedabad-gujarat-w-e-f-12-12-2025-to-18-12-2025/
tender	https://www.dosje.gov.in/tender/selection-of-programme-implementing-agenciespia-for-end-to-end-coordination-management-and-execution-of-tulip-b2b-buyer-meet/
tender	https://www.dosje.gov.in/tender/selection-of-programme-implementing-agenciespia-for-end-to-end-coordination-management-and-execution-of-tulip-b2b-buyer-meet-2/
tender	https://www.dosje.gov.in/tender/inviting-agencies-for-creating-awareness-registration-and-distribution-camps-for-the-health-insurance-component-in-the-state-of-rajasthan-under-the-scheme-for-economic-empowerment-of-dnts-seed/
tender	https://www.dosje.gov.in/tender/selection-of-programme-implementing-agenciespia-for-organizing-nasha-mukt-bharat-abhiyaannmba-at-bharat-madapam-new-delhi/
tender	https://www.dosje.gov.in/tender/shilp-samagam-mela-at-bhubaneswar-odisha-w-e-f-19-06-2025-to-25-06-2025-tentative-date-and-wishes-to-appoint-programme-implementing-agencies-pia-for-the-same/
tender	https://www.dosje.gov.in/tender/selection-of-programme-implementing-agenciespia-for-organising-chintan-shivir-at-dehradun-uttrakhand-from-7-8-april-2025/
tender	https://www.dosje.gov.in/tender/inviting-agencies-for-creating-awareness-registration-and-distribution-camps-for-the-health-insurance-component-in-the-states-of-up-mp-rajasthan-maharashtra-haryana-gujarat-tamil-nadu-under-th/
tender	https://www.dosje.gov.in/tender/notice-for-renovation-of-office-space-through-gem-portal/
tender	https://www.dosje.gov.in/tender/inviting-partner-agencies-for-organizing-livelihood-activities-under-scheme-for-economic-empowerment-of-dnts-seed/
tender	https://www.dosje.gov.in/tender/engagement-of-programme-implementing-agency-pia-for-suraj-kund-international-crafts-mela-2025/
tender	https://www.dosje.gov.in/tender/impact-study-of-the-lending-schemes-of-nbcfdc/
tender	https://www.dosje.gov.in/tender/event-management-and-other-allied-infrastructure-and-services-for-maha-kumbh-2025/
tender	https://www.dosje.gov.in/tender/general-civil-and-interior-renovation-works/
tender	https://www.dosje.gov.in/tender/selection-of-programme-implementing-agency-to-organize-shilp-samagam-mela-at-thiruvananthapuram/
tender	https://www.dosje.gov.in/tender/inviting-partners-for-organizing-livelihood-activities-under-scheme-for-economic-empowerment-of-dnts-seed/
tender	https://www.dosje.gov.in/tender/inviting-partners-for-organizing-livelihood-activities-under-scheme-for-economic-empowerment-of-dnts-seed-2/
tender	https://www.dosje.gov.in/tender/inviting-agencies-for-creating-awareness-registration-and-distribution-camps-for-the-health-insurance-component-in-the-state-of-gujarat-maharashtra-under-the-scheme-for-economic-empowerment-of-dnts/
tender	https://www.dosje.gov.in/tender/extension-of-last-date-for-invitation-of-bids-for-running-canteen-cafeteria-at-ground-floor-dr-ambedkar-national-memorial-danm/
tender	https://www.dosje.gov.in/tender/invitation-of-bids-for-running-canteencafeteria-at-ground-floor-of-danm/
tender	https://www.dosje.gov.in/tender/extension-of-submission-of-date-and-time-for-bid-for-supply-instllation-testing-and-commissioning-of-video-wall-of-bhim-auditorium-at-daic/
tender	https://www.dosje.gov.in/tender/expression-of-interest-eoi-for-evaluation-study-on-rashtriya-vayoshri-yojana-rvy/
tender	https://www.dosje.gov.in/tender/request-for-proposal-for-central-smart-surveillance-unit-cssu-for-department-of-social-justice-and-empowerment-on-boo-build-own-operate-model/
tender	https://www.dosje.gov.in/tender/notice-inviting-e-tender-nit-for-conducting-an-evaluation-study-on-rashtriya-vayoshri-yojana-rvy/
tender	https://www.dosje.gov.in/tender/notice-inviting-e-tender-nit-for-conducting-an-impact-assessment-on-post-matric-scholarship-for-sc-students/
tender	https://www.dosje.gov.in/tender/notice-inviting-e-tender-nit-for-conducting-an-impact-assessment-of-schemes-top-class-education-for-scs-national-overseas-scholarship-for-scs-and-dr-am/
tender	https://www.dosje.gov.in/tender/request-for-proposal-for-central-smart-surveillance-unit-with-artificial-intelligence-enabled-unified-it-platform-for-automated-ai-enabled-activity-attendance-monitoring-and-real-time-data-analytics/
tender	https://www.dosje.gov.in/tender/request-for-proposal-rfp-for-social-audit-mis/
tender	https://www.dosje.gov.in/tender/corrigendum-request-for-proposal-for-central-smart-surveillance-unit-with-artificial-intelligence-enabled-unified-it-platform-for-automated-ai-enabled-activity-attendance-monitoring-and-real-time-d/
tender	https://www.dosje.gov.in/tender/corrigendum-2-request-for-proposal-for-central-smart-surveillance-unit-with-artificial-intelligence-enabled-unified-it-platform-for-automated-ai-enabled-activity-attendance-monitoring-and-real-time/
tender	https://www.dosje.gov.in/tender/corrigendum-request-for-proposal-rfp-for-social-audit-mis/
tender	https://www.dosje.gov.in/tender/request-for-proposal-rfp-for-central-smart-surveillance-unit-with-artificial-intelligence-enabled-unified-it-platform-for-automated-ai-enabled-activity-attendance-monitoring-and-real-time-data-ana/
tender	https://www.dosje.gov.in/tender/corrigendum-request-for-proposal-rfp-for-central-smart-surveillance-unit-with-artificial-intelligence-enabled-unified-it-platform-for-automated-ai-enabled-activity-attendance-monitoring-and-real/
tender	https://www.dosje.gov.in/tender/notice-inviting-e-tender-nit-for-conducting-an-evaluation-study-of-dr-ambedkar-foundationdaf-chairs-and-to-assess-the-support-provided-by-daf-to-the-dr-ambedkar-chairs/
tender	https://www.dosje.gov.in/tender/notice-inviting-e-tender-nit-for-conducting-an-evaluation-study-to-check-the-effectiveness-of-scheme-of-dosje-i-e-venture-capital-fund-for-scs-and-obcs-and-ambedkar-social-innovation-incubation-mi/
tender	https://www.dosje.gov.in/tender/nit-for-conducting-an-evaluation-study-to-check-the-effectiveness-of-scheme-of-dosje-i-e-support-for-marginalized-individuals-for-livelihood-and-enterprise-smile-scheme-sub-scheme-css/
tender	https://www.dosje.gov.in/tender/nit-for-conducting-an-evaluation-study-to-check-the-effectiveness-of-scheme-of-dosje-i-e-three-components-of-pm-ajay-scheme-namely-adarsh-gram-grant-in-aid-and-hostel/
tender	https://www.dosje.gov.in/tender/annual-contract-for-supply-of-packed-drinking-water-jar-20-ltr-of-kinley-brand-in-the-department-of-sje/
tender	https://www.dosje.gov.in/tender/amc-of-kts-systems-installed-in-the-department/
tender	https://www.dosje.gov.in/tender/tender-for-amc-of-fax-machines/
tender	https://www.dosje.gov.in/tender/amc-for-repair-of-staff-cars-of-this-department/
tender	https://www.dosje.gov.in/tender/annual-contract-for-supply-of-packed-drinking-water-jar-20-ltr-of-kinley-brand-in-the-department-of-social-justice-and-empowerment/
tender	https://www.dosje.gov.in/tender/quotation-are-invited-for-work-of-scanning-ans-storage-in-pdf-files-of-the-books-of-collected-work-of-babasaheb-ambedkar-in-different-languages/
tender	https://www.dosje.gov.in/tender/tender-for-fsma-of-different-make-of-photocopiers/
tender	https://www.dosje.gov.in/tender/tender-for-supply-of-computer-accessories-and-peripherals/
tender	https://www.dosje.gov.in/tender/annual-contract-for-outsourcing-of-hiring-of-sweepers-in-this-department/
tender	https://www.dosje.gov.in/tender/tender-for-hiring-of-services-of-staff-car-drivers/
tender	https://www.dosje.gov.in/tender/tender-for-house-keeping-services-for-bjrnf-new-delhi/
tender	https://www.dosje.gov.in/tender/annual-contract-for-outsourcing-of-services-of-multi-tasking-staff-in-the-department-of-social-justice-and-empowerment/
tender	https://www.dosje.gov.in/tender/tender-for-hiring-of-taxis-2/
tender	https://www.dosje.gov.in/tender/tender-for-disposing-of-condemned-staff-car/
tender	https://www.dosje.gov.in/tender/tender-for-fsma-of-toshiba-photocopiers/
tender	https://www.dosje.gov.in/tender/tender-for-hiring-of-services-of-security-guard/
tender	https://www.dosje.gov.in/tender/tender-for-evaluation-study-on-functioning-of-old-age-homes-day-care-centres-and-integrated-rehabilitation-centres-for-drug-addicts-ircas-funded-by-d-o-social-justice-empowerment/
tender	https://www.dosje.gov.in/tender/corrigendum-evaluation-study-on-functioning-of-old-age-homes-day-care-centres-and-integrated-rehabilitation-centres-for-drug-addicts-ircas-funded-by-d-o-social-justice-empowerment/
tender	https://www.dosje.gov.in/tender/corrigendum-2-evaluation-study-on-functioning-of-old-age-homes-day-care-centres-and-integrated-rehabilitation-centres-for-drug-addicts-ircas-funded-by-d-o-social-justice-empowerment/
tender	https://www.dosje.gov.in/tender/state-wise-list-of-ircas-for-2016-17/
tender	https://www.dosje.gov.in/tender/evaluation-study-on-self-employment-scheme-for-rehabilitation-of-manual-scavengers-srms/
tender	https://www.dosje.gov.in/tender/corrigendum-tender-for-self-employment-scheme-for-rehabilitation-of-manual-scavengers-srms/
tender	https://www.dosje.gov.in/tender/evaluation-study-on-effectiveness-and-impact-of-activities-of-nisd-in-the-field-of-drug-abuse-prevention-old-age-care/
tender	https://www.dosje.gov.in/tender/notice-evaluation-study-on-functioning-of-old-age-homes-day-care-centres-and-integrated-rehabilitation-centres-for-drug-addicts-ircas/
tender	https://www.dosje.gov.in/tender/corrigendum-evaluation-study-on-effectiveness-and-impact-of-activities-of-nisd-in-the-field-of-drug-abuse-prevention-old-age-care/
tender	https://www.dosje.gov.in/tender/evaluation-study-on-outcome-based-evaluation-of-babu-jagjivan-ram-chhattravas-yojana-and-construction-of-hostels-for-obc-boys-and-girls/
tender	https://www.dosje.gov.in/tender/evaluation-study-on-venture-capital-fund-for-scheduled-castes-entrepreneurs/
tender	https://www.dosje.gov.in/tender/evaluation-study-on-outcome-based-evaluation-of-post-matric-scholarship-scheme-for-scheduled-castes-scs-other-backward-classes-obcs/
tender	https://www.dosje.gov.in/tender/corrigendum-outcome-based-evaluation-of-babu-jagjivan-ram-chhattravas-yojana-and-construction-of-hostels-for-obc-boys-and-girls/
tender	https://www.dosje.gov.in/tender/f-no-15-7-2017res-pd/
tender	https://www.dosje.gov.in/tender/clarifications-in-response-of-queries-raised-in-pre-bid-meeting-in-respect-of-evaluation-study-on-outcome-based-evaluation-of-post-matric-scholarship-scheme-for-scheduled-castes-scs-other-backwa/
tender	https://www.dosje.gov.in/tender/evaluation-study-on-the-functioning-of-the-finance-development-corporations-of-d-o-social-justice-and-empowerment/
tender	https://www.dosje.gov.in/tender/evaluation-study-on-outcome-based-evaluation-of-pre-matric-scholarship-schemes-for-scheduled-castes-scs-and-other-backward-classes-obcs/
tender	https://www.dosje.gov.in/tender/corrigendum-pre-bid-meeting-on-evaluation-study-of-outcome-based-evaluation-of-pre-matric-scholarship-schemes-for-scheduled-castes-scs-and-other-backward-classes-obcs/
tender	https://www.dosje.gov.in/tender/corrigendum-evaluation-study-on-the-functioning-of-the-finance-development-corporations-of-d-o-social-justice-and-empowerment/
tender	https://www.dosje.gov.in/tender/annual-contract-for-outsourcing-of-services-of-multi-tasking-staff-mts-in-the-department-of-social-justice-and-empowerment-reg/
tender	https://www.dosje.gov.in/tender/engagement-of-data-entry-operator-at-dr-ambedkar-foundation-new-delhi/
tender	https://www.dosje.gov.in/tender/tender-for-security-guards-mts-house-keeping-at-dr-ambedkar-foundation-new-delhi/
tender	https://www.dosje.gov.in/tender/notice-evaluation-study-on-outcome-based-evaluation-of-pre-matric-scholarship-schemes-for-scheduled-castes-scs-and-other-backward-classes-obcs/
tender	https://www.dosje.gov.in/tender/e-tender-notice-for-inviting-quotation-for-printing-of-annual-report-for-the-year-2017-18/
tender	https://www.dosje.gov.in/tender/tender-for-hiring-of-manpower-services-of-ticket-sellers-at-dr-ambedkar-national-memorial-delhi/
tender	https://www.dosje.gov.in/tender/tender-for-purchase-of-automatic-ticket-vending-machine/
tender	https://www.dosje.gov.in/tender/tender-quotation-for-catering-service-for-dr-ambedkar-national-memorial-26-alipur-road-delhi-2/
tender	https://www.dosje.gov.in/tender/tender-quotation-for-catering-service-for-dr-ambedkar-national-memorial-26-alipur-road-delhi/
tender	https://www.dosje.gov.in/tender/annual-contract-for-outsourcing-of-watch-ward-duty-security-guards-mts-house-keeping-in-dr-ambedkar-foundation-new-delhi/
tender	https://www.dosje.gov.in/tender/tender-for-printing-re-printing-of-17-volumes-their-parts-in-english-language-of-collected-works-of-dr-babasaheb-ambedkar-deluxe-edition-hard-bound/
tender	https://www.dosje.gov.in/tender/tender-cancellation-notice/
tender	https://www.dosje.gov.in/tender/annual-contract-for-hiring-of-air-conditioners-in-the-department-of-social-justice-empowerment/
tender	https://www.dosje.gov.in/tender/calling-for-sealed-quotation-for-preparation-of-accounts-of-dr-ambedkar-foundation-by-chartered-accountant-firms/
tender	https://www.dosje.gov.in/tender/invitation-for-tenders-in-respect-of-contract-for-lifting-of-waste-papers-from-dosje-shastri-bhawan-new-delhi/
tender	https://www.dosje.gov.in/tender/quotation-for-disposal-of-staff-car/
tender	https://www.dosje.gov.in/tender/tender-for-printing-of-samajik-nyay-sandesh-monthly-magazine-of-dr-ambedkar-foundation/
tender	https://www.dosje.gov.in/tender/extension-of-date-of-bid-for-the-cafeteria-in-danm/
tender	https://www.dosje.gov.in/tender/canteen-cafeteria-in-dr-ambedkar-national-memorial-26-alipur-road-delhi/
tender	https://www.dosje.gov.in/tender/invitation-of-bids-for-empanelment-as-outdoor-caterering-service-providers-for-dr-ambedkar-international-centre/
tender	https://www.dosje.gov.in/tender/different-items-of-works-on-the-occasion-of-mahaparinirvan-diwas-of-dr-b-r-ambedkar-to-be-observed-on-06-12-2018-at-parliament-house-lawns/
tender	https://www.dosje.gov.in/tender/invitation-of-bids-for-engagement-of-a-professional-agency-to-assist-dr-ambedkar-international-centre-and-dr-ambedkar-national-memorial-in-organizing-all-elements-of-the-quiz-program/
tender	https://www.dosje.gov.in/tender/corrigendum-to-tender-no-17020-34-2018-scd-vi-daic-dated-08-10-2018/
tender	https://www.dosje.gov.in/tender/evaluation-study-on-outcome-based-evaluation-of-pre-matric-scholarship-scheme-for-other-backward-classes-obcs/
tender	https://www.dosje.gov.in/tender/evaluation-study-on-functioning-of-sc-st-protection-cells-as-per-the-responsibilities-specified-under-rule-8-of-the-poa-rules/
tender	https://www.dosje.gov.in/tender/evaluation-study-on-timely-disbursement-of-relief-amount-to-atrocity-victims-as-per-the-scale-of-relief-specified-in-the-scheduled-castes-and-scheduled-tribes-prevention-of-atrocities-rules-1955/
tender	https://www.dosje.gov.in/tender/tender-for-inviting-quotations-for-printing-the-annual-report-for-2018-19/
tender	https://www.dosje.gov.in/tender/tender-for-hiring-of-taxis/
tender	https://www.dosje.gov.in/tender/corrigendum-tender-for-the-multi-level-parking-at-dr-ambedkar-national-memorial-26-alipur-road-new-delhi/
tender	https://www.dosje.gov.in/tender/tender-document-for-designing-printing-supply-of-wall-table-calendar-and-laminated-display-blowups-for-dr-ambedkar-foundation/
tender	https://www.dosje.gov.in/tender/tender-for-annual-contract-for-printing-of-various-types-of-printing-stationery-i-e-do-letter-etc/
tender	https://www.dosje.gov.in/tender/tender-for-the-multi-level-parking-at-danm/
tender	https://www.dosje.gov.in/tender/tender-for-printing-re-printing-of-collected-works-of-dr-babasaheb-ambedkar-cwba-in-deluxe-edition-hard-bound-popular-edition/
tender	https://www.dosje.gov.in/tender/registration-of-vendor-books-suppliers-at-dr-ambedkar-international-centre-15-janpath-new-delhi/
tender	https://www.dosje.gov.in/tender/tender-notice-for-supply-of-bisleri-aquafina-20-lts-1-ltr-500-ml-from-authorised-dealers/
tender	https://www.dosje.gov.in/tender/annual-maintenance-contract-for-the-repair-and-maintenance-of-water-dispenser-ro-system-water-cooler-in-the-department-of-social-justice-empowerment/
tender	https://www.dosje.gov.in/tender/calling-for-online-quotations-for-different-items-of-works-on-the-occasion-of-mahaparinirvan-diwas-of-dr-b-r-ambedkar-to-be-observed-on-06-12-2019-friday-at-parliament-house-lawns/
tender	https://www.dosje.gov.in/tender/tender-for-assistance-to-voluntary-organizations-working-for-scheduled-castes-scs/
tender	https://www.dosje.gov.in/tender/tender-for-self-employment-scheme-for-rehabilitation-of-manual-scavengers-srms/
tender	https://www.dosje.gov.in/tender/tender-for-functioning-of-dr-ambedkar-foundation-daf/
tender	https://www.dosje.gov.in/tender/tender-for-free-coaching-scheme-for-sc-and-obc-students/
tender	https://www.dosje.gov.in/tender/tender-for-top-class-education-for-sc-students/
tender	https://www.dosje.gov.in/tender/tender-for-functioning-of-national-backward-classes-finance-and-development-corporation-nbcfdc/
tender	https://www.dosje.gov.in/tender/tender-for-functioning-of-national-scheduled-castes-finance-and-development-corporation-nsfdc/
tender	https://www.dosje.gov.in/tender/tender-for-functioning-of-national-institute-of-social-defence-nisd/
tender	https://www.dosje.gov.in/tender/tender-for-pradhan-mantri-adarsh-gram-yojana-pmagy/
tender	https://www.dosje.gov.in/tender/tender-for-post-matric-scholarship-for-scheduled-caste-sc-students/
tender	https://www.dosje.gov.in/tender/tender-for-pre-matric-scholarships-to-the-children-of-those-engaged-in-occupations-involving-cleaning-and-prone-to-health-hazards/
tender	https://www.dosje.gov.in/tender/corrigendum-tender-for-pradhan-mantri-adarsh-gram-yojana-pmagy/
tender	https://www.dosje.gov.in/tender/tender-for-venture-capital-fund-for-scheduled-castes-vcf-sc/
tender	https://www.dosje.gov.in/tender/tender-for-integrated-programme-for-senior-citizens-ipsrc/
tender	https://www.dosje.gov.in/tender/notice-inviting-limited-tender-for-outsourcing-of-deos-mts-housekeeping-staff-in-ncsk/
tender	https://www.dosje.gov.in/tender/corrigendum-dated-5-8-2021-in-tender/
tender	https://www.dosje.gov.in/tender/tender-for-national-fellowship-for-scheduled-caste-sc-students/
tender	https://www.dosje.gov.in/tender/tender-for-cleanliness-of-common-service-area-of-lok-nayak-bhawan-khan-market-new-delhi/
tender	https://www.dosje.gov.in/tender/tender-for-national-overseas-scholarship-nos-for-sc-students/
tender	https://www.dosje.gov.in/tender/tender-notice/
tender	https://www.dosje.gov.in/tender/tender-for-national-safai-karamcharis-finance-and-development-corporation-nskfdc/
tender	https://www.dosje.gov.in/tender/tender-for-special-central-assistance-to-scheduled-caste-sub-plan-sca-to-scsp/
tender	https://www.dosje.gov.in/tender/tender-for-facility-management-service-providers-for-operation-and-maintenance-in-daic/
tender	https://www.dosje.gov.in/tender/calling-for-sealed-quotations-for-different-items-of-works-on-the-occasion-of-birth-anniversary-of-dr-b-r-ambedkar-to-be-celebrated-on-14-04-2020-tuesday-at-parliament-house-lawns/
tender	https://www.dosje.gov.in/tender/investment-of-an-amount-of-rs-164-00-crore-in-fixed-deposite-reg/
tender	https://www.dosje.gov.in/tender/limitedd-tender-enquiry-for-printing-and-supply-of-merit-award-certificates-and-raxin-certificate-folder-for-the-year-2018-and-letter-head-a-4-envelope-laminated-yellow-envelope-all-printed-with-o/
tender	https://www.dosje.gov.in/tender/invitation-of-bids-for-empanelment-as-outdoor-catering-service-providers-for-dr-ambedkar-international-centre/
tender	https://www.dosje.gov.in/tender/invitation-of-bids-for-running-canteen-cafeteria-at-dr-ambedkar-international-centre-15-janpath-new-delhi-110001/
tender	https://www.dosje.gov.in/tender/tender-notice-for-disposal-of-auction-of-old-and-unserviceable-office-equipments-and-furniture-in-ncbc/
tender	https://www.dosje.gov.in/tender/extension-of-last-date-for-submission-of-bids-for-running-canteen-cafeteria-at-first-floor-of-dr-ambedkar-international-centre-daic-janpath-new-delhi/
tender	https://www.dosje.gov.in/tender/extension-of-last-date-for-submission-of-rfp-bids-invitation-of-bids-for-empanelment-as-outdoor-catering-services-providers-for-daic-pdf-edit/
tender	https://www.dosje.gov.in/tender/tender-for-security-services/
tender	https://www.dosje.gov.in/tender/tender-for-housekeeping-services/
tender	https://www.dosje.gov.in/tender/tender-for-security-guards/
tender	https://www.dosje.gov.in/tender/notice-to-psu-bank-for-investment/
tender	https://www.dosje.gov.in/tender/invitation-of-bids-for-printing-of-magazine-samajik-nyay-sandesh-of-daic/
tender	https://www.dosje.gov.in/tender/appointment-of-statutory-auditor-for-dr-ambedkar-foundation-for-the-f-y-2016-17/
tender	https://www.dosje.gov.in/tender/hiring-of-taxi-in-dr-ambedkar-foundation/
tender	https://www.dosje.gov.in/tender/tender-for-printing-of-annual-report-of-daf-for-the-year-2016-17/
tender	https://www.dosje.gov.in/tender/setting-up-national-helpline-for-senior-citizens-nhsc-in-ladakh/
tender	https://www.dosje.gov.in/tender/technical-bid-and-financial-bid-from-manpower-agencies-for-providing-services-of-data-entry-operators/
tender	https://www.dosje.gov.in/tender/setting-up-national-helpline-for-senior-citizens-nhsc-in-west-bengal/
tender	https://www.dosje.gov.in/tender/setting-up-national-helpline-for-senior-citizens-nhsc-in-uttrakhand/
tender	https://www.dosje.gov.in/tender/tender-for-watch-ward-duty-security-guards-mts-house-keeping/
tender	https://www.dosje.gov.in/tender/setting-up-national-helpline-for-senior-citizens-nhsc-in-tripura/
tender	https://www.dosje.gov.in/tender/setting-up-national-helpline-for-senior-citizens-nhsc-in-tamil-nadu/
tender	https://www.dosje.gov.in/tender/corrigendum-to-tender-for-watch-ward-duty-security-guards-mts-house-keeping/
tender	https://www.dosje.gov.in/tender/setting-up-national-helpline-for-senior-citizens-nhsc-in-sikkim/
tender	https://www.dosje.gov.in/tender/corrigendum-to-tender-for-data-entry-operators/
tender	https://www.dosje.gov.in/tender/setting-up-national-helpline-for-senior-citizens-nhsc-in-rajasthan/
tender	https://www.dosje.gov.in/tender/setting-up-national-helpline-for-senior-citizens-nhsc-in-punjab/
tender	https://www.dosje.gov.in/tender/calling-for-sealed-quotations-occasion-of-mahaparinirvan-diwas/
tender	https://www.dosje.gov.in/tender/setting-up-national-helpline-for-senior-citizens-nhsc-in-mizoram/
tender	https://www.dosje.gov.in/tender/setting-up-national-helpline-for-senior-citizens-nhsc-in-meghalaya/
tender	https://www.dosje.gov.in/tender/tender-for-re-printing-of-17-volumes-their-parts-total-20-books-in-english-language-of-collected-works-of-dr-babasaheb-ambedkar-deluxe-edition/
tender	https://www.dosje.gov.in/tender/setting-up-national-helpline-for-senior-citizens-nhsc-in-manipur/
tender	https://www.dosje.gov.in/tender/setting-up-national-helpline-for-senior-citizens-nhsc-in-jharkhand/
tender	https://www.dosje.gov.in/tender/tenders-were-called-vide-this-office-letter-dt-26-09-2017-from-reputed-experienced-and-financially-sould-manpower-agencies-for-providing-services-of-watch-ward-duty-security-guard-has-been-cance/
tender	https://www.dosje.gov.in/tender/setting-up-national-helpline-for-senior-citizens-nhsc-in-haryana/
tender	https://www.dosje.gov.in/tender/setting-up-national-helpline-for-senior-citizens-nhsc-in-gujarat/
tender	https://www.dosje.gov.in/tender/re-printing-of-17-volumes-their-parts-total-20-books-containing-about-13930-pages-in-english-language-of-collected-works-of-dr-babasahed-ambedkar-eluxe-edition-hard-bound-1000-copies-of-each/
tender	https://www.dosje.gov.in/tender/setting-up-national-helpline-for-senior-citizens-nhsc-in-goa/
tender	https://www.dosje.gov.in/tender/annual-contract-for-outsourcing-of-watch-ward-duty-security-guards-mts-house-keeping-in-dr-ambedkar-foundation/
tender	https://www.dosje.gov.in/tender/setting-up-national-helpline-for-senior-citizens-nhsc-in-bihar/
tender	https://www.dosje.gov.in/tender/tender-for-camc-of-photocopier-machine-to-be-posted-on-website/
tender	https://www.dosje.gov.in/tender/setting-up-national-helpline-for-senior-citizens-nhsc-in-assam/
tender	https://www.dosje.gov.in/tender/tender-for-preparation-of-accounts/
tender	https://www.dosje.gov.in/tender/setting-up-national-helpline-for-senior-citizens-nhsc-in-arunachal-pradesh/
tender	https://www.dosje.gov.in/tender/tender-for-printing-of-citation-certificates/
tender	https://www.dosje.gov.in/tender/setting-up-national-helpline-for-senior-citizens-nhsc-in-andhra-pradesh/
tender	https://www.dosje.gov.in/tender/setting-up-national-helpline-for-senior-citizens-nhsc-in-uttar-pradesh/
tender	https://www.dosje.gov.in/tender/setting-up-national-helpline-for-senior-citizens-nhsc-in-telangana/
tender	https://www.dosje.gov.in/tender/tender-for-printing-of-magazine-samajik-nyay-sandesh/
tender	https://www.dosje.gov.in/tender/setting-up-national-helpline-for-senior-citizens-nhsc-in-lakshadweep/
tender	https://www.dosje.gov.in/tender/setting-up-national-helpline-for-senior-citizens-nhsc-in-karnataka/
tender	https://www.dosje.gov.in/tender/setting-up-national-helpline-for-senior-citizens-nhsc-in-himachal-pradesh/
tender	https://www.dosje.gov.in/tender/calling-for-sealed-quotations-for-different-items-of-works-on-the-occasion-of-mahaparinirvan-diwas-of-dr-b-r-ambedkar-to-be-observed-on-06-12-2018-thursday-at-parliament-house-lawns/
tender	https://www.dosje.gov.in/tender/setting-up-national-helpline-for-senior-citizens-nhsc-in-odisha/
tender	https://www.dosje.gov.in/tender/setting-up-national-helpline-for-senior-citizens-nhsc-in-madhya-pradesh/
tender	https://www.dosje.gov.in/tender/setting-up-national-helpline-for-senior-citizens-nhsc-in-kerala/
tender	https://www.dosje.gov.in/tender/tender-for-printing-of-wall-table-calendars-of-dr-ambedkar-foundation-for-the-year-2019/
tender	https://www.dosje.gov.in/tender/setting-up-national-helpline-for-senior-citizens-nhsc-in-jammu-and-kashmir/
tender	https://www.dosje.gov.in/tender/setting-up-national-helpline-for-senior-citizens-nhsc-in-delhi/
tender	https://www.dosje.gov.in/tender/setting-up-national-helpline-for-senior-citizens-nhsc-in-andaman-and-nicobar-islands/
tender	https://www.dosje.gov.in/tender/invitation-of-bids-for-running-canteencafeteria-at-ground-floor-of-dr-ambedkar-national-memorial-danm/
tender	https://www.dosje.gov.in/tender/setting-up-national-helpline-for-senior-citizens-nhsc-in-the-states-uts-tenders-floated-over-https-eprocure-gov-in-eprocure-app/
tender	https://www.dosje.gov.in/tender/invitation-of-bids-for-empanelment-as-outdoor-catering-services-providers-at-dr-ambedkar-international-centre-15-janpath-new-delhi/
tender	https://www.dosje.gov.in/tender/extenstion-of-date-invitation-of-bids-for-running-canteencafeteria-at-ground-floor-of-dr-ambedkar-national-memorial-danm/
tender	https://www.dosje.gov.in/tender/extenstion-of-date-invitation-of-bids-for-empanelment-as-outdoor-catering-services-providers-at-dr-ambedkar-international-centre-15-janpath-new-delhi/
tender	https://www.dosje.gov.in/tender/comprehensive-annual-maintenance-contract-for-nisd-building-reg/
tender	https://www.dosje.gov.in/tender/appointment-of-statutory-auditor-for-dr-ambedkar-international-centre-and-dr-ambedkar-foundation/
tender	https://www.dosje.gov.in/tender/investment-of-an-amount-of-rs-10-00-crore-in-fixed-reg/
tender	https://www.dosje.gov.in/tender/investment-of-an-amount-of-rs-174-00-crore-in-fixed-reg-2/
tender	https://www.dosje.gov.in/tender/request-for-proposal-for-supply-of-safety-kits-devices-to-sewer-and-septic-tank-workers-at-west-zone/
tender	https://www.dosje.gov.in/tender/cancellation-of-eoi-dated-20-03-2025-for-purchasing-of-office-space-for-nskfdc/
tender	https://www.dosje.gov.in/tender/request-for-proposal-rfp-for-purchase-of-office-space-in-delhi/
tender	https://www.dosje.gov.in/tender/corrigendum-regarding-typo-mistake-of-second-paragraph-at-page-no-1-shall-be-treated-read/
tender	https://www.dosje.gov.in/tender/addendumnskfdc-has-again-scheduled-a-pre-bid-meeting/
tender	https://www.dosje.gov.in/tender/request-for-proposal-rfp-for-engagement-of-programme-implementing-agency-pia-to-conceptualize-design-plan-coordinate-manage-execute-the-15-days-shilp-samagam-mela-at-dilli-h/
tender	https://www.dosje.gov.in/tender/notice-for-opening-the-technical-bids-for-purchasing-of-office-space-for-nskfdc/
tender	https://www.dosje.gov.in/tender/notice-for-inviting-tender-to-design-develop-and-maintain-a-website-for-nsfdc/
tender	https://www.dosje.gov.in/tender/tender-for-selection-of-programme-implementing-agency-pia-to-organize-shilp-samagam-mela-at-freedom-park-gandhi-nagar-bengaluru-karnataka/
tender	https://www.dosje.gov.in/tender/invites-tenders-for-conducting-impact-evaluation-study-to-assess-the-impact-of-schemes-of-the-corporation-on-the-beneficiaries-at-grassroots-level-on-pan-india-basis/
tender	https://www.dosje.gov.in/tender/expression-of-interest-eoi-for-engaging-a-part-time-consultant-firm-for-providng-social-stock-exchange-sse-releated-services/
tender	https://www.dosje.gov.in/tender/announcements-with-respect-to-tendering-for-new-nsfdc-website-gem-bid-ref-no-gem-2025-b-6519656/
tender	https://www.dosje.gov.in/tender/corrigendum-and-clarification-for-tender-of-new-nsfdc-website-14-08-2025/
tender	https://www.dosje.gov.in/tender/notice-regarding-extension-of-date-for-opening-of-financial-bid-in-respect-of-tender-for-nsfdc-impact-evaluation-study/
tender	https://www.dosje.gov.in/tender/notice-regarding-extension-of-date-for-opening-of-financial-bid-in-respect-of-tender-of-new-nsfdc-website/
updates	https://www.dosje.gov.in/updates/3rd-national-lok-adalat-awareness-material-2026/
updates	https://www.dosje.gov.in/updates/pre-bid-meeting-tender-id-gem-2026-b-7743923/
updates	https://www.dosje.gov.in/updates/mou-signed-between-department-of-social-justice-empowerment-and-national-legal-services-authority-nalsa-for-awareness-generation-on-social-welfare-schemes-on-30-09-2024-2/
updates	https://www.dosje.gov.in/updates/gujarat-14-booked-in-banaskantha-village-for-social-ostracization-of-dalits-2/
updates	https://www.dosje.gov.in/updates/crime-against-scheduled-castes-scheduled-tribes-saw-a-rise-of-7-and-26-in-2019-ncrb-2/
updates	https://www.dosje.gov.in/updates/gujarat-14-booked-in-banaskantha-village-for-social-ostracization-of-dalits/
updates	https://www.dosje.gov.in/updates/crime-against-scheduled-castes-scheduled-tribes-saw-a-rise-of-7-and-26-in-2019-ncrb/
updates	https://www.dosje.gov.in/updates/all-insults-not-offence-under-sc-st-act-supreme-court/
updates	https://www.dosje.gov.in/updates/mou-signed-between-department-of-social-justice-empowerment-and-national-legal-services-authority-nalsa-for-awareness-generation-on-social-welfare-schemes-on-30-09-2024/
vacancies	https://www.dosje.gov.in/vacancies/short-term-internship-programme-at-daic-september-2026/
vacancies	https://www.dosje.gov.in/vacancies/short-term-internship-programme-at-dr-ambedkar-international-centre-15-janpath-new-delhi-110001-3/
vacancies	https://www.dosje.gov.in/vacancies/vacancy-circular-for-engagement-as-young-professional-for-post-of-assistant-accounts-walk-in-interview/
vacancies	https://www.dosje.gov.in/vacancies/result-for-the-post-of-financial-advisor-on-deputation-basis-at-daic/
vacancies	https://www.dosje.gov.in/vacancies/schedule-of-walk-in-interview-for-young-professional/
vacancies	https://www.dosje.gov.in/vacancies/vacancy-circular-for-the-post-of-financial-advisor/
vacancies	https://www.dosje.gov.in/vacancies/short-term-internship-programme-at-daic-december-2025/
vacancies	https://www.dosje.gov.in/vacancies/corrigendum-date-extended-for-submission-of-application-for-the-post-of-financial-adviser-on-deputation-basis-at-daic-2025/
vacancies	https://www.dosje.gov.in/vacancies/vacancy-circular-for-the-post-of-financial-adviser-at-daic-on-deputation-basis-2025/
vacancies	https://www.dosje.gov.in/vacancies/selection-for-the-post-of-research-associate-and-young-professional-at-daic-on-contract-basis/
vacancies	https://www.dosje.gov.in/vacancies/vacancy-circular-for-engagement-of-research-associate-on-contract-basis-walk-in-interview/
vacancies	https://www.dosje.gov.in/vacancies/vacancy-circular-for-the-post-of-associate-professor-at-daic-on-deputation-basis-last-date-08-12-2023-by-600-pm/
vacancies	https://www.dosje.gov.in/vacancies/corrigendum-extended-for-submission-of-application-for-the-post-of-associate-professor-ldo-deputy-curator-conservator-assistant-caretaker-on-deputation-basis-at-daic/
vacancies	https://www.dosje.gov.in/vacancies/short-term-internship-programme-at-daic-january-2026/
vacancies	https://www.dosje.gov.in/vacancies/short-term-internship-programme-at-daic-february-2026/
vacancies	https://www.dosje.gov.in/vacancies/vacancy-circular-for-engagement-of-young-professionals-in-dr-ambedkar-international-centre-on-contract-basis-walk-in-interview/
vacancies	https://www.dosje.gov.in/vacancies/vacancy-circular-for-the-post-of-financial-adviser-at-daic-on-deputation-basis/
vacancies	https://www.dosje.gov.in/vacancies/short-term-internship-programme-at-daic-march-2026/
vacancies	https://www.dosje.gov.in/vacancies/result-for-the-young-professional-on-contract-basis-at-daic/
vacancies	https://www.dosje.gov.in/vacancies/short-term-internship-programme-at-daic-april-2026/
vacancies	https://www.dosje.gov.in/vacancies/corrigendum-date-extended-for-submission-of-application-for-the-post-of-financial-adviser-on-deputation-basis-at-daic-2026/
vacancies	https://www.dosje.gov.in/vacancies/short-term-internship-programme-at-daic-may-2026/
vacancies	https://www.dosje.gov.in/vacancies/corrigendum-date-extended-for-submission-of-application-for-the-post-of-financial-adviser-on-deputation-basis-at-daic-2/
vacancies	https://www.dosje.gov.in/vacancies/short-term-internship-programme-at-daic-june-2026/
vacancies	https://www.dosje.gov.in/vacancies/short-term-internship-programme-at-daic-july-2026/
vacancies	https://www.dosje.gov.in/vacancies/short-term-internship-programme-at-daic-august-2026/
vacancies	https://www.dosje.gov.in/vacancies/walk-in-interview-for-various-posts-at-daic-on-contract-basis/
vacancies	https://www.dosje.gov.in/vacancies/vacancy-circular-for-the-post-of-associate-professor-at-daic-on-deputation-basis-last-date-29-02-2024-by-600-pm/
vacancies	https://www.dosje.gov.in/vacancies/vacancy-circular-for-various-posts-in-the-dr-ambedkar-international-centre-on-deputation-basis/
vacancies	https://www.dosje.gov.in/vacancies/vacancy-circular-for-engagement-of-supervisor-consultant-at-dr-ambedkar-national-museum-danm/
vacancies	https://www.dosje.gov.in/vacancies/short-term-internship-programme-at-daic-september-2025/
vacancies	https://www.dosje.gov.in/vacancies/vacancy-circular-for-various-posts-at-dr-ambedkar-international-centre-on-deputation-basis/
vacancies	https://www.dosje.gov.in/vacancies/short-term-internship-programme-at-daic-october-2025/
vacancies	https://www.dosje.gov.in/vacancies/short-term-internship-programme-at-daic-august-2025/
vacancies	https://www.dosje.gov.in/vacancies/short-term-internship-programme-at-dr-ambedkar-international-centre-15-janpath-new-delhi-110001/
vacancies	https://www.dosje.gov.in/vacancies/vacancy-circular-for-engagement-of-young-professional-on-contract-basis-walk-in-interview/
vacancies	https://www.dosje.gov.in/vacancies/vacancy-circular-for-various-posts-at-daic-on-deputation-basis/
vacancies	https://www.dosje.gov.in/vacancies/vacancy-circular-for-the-post-of-consultant-digital-media-on-contract-basis-at-daic-walk-in-interview-on-20-11-2024/
vacancies	https://www.dosje.gov.in/vacancies/extension-of-application-submission-date-for-financial-adviser-fa-post-at-daic/
vacancies	https://www.dosje.gov.in/vacancies/filling-up-of-the-posts-of-section-officeradmn-and-steno-grade-d-in-ncsk-on-deputation-basis/
vacancies	https://www.dosje.gov.in/vacancies/last-date-extended-to-05-05-2026-engagement-of-serving-retired-government-servants-qualified-professionals-in-ncsk-on-deputation-and-on-short-term-contract-basis-reg/
vacancies	https://www.dosje.gov.in/vacancies/date-further-extended-for-submission-of-application-for-the-post-of-financial-advisor-on-deputation-basis-at-daic/
vacancies	https://www.dosje.gov.in/vacancies/hiring-of-young-associate-young-professional-monitoring-and-evaluation-expert-in-nbcfdc/
vacancies	https://www.dosje.gov.in/vacancies/recruitment-of-consultanthr-in-nbcfdc-reg/
vacancies	https://www.dosje.gov.in/vacancies/recruitment-of-consultant-media-in-nbcfdc/
vacancies	https://www.dosje.gov.in/vacancies/recruitment-of-consultant/
vacancies	https://www.dosje.gov.in/vacancies/recruitment-of-a-part-time-consultant-marketing/
vacancies	https://www.dosje.gov.in/vacancies/hiring-of-a-junior-consultant-data-analytics-in-nbcfdc/
vacancies	https://www.dosje.gov.in/vacancies/recruitment-of-consultantsecretarial-in-nbcfdc/
vacancies	https://www.dosje.gov.in/vacancies/hiring-of-consultant-e-commerce-in-nbcfdc/
vacancies	https://www.dosje.gov.in/vacancies/engagement-of-retired-banking-personnel-as-consultant-banking-operations-on-contractual-basis-in-nbcfdc/
vacancies	https://www.dosje.gov.in/vacancies/recruitment-notification-for-deputy-general-manager-finance-e-5-level/
vacancies	https://www.dosje.gov.in/vacancies/filling-up-of-the-posts-of-under-secretary-private-secretary-assistants-research-assistants-senior-hindi-translator-steno-grade-d-and-ldc-in-national-commission-for-safai-karamc-2/
vacancies	https://www.dosje.gov.in/vacancies/engagement-of-consultants-against-one-post-of-consultant-assistant-in-ncsk-vacancy-circular-extension-of-last-date/
vacancies	https://www.dosje.gov.in/vacancies/engagement-of-consultants-against-one-post-of-consultant-assistant-in-ncsk-inbox/
vacancies	https://www.dosje.gov.in/vacancies/advertisement-for-preparation-of-panel-for-engagement-of-consultants-against-various-post-extension-of-last-date-of-receipt-if-applications/
vacancies	https://www.dosje.gov.in/vacancies/advertisement-for-filling-up-of-various-posts-in-deputation-basis-extension-of-last-date-of-receipt-of-applications/
vacancies	https://www.dosje.gov.in/vacancies/preparation-of-panel-for-engagement-of-consultants-against-the-posts-of-under-secretaryadmn-assistant-director-section-officer-ps-steno-gr-d-and-ldc-in-ncsk/
vacancies	https://www.dosje.gov.in/vacancies/filling-up-of-one-post-each-of-under-secretary-admn-assistant-director-and-section-officer-in-national-commission-for-safai-karamcharisncsk-new-delhi-on-deputation-basis/
vacancies	https://www.dosje.gov.in/vacancies/extension-of-last-date-of-receipt-of-applications-for-the-post-of-under-secretaryadmn-and-assistant-director-in-ncsk-on-deputation-basis/
vacancies	https://www.dosje.gov.in/vacancies/preparation-of-panel-for-engagement-of-consultants-for-the-posts-of-assistant-research-assistant-and-ldc-in-ncsk/
vacancies	https://www.dosje.gov.in/vacancies/filling-up-of-the-posts-of-under-secretaryadmn-and-assistant-director-in-national-commission-for-safai-karamcharis-ncsk-new-delhi-on-deputation-basis/
vacancies	https://www.dosje.gov.in/vacancies/filling-up-of-the-posts-of-section-officer-assistants-research-assistants-senior-hindi-translator-steno-grade-d-and-ldc-in-national-commission-for-safai-karamcharis-ncsk-new-de/
vacancies	https://www.dosje.gov.in/vacancies/walk-in-interviews-for-engagement-of-consultants-against-one-post-each-of-section-officer-assistant-and-sr-hindi-translator-in-ncsk/
vacancies	https://www.dosje.gov.in/vacancies/filling-up-the-post-of-deputy-director-rd-on-deputation-basis/
vacancies	https://www.dosje.gov.in/vacancies/filling-up-of-the-posts-of-under-secretary-admn-deputy-director-rdsection-officeradmnpanel-private-secretary-assistant-research-assistant-senior-hindi-translator-steno-grade/
vacancies	https://www.dosje.gov.in/vacancies/engagement-of-consultant-against-posts-of-deputy-director-rd-senior-hindi-translator-private-secretary-research-assistant-assistant-steno-grade-d-and-ldc-in-ncsk-new-delhi-r-2/
vacancies	https://www.dosje.gov.in/vacancies/engagement-of-consultant-against-post-of-under-secretaryadmin-in-ncsk-new-delhi-regarding-2/
vacancies	https://www.dosje.gov.in/vacancies/filling-up-of-the-posts-of-assistant-directorrdsection-officeradmn-assistant-research-assistant-senior-hindi-translator-steno-grade-d-and-ldc-in-ncsk-on-deputation-basis-2/
vacancies	https://www.dosje.gov.in/vacancies/filling-up-of-the-posts-of-under-secretary-admn-deputy-director-rd-private-secretary-in-ncsk-on-deputation-basis-2/
vacancies	https://www.dosje.gov.in/vacancies/filling-up-of-the-post-of-private-secretary-in-ncsk-on-deputation-basis-2/
vacancies	https://www.dosje.gov.in/vacancies/engagement-of-yong-professionals-consultants-in-national-commission-for-safai-karamcharis-ministry-of-social-justice-and-empowerment-regarding/
vacancies	https://www.dosje.gov.in/vacancies/engagement-of-consultant-against-post-of-private-secretary-in-ncsk-new-delhi-regarding/
vacancies	https://www.dosje.gov.in/vacancies/engagement-of-consultant-against-posts-of-under-secretaryadmin-assistant-steno-grade-d-and-ldc-in-ncsk-new-delhi-regarding/
vacancies	https://www.dosje.gov.in/vacancies/extension-of-last-date-for-engagement-of-consultants-and-preparation-of-a-panel-in-the-national-commission-for-safai-karamcharis-regarding/
vacancies	https://www.dosje.gov.in/vacancies/engagement-of-consultant-against-vacant-posts-of-under-secretaryadmin-steno-grade-d-and-ldc-preparation-of-panel-in-ncsk/
vacancies	https://www.dosje.gov.in/vacancies/filling-up-of-the-posts-of-under-secretary-admn-deputy-director-rdprivate-secretarysection-officeradmn-assistant-research-assistant-senior-hindi-translator-steno-grade-d/
vacancies	https://www.dosje.gov.in/vacancies/engagement-of-consultant-against-posts-of-under-secretaryadminprivate-secretary-assistant-and-ldc-in-ncsk-new-delhi-regarding/
vacancies	https://www.dosje.gov.in/vacancies/filling-up-of-the-posts-of-under-secretary-admn-deputy-director-rdprivate-secretary-assistant-research-assistant-senior-hindi-translator-steno-grade-d-and-ldc-in-national/
vacancies	https://www.dosje.gov.in/vacancies/national-commission-for-safai-karamcharis-invited-application-for-filling-up-of-one-post-of-under-secretary-administration-in-the-pay-level-11-of-7th-cpc-one-post-of-deputy-director-rd-in-the/
vacancies	https://www.dosje.gov.in/vacancies/the-national-commission-for-safai-karamcharis-new-delhi-invites-applications-to-fill-up-the-posts-of-under-secretary-01-deputy-director-01-private-secretary-01-assistant-02-research-assis/
vacancies	https://www.dosje.gov.in/vacancies/engagement-of-consultant-against-posts-of-under-secretaryadmin-and-assistant-in-ncsk-new-delhi-regarding/
vacancies	https://www.dosje.gov.in/vacancies/filling-up-of-the-posts-of-under-secretary-private-secretary-assistants-research-assistants-senior-hindi-translator-steno-grade-d-and-ldc-in-national-commission-for-safai-karamc/
vacancies	https://www.dosje.gov.in/vacancies/filling-up-of-the-post-of-deputy-director-rd-on-deputation-basis-in-national-commission-for-safai-karamcharis-ncsk/
vacancies	https://www.dosje.gov.in/vacancies/sales-executives-and-supervisors/
vacancies	https://www.dosje.gov.in/vacancies/senior-relationship-manager/
vacancies	https://www.dosje.gov.in/vacancies/telecalling-executive/
vacancies	https://www.dosje.gov.in/vacancies/team-leader-8/
vacancies	https://www.dosje.gov.in/vacancies/sales-executive-7/
vacancies	https://www.dosje.gov.in/vacancies/team-leader-7/
vacancies	https://www.dosje.gov.in/vacancies/sales-executive-6/
vacancies	https://www.dosje.gov.in/vacancies/car-driver-4/
vacancies	https://www.dosje.gov.in/vacancies/team-leader-6/
vacancies	https://www.dosje.gov.in/vacancies/car-driver-3/
vacancies	https://www.dosje.gov.in/vacancies/team-leader-5/
vacancies	https://www.dosje.gov.in/vacancies/sales-executive-5/
vacancies	https://www.dosje.gov.in/vacancies/car-driver-2/
vacancies	https://www.dosje.gov.in/vacancies/team-leader-4/
vacancies	https://www.dosje.gov.in/vacancies/sales-executive-4/
vacancies	https://www.dosje.gov.in/vacancies/team-leader-3/
vacancies	https://www.dosje.gov.in/vacancies/sales-executive-3/
vacancies	https://www.dosje.gov.in/vacancies/team-leader-2/
vacancies	https://www.dosje.gov.in/vacancies/sales-executive-2/
vacancies	https://www.dosje.gov.in/vacancies/team-leader/
vacancies	https://www.dosje.gov.in/vacancies/car-driver/
vacancies	https://www.dosje.gov.in/vacancies/sales-executive/
vacancies	https://www.dosje.gov.in/vacancies/travel-consultant-required-for-corporate-travel-management/
vacancies	https://www.dosje.gov.in/vacancies/seo-executive/
vacancies	https://www.dosje.gov.in/vacancies/extension-of-date-for-the-vacancy-of-je-electronic-electrical-at-daic/
vacancies	https://www.dosje.gov.in/vacancies/appointment-of-statutory-auditor-for-dr-ambedkar-international-centre-and-dr-ambedkar-foundation/
vacancies	https://www.dosje.gov.in/vacancies/walk-in-interview-for-the-posts-of-consultant-media-communication-associate-and-consultant-digital-media-at-daic-on-contract-basis/
vacancies	https://www.dosje.gov.in/vacancies/vacancy-for-library-and-documentation-officer-at-daic-on-deputation-basis/
vacancies	https://www.dosje.gov.in/vacancies/project-fellow-position-in-daic-in-house-funded-project/
vacancies	https://www.dosje.gov.in/vacancies/extension-of-last-date-of-submission-of-application-for-the-post-of-library-and-documentation-officer/
vacancies	https://www.dosje.gov.in/vacancies/vacancy-circular-for-the-post-of-dy-curator-and-conservator-at-daic-on-deputation-basis/
vacancies	https://www.dosje.gov.in/vacancies/daic-short-term-internship-programme-for-university-and-college-students/
vacancies	https://www.dosje.gov.in/vacancies/postponement-of-date-for-interview-for-the-in-house-funded-project-at-daic/
vacancies	https://www.dosje.gov.in/vacancies/extension-of-date-vacancy-circular-for-the-post-of-dy-curator-and-conservator-at-daic-on-deputation-basis/
vacancies	https://www.dosje.gov.in/vacancies/corrigendum-regarding-interview-for-in-house-funded-project-staff-senior-research-fellow-and-research-consultant/
vacancies	https://www.dosje.gov.in/vacancies/vacancy-circular-for-the-post-of-library-professional-at-daic-on-contract-basis/
vacancies	https://www.dosje.gov.in/vacancies/engagement-of-consultant-it-in-dr-ambedkar-foundation/
vacancies	https://www.dosje.gov.in/vacancies/filling-up-of-vacancies-in-consultant-accounts-in-the-dr-ambedkar-foundation/
vacancies	https://www.dosje.gov.in/vacancies/vacancy-of-consultant-it-in-dr-ambedkar-foundation/
vacancies	https://www.dosje.gov.in/vacancies/reschedule-of-walk-in-interview-of-consultant-it-in-daf-to-20-december-2024-2/
vacancies	https://www.dosje.gov.in/vacancies/reschedule-of-walk-in-interview-of-consultant-it-in-daf-to-17-january-2025-2/
vacancies	https://www.dosje.gov.in/vacancies/walk-in-interview-for-consultant-accounts-on-24-01-2025-in-daf-2/
vacancies	https://www.dosje.gov.in/vacancies/reschedule-of-walk-in-interview-for-the-post-of-consultant-accounts-in-dr-ambedkar-foundation-2/
vacancies	https://www.dosje.gov.in/vacancies/applications-are-invited-for-the-post-of-consultant-schemes-in-dr-ambedkar-foundation/
vacancies	https://www.dosje.gov.in/vacancies/applications-are-invited-for-the-post-of-consultant-accounts-in-dr-ambedkar-foundation/
vacancies	https://www.dosje.gov.in/vacancies/reschedule-of-walk-in-interview-of-consultant-it-in-daf-to-20-december-2024/
vacancies	https://www.dosje.gov.in/vacancies/reschedule-of-walk-in-interview-of-consultant-it-in-daf-to-17-january-2025/
vacancies	https://www.dosje.gov.in/vacancies/short-term-internship-programme-at-dr-ambedkar-international-centre-15-janpath-new-delhi-110001-2/
vacancies	https://www.dosje.gov.in/vacancies/walk-in-interview-for-consultant-accounts-on-24-01-2025-in-daf/
vacancies	https://www.dosje.gov.in/vacancies/reschedule-of-walk-in-interview-for-the-post-of-consultant-accounts-in-dr-ambedkar-foundation/
vacancies	https://www.dosje.gov.in/vacancies/vacancies-for-various-posts-at-daic-on-deputation-basis/
vacancies	https://www.dosje.gov.in/vacancies/walk-in-interview-for-the-engagement-of-young-professional-contract-basis/
vacancies	https://www.dosje.gov.in/vacancies/walk-in-interview-for-the-engagement-of-research-associate-contract-basis/
vacancies	https://www.dosje.gov.in/vacancies/dr-ambedkar-foundation-is-inviting-the-application-for-the-appointment-of-consultant-accounts/
vacancies	https://www.dosje.gov.in/vacancies/dr-ambedkar-foundation-is-inviting-the-application-for-the-appointment-of-consultant-schemes/
vacancies	https://www.dosje.gov.in/vacancies/engagement-of-supervisor-consultant-on-contract-basis/
vacancies	https://www.dosje.gov.in/vacancies/vacancy-circualr-financial-advisor-daic-on-deputation/
vacancies	https://www.dosje.gov.in/vacancies/vacancy-circular-for-various-posts-at-dr-ambedkar-international-centre-on-deputation-basis-2/
vacancies	https://www.dosje.gov.in/vacancies/corrigendum-date-extended-for-submission-of-application-for-the-post-of-financial-adviser-on-deputation-basis-at-daic/
vacancies	https://www.dosje.gov.in/vacancies/filling-up-the-post-of-deputy-director-admn-plg-in-nisd-on-deputation-basis-reg/
vacancies	https://www.dosje.gov.in/vacancies/programme-monitoring-unit-pmu-for-ministry-of-social-justice-and-empowerment-government-of-india/
vacancies	https://www.dosje.gov.in/vacancies/filling-up-of-the-post-of-private-secretary-in-ncsk-on-deputation-basis/
vacancies	https://www.dosje.gov.in/vacancies/filling-up-of-the-posts-of-under-secretary-admn-deputy-director-rd-private-secretary-in-ncsk-on-deputation-basis/
vacancies	https://www.dosje.gov.in/vacancies/filling-up-of-the-posts-of-assistant-directorrdsection-officeradmn-assistant-research-assistant-senior-hindi-translator-steno-grade-d-and-ldc-in-ncsk-on-deputation-basis/
vacancies	https://www.dosje.gov.in/vacancies/engagement-of-consultant-against-post-of-under-secretaryadmin-in-ncsk-new-delhi-regarding/
vacancies	https://www.dosje.gov.in/vacancies/engagement-of-consultant-against-posts-of-deputy-director-rd-senior-hindi-translator-private-secretary-research-assistant-assistant-steno-grade-d-and-ldc-in-ncsk-new-delhi-r/
vacancies	https://www.dosje.gov.in/vacancies/filling-up-the-post-of-deputy-director-admn-plg-on-deputation-basis-in-national-institute-of-social-defence-new-delhi-under-ministry-of-social-justice-empowerment-government-of-india/
vacancies	https://www.dosje.gov.in/vacancies/recruitment-of-programme-monitoring-unit-pmu-for-ministry-of-social-justice-and-empowerment-government-of-india/
vacancies	https://www.dosje.gov.in/vacancies/advertisement-recruitment-of-pmus-2/
vacancies	https://www.dosje.gov.in/vacancies/filling-up-of-posts-on-deputation-basis/
vacancies	https://www.dosje.gov.in/vacancies/vacancy-circular-for-the-post-of-director-nisd/
vacancies	https://www.dosje.gov.in/vacancies/advertisement-recruitment-of-pmus/
vacancies	https://www.dosje.gov.in/vacancies/filling-up-the-post-of-deputy-director-trg-through-transfer-and-deputation-basis/
vacancies	https://www.dosje.gov.in/vacancies/filling-up-contractual-temporary-short-term-assignment-vacancy/
vacancies	https://www.dosje.gov.in/vacancies/engagement-of-consultants-on-contractual-basis/
vacancies	https://www.dosje.gov.in/vacancies/engagement-of-mission-manager-on-contract-basis/
vacancies	https://www.dosje.gov.in/vacancies/filling-up-the-post-of-junior-research-officer-technical-assistant-stenographer-grade-iii-in-national-institute-of-social-defence-nisd-on-deputation-absorption-basis/
vacancies	https://www.dosje.gov.in/vacancies/filling-up-the-post-of-junior-research-officer-technical-assistant-stenographer-grade-iii-in-national-institute-of-social-defence-nisd-on-deputation-basis/
vacancies	https://www.dosje.gov.in/vacancies/filling-up-the-post-of-deputy-director-trg-on-deputation-basis-in-national-institute-of-social-defence-new-delhi-under-ministry-of-social-justice-empowerment-government-of-india/
vacancies	https://www.dosje.gov.in/vacancies/recruitment/
